ZIP Code,Locale,State,Zone
01001,AGAWAM,MA,2
01002,AMHERST,MA,2
01004,AMHERST,MA,2
01005,BARRE,MA,2
01007,BELCHERTOWN,MA,2
01008,BLANDFORD,MA,2
01009,BONDSVILLE,MA,2
01010,BRIMFIELD,MA,2
01011,CHESTER,MA,2
01012,CHESTERFIELD,MA,2
01013,CHICOPEE,MA,2
01014,CHICOPEE CENTER,MA,2
01020,CHICOPEE,MA,2
01021,CHICOPEE,MA,2
01022,CHICOPEE,MA,2
01026,CUMMINGTON,MA,2
01027,EASTHAMPTON,MA,2
01028,EAST LONGMEADOW,MA,2
01029,EAST OTIS,MA,2
01030,AGAWAM,MA,2
01031,GILBERTVILLE,MA,2
01032,GOSHEN,MA,2
01033,GRANBY,MA,2
01034,GRANVILLE,MA,2
01035,AMHERST,MA,2
01036,HAMPDEN,MA,2
01037,HARDWICK,MA,2
01038,HATFIELD,MA,2
01039,HAYDENVILLE,MA,2
01040,HOLYOKE,MA,2
01041,HOLYOKE,MA,2
01050,HUNTINGTON,MA,2
01053,LEEDS,MA,2
01054,LEVERETT,MA,2
01056,LUDLOW,MA,2
01057,MONSON,MA,2
01059,NORTH AMHERST,MA,2
01060,NORTHAMPTON,MA,2
01061,NORTHAMPTON,MA,2
01062,EASTHAMPTON,MA,2
01066,NORTH HATFIELD,MA,2
01068,OAKHAM,MA,2
01069,PALMER,MA,2
01070,CUMMINGTON,MA,2
01071,RUSSELL,MA,2
01072,AMHERST,MA,2
01073,SOUTHAMPTON,MA,2
01074,SOUTH BARRE,MA,2
01075,SOUTH HADLEY,MA,2
01077,SOUTHWICK,MA,2
01079,THORNDIKE,MA,2
01080,PALMER,MA,2
01081,WALES,MA,2
01082,WARE,MA,2
01083,WARREN,MA,2
01084,CHESTERFIELD,MA,2
01085,WESTFIELD,MA,2
01086,WESTFIELD,MA,2
01089,AGAWAM,MA,2
01090,WEST SPRINGFIELD,MA,2
01092,WEST WARREN,MA,2
01093,WHATELY,MA,2
01094,WHEELWRIGHT,MA,2
01095,WILBRAHAM,MA,2
01096,WILLIAMSBURG,MA,2
01097,WORONOCO NPU,MA,2
01098,WORTHINGTON,MA,2
01101,SPRINGFIELD MA S&DC,MA,2
01102,SPRINGFIELD MA S&DC,MA,2
01103,COLONIAL STATION,MA,2
01104,SPRINGFIELD MA S&DC,MA,2
01105,SPRINGFIELD MA S&DC,MA,2
01106,EAST LONGMEADOW,MA,2
01107,BRIGHTWOOD,MA,2
01108,FOREST PARK,MA,2
01109,SPRINGFIELD MA S&DC,MA,2
01115,TOWER SQUARE,MA,2
01116,LONGMEADOW,MA,2
01118,EAST LONGMEADOW,MA,2
01119,SPRINGFIELD MA S&DC,MA,2
01128,EAST LONGMEADOW,MA,2
01129,SPRINGFIELD MA S&DC,MA,2
01138,FOREST PARK,MA,2
01139,MASON SQUARE,MA,2
01151,INDIAN ORCHARD,MA,2
01201,PITTSFIELD,MA,2
01202,PITTSFIELD,MA,2
01220,ADAMS,MA,2
01222,ASHLEY FALLS,MA,2
01223,BECKET,MA,2
01224,LANESBOROUGH,MA,2
01225,CHESHIRE,MA,2
01226,PITTSFIELD,MA,2
01227,DALTON,MA,2
01229,STOCKBRIDGE,MA,2
01230,GREAT BARRINGTON,MA,2
01235,HINSDALE,MA,2
01236,HOUSATONIC,MA,2
01237,HANCOCK,MA,2
01238,LEE,MA,2
01240,LENOX,MA,2
01242,LENOX DALE,MA,2
01243,MIDDLEFIELD,MA,2
01244,SOUTHFIELD,MA,2
01245,MONTEREY,MA,2
01247,NORTH ADAMS,MA,2
01253,OTIS,MA,2
01254,RICHMOND,MA,2
01255,OTIS,MA,2
01257,SHEFFIELD,MA,2
01258,SOUTH EGREMONT,MA,2
01259,SOUTHFIELD,MA,2
01260,SOUTH LEE,MA,2
01262,STOCKBRIDGE,MA,2
01264,LEE,MA,2
01266,WEST STOCKBRIDGE,MA,2
01267,WILLIAMSTOWN,MA,2
01270,DALTON,MA,2
01301,GREENFIELD ANNEX,MA,2
01302,GREENFIELD,MA,2
01330,ASHFIELD,MA,2
01331,ATHOL,MA,2
01337,BERNARDSTON,MA,2
01338,BUCKLAND,MA,2
01339,CHARLEMONT,MA,2
01340,COLRAIN,MA,2
01341,CONWAY,MA,2
01342,DEERFIELD,MA,2
01344,ERVING,MA,2
01346,HEATH,MA,2
01347,LAKE PLEASANT,MA,2
01349,ERVING,MA,2
01351,MONTAGUE,MA,2
01354,TURNERS FALLS,MA,2
01355,NEW SALEM,MA,2
01360,NORTHFIELD,MA,2
01364,ORANGE,MA,2
01366,ATHOL,MA,2
01367,CHARLEMONT,MA,2
01368,ATHOL,MA,2
01370,SHELBURNE FALLS,MA,2
01373,SOUTH DEERFIELD,MA,2
01375,SOUTH DEERFIELD,MA,2
01376,TURNERS FALLS,MA,2
01379,WENDELL,MA,2
01420,FITCHBURG,MA,2
01430,ASHBURNHAM,MA,2
01431,ASHBY,MA,2
01432,AYER,MA,2
01434,AYER,MA,2
01436,BALDWINVILLE,MA,2
01438,EAST TEMPLETON,MA,2
01440,GARDNER,MA,2
01450,GROTON,MA,2
01451,HARVARD,MA,2
01452,HUBBARDSTON,MA,2
01453,LEOMINSTER,MA,2
01460,LITTLETON,MA,2
01462,LUNENBURG,MA,2
01463,PEPPERELL,MA,2
01464,SHIRLEY,MA,2
01467,HARVARD,MA,2
01468,TEMPLETON,MA,2
01469,TOWNSEND,MA,2
01472,WEST GROTON,MA,2
01473,WESTMINSTER,MA,2
01474,TOWNSEND,MA,2
01475,WINCHENDON,MA,2
01501,AUBURN,MA,2
01503,BERLIN,MA,2
01504,BLACKSTONE,MA,2
01505,BOYLSTON,MA,2
01506,BROOKFIELD,MA,2
01507,CHARLTON,MA,2
01508,CHARLTON CITY,MA,2
01509,CHARLTON,MA,2
01510,CLINTON,MA,2
01515,EAST BROOKFIELD,MA,2
01516,DOUGLAS,MA,2
01518,FISKDALE,MA,2
01519,GRAFTON,MA,2
01520,HOLDEN,MA,2
01521,FISKDALE,MA,2
01522,JEFFERSON,MA,2
01523,LANCASTER,MA,2
01524,LEICESTER,MA,2
01525,LINWOOD,MA,2
01526,MANCHAUG,MA,2
01527,MILLBURY,MA,2
01529,MILLVILLE,MA,2
01531,NEW BRAINTREE,MA,2
01532,NORTHBOROUGH,MA,2
01534,NORTHBRIDGE,MA,2
01535,NORTH BROOKFIELD,MA,2
01536,NORTH GRAFTON,MA,2
01537,NORTH OXFORD,MA,2
01538,NORTH UXBRIDGE,MA,2
01540,OXFORD,MA,2
01541,PRINCETON,MA,2
01542,ROCHDALE,MA,2
01543,RUTLAND,MA,2
01545,SHREWSBURY,MA,2
01550,SOUTHBRIDGE,MA,2
01560,SOUTH GRAFTON,MA,2
01561,SOUTH LANCASTER,MA,2
01562,SPENCER,MA,2
01564,STERLING,MA,2
01566,STURBRIDGE,MA,2
01568,UPTON,MA,2
01569,UXBRIDGE,MA,2
01570,WEBSTER,MA,2
01571,DUDLEY,MA,2
01581,WESTBOROUGH,MA,2
01583,WEST BOYLSTON,MA,2
01585,WEST BROOKFIELD,MA,2
01586,MILLBURY,MA,2
01588,WHITINSVILLE,MA,2
01590,SUTTON,MA,2
01602,WEST SIDE,MA,2
01603,WEBSTER SQUARE,MA,2
01604,WORCESTER,MA,2
01605,LINCOLN MALL,MA,2
01606,GREENDALE,MA,2
01607,QUINSIGAMOND VILLAGE,MA,2
01608,WORCESTER,MA,2
01609,WORCESTER,MA,2
01610,WORCESTER,MA,2
01611,WORCESTER,MA,2
01612,CPU PAXTON,MA,2
01613,WORCESTER,MA,2
01615,WORCESTER,MA,2
01701,FRAMINGHAM,MA,2
01702,FRAMINGHAM,MA,2
01703,FRAMINGHAM CENTER,MA,2
01704,FRAMINGHAM SOUTH,MA,2
01705,SAXONVILLE,MA,2
01718,ACTON,MA,2
01719,ACTON,MA,2
01720,ACTON,MA,2
01721,ASHLAND,MA,2
01730,BEDFORD,MA,2
01731,BURLINGTON,MA,2
01740,BOLTON,MA,2
01741,CARLISLE,MA,2
01742,CONCORD,MA,2
01745,FAYVILLE,MA,2
01746,HOLLISTON,MA,2
01747,HOPEDALE,MA,2
01748,HOPKINTON,MA,2
01749,HUDSON,MA,2
01752,MARLBOROUGH,MA,2
01754,MAYNARD,MA,2
01756,MENDON,MA,2
01757,MILFORD,MA,2
01760,FRAMINGHAM,MA,2
01770,SHERBORN,MA,2
01772,SOUTHBOROUGH,MA,2
01773,LINCOLN,MA,2
01775,STOW,MA,2
01776,SUDBURY,MA,2
01778,COCHITUATE,MA,2
01784,WOODVILLE,MA,2
01801,WOBURN CENTER,MA,2
01803,BURLINGTON,MA,2
01810,ANDOVER,MA,2
01821,BILLERICA,MA,2
01822,BILLERICA,MA,2
01824,BILLERICA DDC,MA,2
01826,DRACUT,MA,2
01827,DUNSTABLE,MA,2
01830,BRADFORD,MA,2
01831,HAVERHILL,MA,2
01832,BRADFORD,MA,2
01833,GEORGETOWN,MA,2
01834,GEORGETOWN,MA,2
01835,BRADFORD,MA,2
01840,LAWRENCE,MA,2
01841,LAWRENCE,MA,2
01842,LAWRENCE,MA,2
01843,LAWRENCE,MA,2
01844,CPU HOWE STREET SUPERETTE,MA,2
01845,LAWRENCE,MA,2
01850,DRACUT,MA,2
01851,HIGHLANDS,MA,2
01852,BILLERICA DDC,MA,2
01853,LOWELL,MA,2
01854,LOWELL,MA,2
01860,MERRIMAC,MA,2
01862,BILLERICA DDC,MA,2
01863,NORTH CHELMSFORD,MA,2
01864,NORTH READING,MA,2
01865,NUTTING LAKE,MA,2
01866,PINEHURST,MA,2
01867,READING,MA,2
01876,TEWKSBURY,MA,2
01879,TYNGSBORO,MA,2
01880,GREENWOOD,MA,2
01885,WEST BOXFORD,MA,2
01886,FORGE VILLAGE,MA,2
01887,WILMINGTON,MA,2
01888,WOBURN MA S&DC,MA,2
01890,WINCHESTER,MA,2
01901,LYNN,MA,2
01902,LYNN,MA,2
01903,LYNN,MA,2
01904,EAST LYNN,MA,2
01905,LYNN,MA,2
01906,SAUGUS,MA,2
01907,SWAMPSCOTT,MA,2
01908,LYNN,MA,2
01913,AMESBURY,MA,2
01915,BEVERLY,MA,2
01921,BOXFORD,MA,2
01922,BYFIELD,MA,2
01923,DANVERS,MA,2
01929,ESSEX,MA,2
01930,GLOUCESTER,MA,2
01931,GLOUCESTER,MA,2
01936,HAMILTON,MA,2
01937,HATHORNE,MA,2
01938,IPSWICH,MA,2
01940,LYNNFIELD,MA,2
01944,MANCHESTER,MA,2
01945,MARBLEHEAD,MA,2
01949,MIDDLETON,MA,2
01950,NEWBURYPORT,MA,2
01951,NEWBURYPORT CARRIER ANNEX,MA,2
01952,NEWBURYPORT CARRIER ANNEX,MA,2
01960,PEABODY,MA,2
01961,PEABODY,MA,2
01965,PRIDES CROSSING,MA,2
01966,PIGEON COVE,MA,2
01969,ROWLEY,MA,2
01970,SALEM,MA,2
01971,EAST INDIA SQUARE MALL,MA,2
01982,SOUTH HAMILTON,MA,2
01983,TOPSFIELD,MA,2
01984,SOUTH HAMILTON,MA,2
01985,WEST NEWBURY,MA,2
02018,ACCORD,MA,2
02019,BELLINGHAM,MA,2
02020,OCEAN BLUFF,MA,2
02021,CANTON,MA,2
02025,COHASSET,MA,2
02026,DEDHAM,MA,2
02027,DEDHAM,MA,2
02030,DOVER,MA,2
02032,EAST WALPOLE,MA,2
02035,FOXBORO,MA,2
02038,FRANKLIN,MA,2
02040,GREENBUSH,MA,2
02041,GREEN HARBOR,MA,2
02043,HINGHAM,MA,2
02045,ALLERTON,MA,2
02047,HUMAROCK,MA,2
02048,MANSFIELD,MA,2
02050,MARSHFIELD,MA,2
02051,MARSHFIELD HILLS,MA,2
02052,MEDFIELD,MA,2
02053,MEDWAY CARRIERS,MA,2
02054,MILLIS,MA,2
02055,NORTH SCITUATE,MA,2
02056,MILLIS,MA,2
02059,NORTH MARSHFIELD,MA,2
02060,NORTH SCITUATE,MA,2
02061,NORWELL,MA,2
02062,NORWOOD,MA,2
02065,OCEAN BLUFF,MA,2
02066,SCITUATE,MA,2
02067,SHARON,MA,2
02070,WRENTHAM,MA,2
02071,SOUTH WALPOLE,MA,2
02072,STOUGHTON,MA,2
02081,FOXBORO,MA,2
02090,ISLINGTON,MA,2
02093,WRENTHAM,MA,2
02108,JOHN FITZGERALD KENNEDY,MA,2
02109,FORT POINT,MA,2
02110,FORT POINT,MA,2
02111,FORT POINT,MA,2
02112,LAFAYETTE,MA,2
02113,HANOVER STREET,MA,2
02114,CHARLES STREET,MA,2
02115,FENWAY CARRIER ANNEX,MA,2
02116,BACK BAY,MA,2
02117,BACK BAY,MA,2
02118,CATHEDRAL,MA,2
02119,ROXBURY,MA,2
02120,MISSION HILL,MA,2
02121,GROVE HALL,MA,2
02122,FIELDS CORNER,MA,2
02123,ASTOR,MA,2
02124,CODMAN SQUARE,MA,2
02125,ROXBURY,MA,2
02126,MATTAPAN,MA,2
02127,SOUTH BOSTON,MA,2
02128,CHELSEA CARRIER ANNEX,MA,2
02129,CHARLESTOWN,MA,2
02130,JAMAICA PLAIN,MA,2
02131,ROSLINDALE,MA,2
02132,WEST ROXBURY,MA,2
02133,STATE HOUSE,MA,2
02134,ALLSTON CARRIER SECTION,MA,2
02135,BRIGHTON,MA,2
02136,HYDE PARK,MA,2
02137,READVILLE,MA,2
02138,PORTER SQUARE CARRIER ANNEX,MA,2
02139,CAMBRIDGE,MA,2
02140,PORTER SQUARE,MA,2
02141,CAMBRIDGE,MA,2
02142,CAMBRIDGE,MA,2
02143,CHELSEA CARRIER ANNEX,MA,2
02144,CHELSEA CARRIER ANNEX,MA,2
02145,CHELSEA CARRIER ANNEX,MA,2
02148,MALDEN,MA,2
02149,CHELSEA CARRIER ANNEX,MA,2
02150,CHELSEA,MA,2
02151,REVERE,MA,2
02152,CHELSEA CARRIER ANNEX,MA,2
02153,TUFTS UNIVERSITY,MA,2
02155,MEDFORD,MA,2
02156,WEST MEDFORD,MA,2
02163,CAMBRIDGE,MA,2
02169,QUINCY,MA,2
02170,WOLLASTON,MA,2
02171,NORTH QUINCY,MA,2
02176,MELROSE,MA,2
02180,STONEHAM,MA,2
02184,BOSTON MA S&DC,MA,2
02185,BRAINTREE,MA,2
02186,MILTON,MA,2
02187,MILTON VILLAGE,MA,2
02188,BOSTON MA S&DC,MA,2
02189,BOSTON MA S&DC,MA,2
02190,BOSTON MA S&DC,MA,2
02191,BOSTON MA S&DC,MA,2
02196,MILK STREET,MA,2
02199,PRUDENTIAL CENTER,MA,2
02203,JOHN FITZGERALD KENNEDY,MA,2
02205,FORT POINT,MA,2
02210,FORT POINT,MA,2
02215,KENMORE,MA,2
02222,JOHN FITZGERALD KENNEDY,MA,2
02238,HARVARD SQUARE,MA,2
02269,QUINCY,MA,2
02283,FORT POINT,MA,2
02284,FORT POINT,MA,2
02298,FORT POINT,MA,2
02301,BROCKTON MA SDC,MA,2
02302,BROCKTON MA SDC,MA,2
02303,BROCKTON MA SDC,MA,2
02304,CAMPELLO,MA,2
02305,MONTELLO,MA,2
02322,AVON,MA,2
02324,BRIDGEWATER,MA,2
02327,BRYANTVILLE,MA,2
02330,CARVER,MA,2
02331,DUXBURY,MA,2
02332,DUXBURY,MA,2
02333,EAST BRIDGEWATER,MA,2
02334,EASTON,MA,2
02337,ELMWOOD,MA,2
02338,HALIFAX,MA,2
02339,HANOVER,MA,2
02341,HANSON,MA,2
02343,HOLBROOK,MA,2
02345,MANOMET,MA,2
02346,LAKEVILLE CARRIERS,MA,2
02347,LAKEVILLE,MA,2
02350,MONPONSETT,MA,2
02351,ABINGTON,MA,2
02355,NORTH CARVER,MA,2
02356,NORTH EASTON,MA,2
02358,NORTH PEMBROKE,MA,2
02359,PEMBROKE,MA,2
02360,PLYMOUTH ANNEX,MA,2
02361,CENTER,MA,2
02362,NORTH PLYMOUTH,MA,2
02364,KINGSTON,MA,2
02366,SOUTH CARVER,MA,2
02367,CARVER,MA,2
02368,RANDOLPH,MA,2
02370,ROCKLAND,MA,2
02375,SOUTH EASTON,MA,2
02379,EAST BRIDGEWATER,MA,2
02381,WHITE HORSE BEACH,MA,2
02382,WHITMAN,MA,2
02420,LEXINGTON,MA,2
02421,LEXINGTON,MA,2
02445,BROOKLINE,MA,2
02446,BROOKLINE,MA,2
02447,BROOKLINE VILLAGE,MA,2
02451,WALTHAM CARRIER ANNEX,MA,2
02452,WALTHAM CARRIER ANNEX,MA,2
02453,WALTHAM CARRIER ANNEX,MA,2
02454,WALTHAM,MA,2
02455,NORTH WALTHAM,MA,2
02456,NEW TOWN,MA,2
02457,BABSON PARK,MA,2
02458,NEWTONVILLE,MA,2
02459,NEWTON CENTER,MA,2
02460,NEWTONVILLE,MA,2
02461,NEWTON HIGHLANDS,MA,2
02462,NEWTON LOWER FALLS,MA,2
02464,NEWTON CENTER CARRIER ANNEX,MA,2
02465,WEST NEWTON,MA,2
02466,AUBURNDALE,MA,2
02467,CHESTNUT HILL,MA,2
02468,WABAN,MA,2
02471,NEW TOWN,MA,2
02472,WATERTOWN ANNEX,MA,2
02474,ARLINGTON,MA,2
02475,ARLINGTON,MA,2
02476,ARLINGTON,MA,2
02478,BELMONT,MA,2
02479,WAVERLEY,MA,2
02481,WELLESLEY HILLS,MA,2
02482,WELLESLEY,MA,2
02492,NEEDHAM,MA,2
02493,WESTON,MA,2
02494,NEEDHAM,MA,2
02495,NONANTUM,MA,2
02532,BOURNE,MA,2
02534,CATAUMET,MA,2
02535,CHILMARK,MA,2
02536,EAST FALMOUTH,MA,2
02537,EAST SANDWICH,MA,2
02538,EAST WAREHAM,MA,2
02539,EDGARTOWN,MA,2
02540,FALMOUTH,MA,2
02541,FALMOUTH,MA,2
02542,BUZZARDS BAY,MA,2
02543,FALMOUTH,MA,2
02552,CHILMARK,MA,2
02553,MONUMENT BEACH,MA,2
02554,NANTUCKET,MA,2
02556,NORTH FALMOUTH,MA,2
02557,OAK BLUFFS,MA,2
02558,ONSET,MA,2
02559,POCASSET,MA,2
02561,SAGAMORE,MA,2
02562,SAGAMORE BEACH,MA,2
02563,SANDWICH,MA,2
02564,SIASCONSET,MA,2
02568,VINEYARD HAVEN,MA,2
02571,WAREHAM,MA,2
02574,WEST FALMOUTH,MA,2
02575,WEST TISBURY,MA,2
02576,WEST WAREHAM,MA,2
02584,NANTUCKET STATION 1,MA,2
02601,HYANNIS,MA,2
02630,BARNSTABLE,MA,2
02631,BREWSTER,MA,2
02632,CENTERVILLE,MA,2
02633,CHATHAM,MA,2
02634,CENTERVILLE,MA,2
02635,COTUIT,MA,2
02637,CUMMAQUID,MA,2
02638,DENNIS,MA,2
02639,DENNIS PORT,MA,2
02641,EAST DENNIS,MA,2
02642,EASTHAM,MA,2
02643,EAST ORLEANS,MA,2
02644,FORESTDALE,MA,2
02645,HARWICH,MA,2
02646,HARWICH PORT,MA,2
02647,HYANNIS PORT,MA,2
02648,MARSTONS MILLS,MA,2
02649,MASHPEE,MA,2
02650,NORTH CHATHAM,MA,2
02651,NORTH EASTHAM,MA,2
02652,NORTH TRURO,MA,2
02653,ORLEANS,MA,2
02655,OSTERVILLE,MA,2
02657,PROVINCETOWN,MA,2
02659,SOUTH CHATHAM,MA,2
02660,SOUTH DENNIS,MA,2
02661,SOUTH HARWICH,MA,2
02662,SOUTH ORLEANS,MA,2
02663,SOUTH WELLFLEET,MA,2
02664,SOUTH YARMOUTH,MA,2
02666,TRURO,MA,2
02667,WELLFLEET,MA,2
02668,WEST BARNSTABLE,MA,2
02669,WEST CHATHAM,MA,2
02670,WEST DENNIS,MA,2
02671,WEST HARWICH,MA,2
02672,WEST HYANNISPORT,MA,2
02673,SOUTH YARMOUTH,MA,2
02675,SOUTH YARMOUTH,MA,2
02702,ASSONET,MA,2
02703,ATTLEBORO,MA,2
02712,CHARTLEY,MA,2
02713,CUTTYHUNK,MA,2
02715,DIGHTON,MA,2
02717,EAST FREETOWN,MA,2
02718,EAST TAUNTON,MA,2
02719,FAIRHAVEN,MA,2
02720,HIGHLAND,MA,2
02721,FALL RIVER,MA,2
02722,FALL RIVER,MA,2
02723,FALL RIVER,MA,2
02724,SOUTH,MA,2
02725,SOMERSET,MA,2
02726,SOMERSET,MA,2
02738,MARION,MA,2
02739,MATTAPOISETT,MA,2
02740,NEW BEDFORD,MA,2
02741,NEW BEDFORD,MA,2
02742,NEW BEDFORD,MA,2
02743,ACUSHNET,MA,2
02744,NEW BEDFORD,MA,2
02745,MOUNT PLEASANT,MA,2
02746,MOUNT PLEASANT,MA,2
02747,NORTH DARTMOUTH,MA,2
02748,SOUTH DARTMOUTH,MA,2
02760,ATTLEBORO FALLS,MA,2
02761,NORTH ATTLEBORO,MA,2
02762,NORTH ATTLEBORO,MA,2
02763,ATTLEBORO FALLS,MA,2
02764,NORTH DIGHTON,MA,2
02766,NORTON,MA,2
02767,RAYNHAM,MA,2
02768,RAYNHAM CENTER,MA,2
02769,REHOBOTH,MA,2
02770,ROCHESTER,MA,2
02771,SEEKONK,MA,2
02777,SWANSEA,MA,2
02779,TAUNTON,MA,2
02780,TAUNTON,MA,2
02790,CENTRAL VILLAGE,MA,2
02791,WESTPORT POINT,MA,2
02801,ADAMSVILLE,RI,2
02802,ALBION,RI,2
02804,ASHAWAY,RI,2
02806,BARRINGTON,RI,2
02807,BLOCK ISLAND,RI,2
02808,BRADFORD,RI,2
02809,BRISTOL,RI,2
02812,CAROLINA,RI,2
02813,CHARLESTOWN,RI,2
02814,CHEPACHET,RI,2
02816,COVENTRY,RI,2
02817,COVENTRY,RI,2
02818,EAST GREENWICH,RI,2
02822,EXETER,RI,2
02823,FISKEVILLE,RI,2
02824,FORESTDALE,RI,2
02825,FOSTER,RI,2
02826,GLENDALE,RI,2
02827,COVENTRY,RI,2
02828,GREENVILLE,RI,2
02829,HARMONY,RI,2
02830,HARRISVILLE,RI,2
02831,HOPE,RI,2
02832,HOPE VALLEY,RI,2
02833,HOPKINTON,RI,2
02835,JAMESTOWN,RI,2
02837,LITTLE COMPTON,RI,2
02838,MANVILLE,RI,2
02839,HARRISVILLE,RI,2
02840,BROADWAY,RI,2
02841,NETC STATION,RI,2
02842,MIDDLETOWN,RI,2
02852,NORTH KINGSTOWN,RI,2
02857,NORTH SCITUATE,RI,2
02859,PASCOAG,RI,2
02860,PAWTUCKET,RI,2
02861,DARLINGTON,RI,2
02862,PAWTUCKET,RI,2
02863,CENTRAL FALLS,RI,2
02864,CUMBERLAND,RI,2
02865,CUMBERLAND,RI,2
02871,PORTSMOUTH,RI,2
02872,PRUDENCE ISLAND,RI,2
02873,ROCKVILLE,RI,2
02874,NORTH KINGSTOWN,RI,2
02875,SHANNOCK,RI,2
02876,SLATERSVILLE,RI,2
02877,EXETER,RI,2
02878,TIVERTON,RI,2
02879,WAKEFIELD,RI,2
02880,WAKEFIELD,RI,2
02881,KINGSTON,RI,2
02882,NARRAGANSETT,RI,2
02883,WAKEFIELD,RI,2
02885,WARREN,RI,2
02886,WARWICK RI SDC,RI,2
02887,APPONAUG,RI,2
02888,PILGRIM,RI,2
02889,CONIMICUT,RI,2
02891,HIGH ST,RI,2
02892,WEST KINGSTON,RI,2
02893,WEST WARWICK,RI,2
02894,HOPE VALLEY,RI,2
02895,WALNUT HILL,RI,2
02896,WOONSOCKET,RI,2
02898,WYOMING,RI,2
02901,ANNEX FINANCE,RI,2
02903,CORLISS PARK STATION,RI,2
02904,CORLISS PARK STATION,RI,2
02905,ELMWOOD,RI,2
02906,CORLISS PARK STATION,RI,2
02907,ELMWOOD,RI,2
02908,CORLISS PARK STATION,RI,2
02909,OLNEYVILLE,RI,2
02910,CRANSTON,RI,2
02911,CENTREDALE,RI,2
02914,EAST PROVIDENCE FINANCE UNIT,RI,2
02915,RIVERSIDE,RI,2
02916,RUMFORD,RI,2
02917,SMITHFIELD,RI,2
02919,JOHNSTON,RI,2
02920,GARDEN CITY,RI,2
02921,JOHNSTON,RI,2
02940,PROVIDENCE,RI,2
03031,AMHERST,NH,2
03032,AUBURN,NH,2
03033,BROOKLINE,NH,2
03034,CANDIA,NH,2
03036,CHESTER,NH,2
03037,DEERFIELD,NH,2
03038,DERRY,NH,2
03040,CANDIA,NH,2
03041,EAST DERRY,NH,2
03042,EPPING,NH,2
03043,FRANCESTOWN,NH,2
03044,FREMONT,NH,2
03045,GOFFSTOWN,NH,2
03046,GOFFSTOWN,NH,2
03047,GREENFIELD,NH,2
03048,GREENVILLE,NH,2
03049,HOLLIS,NH,2
03051,HUDSON,NH,2
03052,HUDSON,NH,2
03053,LONDONDERRY,NH,2
03054,MERRIMACK,NH,2
03055,MILFORD,NH,2
03057,MILFORD ANNEX,NH,2
03060,NASHUA,NH,2
03061,NASHUA,NH,2
03062,HUDSON,NH,2
03063,NASHUA,NH,2
03064,NASHUA,NH,2
03070,NEW BOSTON,NH,2
03071,NEW IPSWICH,NH,2
03073,NORTH SALEM,NH,2
03076,HUDSON,NH,2
03077,RAYMOND,NH,2
03079,SALEM,NH,2
03082,LYNDEBOROUGH,NH,2
03084,GREENVILLE,NH,2
03086,WILTON,NH,2
03087,SALEM,NH,2
03101,MANCHESTER SOUTH,NH,2
03102,MANCHESTER WEST,NH,2
03103,MANCHESTER SOUTH,NH,2
03104,MANCHESTER SOUTH,NH,2
03105,DOWNTOWN,NH,2
03106,HOOKSETT,NH,2
03108,MANCHESTER,NH,2
03109,MANCHESTER SOUTH,NH,2
03110,BEDFORD,NH,2
03215,CPU WATERVILLE VALLEY,NH,2
03216,ANDOVER,NH,2
03217,ASHLAND,NH,2
03218,CENTER BARNSTEAD,NH,2
03220,BELMONT,NH,2
03221,BRADFORD,NH,2
03222,BRISTOL,NH,2
03223,CAMPTON,NH,2
03224,CANTERBURY,NH,2
03225,CENTER BARNSTEAD,NH,2
03226,CENTER HARBOR,NH,2
03227,CENTER SANDWICH,NH,2
03229,CONTOOCOOK,NH,2
03230,DANBURY,NH,2
03231,EAST ANDOVER,NH,2
03233,ELKINS,NH,2
03234,EPSOM,NH,2
03235,FRANKLIN,NH,2
03237,BELMONT,NH,2
03238,GLENCLIFF,NH,2
03240,GRAFTON,NH,2
03241,HEBRON,NH,2
03242,HENNIKER,NH,2
03243,HILL,NH,2
03244,HILLSBOROUGH,NH,2
03245,HOLDERNESS,NH,2
03246,LACONIA,NH,2
03247,GILFORD DPOBU,NH,2
03249,LACONIA,NH,2
03251,LINCOLN,NH,2
03252,LOCHMERE,NH,2
03253,MEREDITH,NH,2
03254,MOULTONBOROUGH,NH,2
03255,NEWBURY,NH,2
03256,NEW HAMPTON,NH,2
03257,NEW LONDON,NH,2
03258,EPSOM,NH,2
03259,NORTH SANDWICH,NH,2
03260,NORTH SUTTON,NH,2
03261,NORTHWOOD,NH,2
03262,NORTH WOODSTOCK,NH,2
03263,PITTSFIELD,NH,2
03264,PLYMOUTH,NH,2
03266,RUMNEY,NH,2
03268,SALISBURY,NH,2
03269,SANBORNTON,NH,2
03272,NEWBURY,NH,2
03273,SOUTH SUTTON,NH,2
03275,SUNCOOK,NH,2
03276,TILTON,NH,2
03278,WARNER,NH,2
03279,WARREN,NH,2
03280,WASHINGTON,NH,2
03281,WEARE,NH,2
03282,WENTWORTH,NH,2
03284,SPRINGFIELD,NH,2
03285,CAMPTON,NH,2
03287,ANDOVER,NH,2
03289,WINNISQUAM,NH,2
03290,NOTTINGHAM,NH,2
03291,WEST NOTTINGHAM,NH,2
03293,NORTH WOODSTOCK,NH,2
03301,CONCORD,NH,2
03302,CONCORD,NH,2
03303,CONCORD ANNEX,NH,2
03304,BOW DPOBU,NH,2
03307,CONCORD ANNEX,NH,2
03431,KEENE,NH,2
03440,ANTRIM,NH,2
03441,ASHUELOT,NH,2
03442,ANTRIM,NH,2
03443,CHESTERFIELD,NH,2
03444,DUBLIN,NH,2
03445,SULLIVAN,NH,2
03446,KEENE,NH,2
03447,FITZWILLIAM,NH,2
03448,GILSUM,NH,2
03449,ANTRIM,NH,2
03450,HARRISVILLE,NH,2
03451,HINSDALE,NH,2
03452,JAFFREY,NH,2
03455,KEENE,NH,2
03456,MARLOW,NH,2
03457,SULLIVAN,NH,2
03458,PETERBOROUGH,NH,2
03461,RINDGE,NH,2
03462,SPOFFORD,NH,2
03464,STODDARD,NH,2
03465,KEENE,NH,2
03466,WEST CHESTERFIELD,NH,2
03467,WESTMORELAND,NH,2
03468,WEST PETERBOROUGH,NH,2
03469,WEST SWANZEY,NH,2
03470,WINCHESTER,NH,2
03561,LITTLETON,NH,2
03570,BERLIN,NH,2
03574,BETHLEHEM,NH,2
03576,COLEBROOK,NH,2
03579,BERLIN,NH,2
03580,FRANCONIA,NH,2
03581,GORHAM,NH,2
03582,GROVETON,NH,2
03583,JEFFERSON,NH,2
03584,LANCASTER,NH,2
03585,LISBON,NH,2
03586,SUGAR HILL NPU,NH,2
03588,BERLIN,NH,2
03590,NORTH STRATFORD,NH,2
03592,PITTSBURG,NH,2
03593,GORHAM,NH,2
03595,TWIN MOUNTAIN,NH,2
03597,WEST STEWARTSTOWN,NH,2
03598,WHITEFIELD,NH,2
03601,ACWORTH,NH,2
03602,ALSTEAD,NH,2
03603,CHARLESTOWN,NH,2
03604,WALPOLE,NH,2
03605,LEMPSTER,NH,2
03607,ALSTEAD,NH,2
03608,WALPOLE,NH,2
03740,BATH,NH,2
03741,CANAAN,NH,2
03743,CLAREMONT,NH,2
03745,CORNISH FLAT,NH,2
03746,CORNISH FLAT,NH,2
03748,ENFIELD,NH,2
03749,ENFIELD CENTER,NH,2
03750,ETNA,NH,2
03751,GEORGES MILLS,NH,2
03752,GOSHEN,NH,2
03753,GRANTHAM,NH,2
03754,GUILD,NH,2
03755,HANOVER,NH,2
03765,HAVERHILL,NH,2
03766,LEBANON,NH,2
03768,LYME,NH,2
03769,LYME,NH,2
03770,MERIDEN,NH,2
03771,MONROE,NH,2
03773,NEWPORT,NH,2
03774,NORTH HAVERHILL,NH,2
03777,ORFORD,NH,2
03779,PIERMONT,NH,2
03780,PIKE,NH,2
03781,PLAINFIELD,NH,2
03782,NEWPORT,NH,2
03784,WEST LEBANON,NH,2
03785,WOODSVILLE,NH,2
03801,PORTSMOUTH NH SDC,NH,2
03802,PORTSMOUTH DPOBU,NH,2
03804,PORTSMOUTH NAVAL SHIPYARD,NH,2
03809,ALTON,NH,2
03810,ALTON,NH,2
03811,ATKINSON,NH,2
03812,BARTLETT,NH,2
03813,CENTER CONWAY,NH,2
03814,CENTER OSSIPEE,NH,2
03815,STRAFFORD,NH,2
03816,WOLFEBORO FALLS,NH,2
03817,CHOCORUA,NH,2
03818,CONWAY,NH,2
03819,DANVILLE,NH,2
03820,DOVER,NH,2
03821,DOVER,NH,2
03823,DOVER,NH,2
03824,DURHAM,NH,2
03825,BARRINGTON,NH,2
03826,EAST HAMPSTEAD,NH,2
03827,EAST KINGSTON,NH,2
03830,EAST WAKEFIELD,NH,2
03832,EATON CENTER,NH,2
03833,EXETER,NH,2
03835,FARMINGTON,NH,2
03836,FREEDOM,NH,2
03837,ALTON,NH,2
03838,GLEN,NH,2
03839,GONIC,NH,2
03840,GREENLAND,NH,2
03841,HAMPSTEAD,NH,2
03842,PORTSMOUTH NH SDC,NH,2
03843,HAMPTON,NH,2
03844,HAMPTON FALLS,NH,2
03845,INTERVALE,NH,2
03846,JACKSON,NH,2
03847,INTERVALE,NH,2
03848,KINGSTON,NH,2
03849,MADISON,NH,2
03850,MELVIN VILLAGE,NH,2
03851,MILTON,NH,2
03852,MILTON,NH,2
03853,MIRROR LAKE,NH,2
03854,NEW CASTLE,NH,2
03855,NEW DURHAM,NH,2
03856,NEWFIELDS,NH,2
03857,NEWMARKET,NH,2
03858,NEWTON,NH,2
03859,NEWTON JUNCTION,NH,2
03860,CONWAY,NH,2
03861,DURHAM,NH,2
03862,NORTH HAMPTON,NH,2
03864,OSSIPEE,NH,2
03865,PLAISTOW,NH,2
03866,ROCHESTER,NH,2
03867,ROCHESTER,NH,2
03868,ROCHESTER,NH,2
03869,ROLLINSFORD,NH,2
03870,PORTSMOUTH NH SDC,NH,2
03871,RYE BEACH,NH,2
03872,SANBORNVILLE,NH,2
03873,SANDOWN,NH,2
03874,PORTSMOUTH NH SDC,NH,2
03875,SILVER LAKE,NH,2
03878,SOMERSWORTH,NH,2
03882,EFFINGHAM,NH,2
03883,SOUTH TAMWORTH,NH,2
03884,STRAFFORD,NH,2
03885,PORTSMOUTH NH SDC,NH,2
03886,TAMWORTH,NH,2
03887,MILTON,NH,2
03890,WEST OSSIPEE,NH,2
03894,WOLFEBORO,NH,2
03896,WOLFEBORO FALLS,NH,2
03897,TAMWORTH,NH,2
03901,BERWICK,ME,2
03902,CAPE NEDDICK,ME,2
03903,ELIOT,ME,2
03904,KITTERY,ME,2
03905,KITTERY POINT,ME,2
03906,NORTH BERWICK,ME,2
03907,OGUNQUIT,ME,2
03908,SOUTH BERWICK,ME,2
03909,PORTSMOUTH NH SDC,NH,2
03910,YORK BEACH,ME,2
03911,YORK HARBOR,ME,2
04001,ACTON,ME,2
04002,ALFRED,ME,2
04003,BAILEY ISLAND,ME,2
04004,BAR MILLS,ME,2
04005,BIDDEFORD,ME,2
04006,BIDDEFORD POOL,ME,2
04008,BOWDOINHAM,ME,2
04009,BRIDGTON,ME,2
04010,BROWNFIELD,ME,2
04011,BRUNSWICK,ME,2
04014,CAPE PORPOISE DPOBU,ME,2
04015,CASCO,ME,2
04016,CENTER LOVELL,ME,2
04017,CHEBEAGUE ISLAND,ME,2
04019,CLIFF ISLAND,ME,2
04020,CORNISH,ME,2
04021,CUMBERLAND CENTER,ME,2
04022,DENMARK,ME,2
04024,EAST BALDWIN,ME,2
04027,LEBANON,ME,2
04028,CORNISH,ME,2
04029,SEBAGO,ME,2
04030,WATERBORO,ME,2
04032,FREEPORT,ME,2
04037,FRYEBURG,ME,2
04038,GORHAM,ME,2
04039,GRAY,ME,2
04040,HARRISON,ME,2
04041,CORNISH,ME,2
04042,HOLLIS CENTER,ME,2
04043,KENNEBUNK,ME,2
04046,KENNEBUNKPORT,ME,2
04047,PARSONSFIELD,ME,2
04048,LIMERICK,ME,2
04049,LIMINGTON,ME,2
04050,LONG ISLAND,ME,2
04051,LOVELL,ME,2
04054,MOODY,ME,2
04055,NAPLES,ME,2
04056,NEWFIELD,ME,2
04057,NORTH BRIDGTON,ME,2
04061,NORTH WATERBORO,ME,2
04062,WINDHAM,ME,2
04063,OCEAN PARK,ME,2
04064,INDUSTRIAL PARK ANNEX,ME,2
04066,ORRS ISLAND,ME,2
04068,PARSONSFIELD,ME,2
04069,POWNAL,ME,2
04070,SCARBOROUGH,ME,2
04071,RAYMOND,ME,2
04072,INDUSTRIAL PARK ANNEX,ME,2
04073,SANFORD,ME,2
04074,SOUTHERN MAINE CARRIER UNIT,ME,2
04076,SHAPLEIGH,ME,2
04077,SOUTH CASCO,ME,2
04078,SOUTH FREEPORT,ME,2
04079,HARPSWELL,ME,2
04082,SOUTH WINDHAM,ME,2
04083,SANFORD,ME,2
04084,GORHAM,ME,2
04085,LIMINGTON,ME,2
04086,BRUNSWICK,ME,2
04087,WATERBORO,ME,2
04088,WATERFORD,ME,2
04090,WELLS,ME,2
04091,WEST BALDWIN,ME,2
04092,PORTLAND ME SDC,ME,2
04093,BUXTON,ME,2
04094,WEST KENNEBUNK,ME,2
04095,WEST NEWFIELD,ME,2
04096,YARMOUTH,ME,2
04097,YARMOUTH,ME,2
04098,WESTBROOK,ME,2
04101,DOWNTOWN STATION,ME,2
04102,PORTLAND ME SDC,ME,2
04103,PORTLAND ME SDC,ME,2
04104,PORTLAND ME SDC,ME,2
04105,CPU SHAWS,ME,2
04106,SOUTHERN MAINE CARRIER UNIT,ME,2
04107,PORTLAND ME SDC,ME,2
04108,PEAKS ISLAND,ME,2
04110,PORTLAND ME SDC,ME,2
04112,DOWNTOWN STATION,ME,2
04116,SOUTH PORTLAND,ME,2
04210,AUBURN,ME,2
04211,AUBURN,ME,2
04212,GREAT FALLS,ME,2
04216,ANDOVER,ME,2
04217,BETHEL,ME,2
04219,BRYANT POND,ME,2
04220,BUCKFIELD,ME,2
04221,CANTON,ME,2
04222,LISBON,ME,2
04223,DANVILLE,ME,2
04224,DIXFIELD,ME,2
04225,DRYDEN,ME,2
04226,ANDOVER,ME,2
04227,EAST DIXFIELD,ME,2
04228,VPO LIVERMORE FALLS,ME,2
04230,MINOT,ME,2
04231,STONEHAM,ME,2
04234,EAST WILTON,ME,2
04236,GREENE,ME,2
04237,HANOVER,ME,2
04238,HEBRON,ME,2
04239,JAY,ME,2
04240,LEWISTON,ME,2
04241,SOUTH LEWISTON,ME,2
04243,LEWISTON,ME,2
04250,LISBON,ME,2
04252,LISBON,ME,2
04253,LIVERMORE,ME,2
04254,LIVERMORE FALLS,ME,2
04255,GREENWOOD,ME,2
04256,MECHANIC FALLS,ME,2
04257,MEXICO,ME,2
04258,AUBURN,ME,2
04259,MONMOUTH,ME,2
04260,NEW GLOUCESTER,ME,2
04261,NEWRY,ME,2
04262,JAY,ME,2
04263,LEEDS,ME,2
04265,NORTH MONMOUTH,ME,2
04266,NORTH TURNER,ME,2
04267,NORTH WATERFORD,ME,2
04268,NORWAY,ME,2
04270,OXFORD,ME,2
04271,PARIS,ME,2
04274,POLAND,ME,2
04275,ROXBURY,ME,2
04276,RUMFORD,ME,2
04280,LISBON,ME,2
04281,NORWAY,ME,2
04282,TURNER,ME,2
04284,WAYNE,ME,2
04285,WELD,ME,2
04286,WEST BETHEL,ME,2
04287,BOWDOIN DPOBU,ME,2
04288,MINOT,ME,2
04289,SOUTH PARIS,ME,2
04290,PERU,ME,2
04291,WEST POLAND,ME,2
04292,SUMNER,ME,2
04294,WILTON,ME,2
04330,AUGUSTA,ME,2
04332,AUGUSTA,ME,2
04338,WATER STREET,ME,2
04341,COOPERS MILLS,ME,2
04342,DRESDEN,ME,2
04343,EAST WINTHROP,ME,2
04344,GARDINER,ME,2
04345,GARDINER,ME,2
04346,GARDINER,ME,2
04347,AUGUSTA,ME,2
04348,JEFFERSON,ME,2
04349,KENTS HILL,ME,2
04350,LITCHFIELD,ME,2
04351,AUGUSTA,ME,2
04352,MOUNT VERNON,ME,2
04353,WHITEFIELD,ME,2
04354,PALERMO,ME,2
04355,READFIELD,ME,2
04357,RICHMOND,ME,2
04358,SOUTH CHINA,ME,2
04359,SOUTH GARDINER,ME,2
04360,VIENNA,ME,2
04363,WINDSOR,ME,2
04364,WINTHROP,ME,2
04401,EASTERN MAINE CARRIER ANNEX,ME,2
04402,BANGOR,ME,2
04406,ABBOT,ME,2
04408,AURORA,ME,2
04410,BRADFORD,ME,2
04411,BRADLEY,ME,2
04412,BREWER,ME,2
04413,BROOKTON,ME,2
04414,BROWNVILLE,ME,2
04415,BROWNVILLE JUNCTION,ME,2
04416,BUCKSPORT,ME,2
04417,BURLINGTON,ME,2
04418,GREENBUSH,ME,2
04419,CARMEL,ME,2
04421,CASTINE,ME,2
04422,CHARLESTON,ME,2
04424,DANFORTH,ME,2
04426,DOVER FOXCROFT,ME,2
04427,CORINTH,ME,2
04428,BREWER,ME,2
04429,BREWER,ME,2
04430,EAST MILLINOCKET,ME,2
04431,EAST ORLAND,ME,2
04434,CARMEL,ME,2
04435,EXETER,ME,2
04438,FRANKFORT,ME,2
04441,GREENVILLE,ME,2
04442,GREENVILLE JUNCTION,ME,2
04443,DOVER FOXCROFT,ME,2
04444,HAMPDEN,ME,2
04448,HOWLAND,ME,2
04449,HUDSON,ME,2
04450,KENDUSKEAG,ME,2
04451,KINGMAN,ME,2
04453,LAGRANGE,ME,2
04455,LEE,ME,2
04456,LEVANT,ME,2
04457,LINCOLN,ME,2
04459,MATTAWAMKEAG,ME,2
04460,MEDWAY,ME,2
04461,MILFORD,ME,2
04462,MILLINOCKET,ME,2
04463,MILO,ME,2
04464,MONSON,ME,2
04468,OLD TOWN,ME,2
04471,DANFORTH,ME,2
04472,ORLAND,ME,2
04473,ORONO,ME,2
04474,BREWER,ME,2
04475,PASSADUMKEAG,ME,2
04476,PENOBSCOT,ME,2
04478,ROCKWOOD,ME,2
04479,DOVER FOXCROFT,ME,2
04481,DOVER FOXCROFT,ME,2
04487,SPRINGFIELD,ME,2
04488,STETSON,ME,2
04489,STILLWATER,ME,2
04490,TOPSFIELD,ME,2
04491,VANCEBORO,ME,2
04492,TOPSFIELD,ME,2
04493,WEST ENFIELD,ME,2
04495,WINN,ME,2
04496,WINTERPORT,ME,2
04497,WYTOPITLOCK,ME,2
04530,BATH,ME,2
04535,ALNA,ME,2
04537,BOOTHBAY,ME,2
04538,BOOTHBAY HARBOR,ME,2
04539,BRISTOL,ME,2
04541,CHAMBERLAIN,ME,2
04543,DAMARISCOTTA,ME,2
04544,BOOTHBAY HARBOR,ME,2
04547,FRIENDSHIP,ME,2
04548,CPU MAC MAHAN,ME,2
04551,BREMEN,ME,2
04553,NEWCASTLE,ME,2
04554,NEW HARBOR,ME,2
04555,NOBLEBORO,ME,2
04556,EDGECOMB,ME,2
04558,NEW HARBOR,ME,2
04562,BATH,ME,2
04563,CUSHING,ME,2
04564,ROUND POND,ME,2
04565,SEBASCO ESTATES,ME,2
04568,SOUTH BRISTOL,ME,2
04571,BOOTHBAY HARBOR,ME,2
04572,WALDOBORO,ME,2
04573,WALPOLE,ME,2
04574,WASHINGTON,ME,2
04575,WEST BOOTHBAY HARBOR,ME,2
04576,SOUTHPORT,ME,2
04578,WISCASSET,ME,2
04579,BATH,ME,2
04605,ELLSWORTH,ME,2
04606,ADDISON,ME,2
04607,GOULDSBORO,ME,2
04609,BAR HARBOR,ME,2
04611,BEALS,ME,2
04612,BERNARD,ME,2
04613,BIRCH HARBOR,ME,2
04614,BLUE HILL,ME,2
04616,BROOKLIN,ME,2
04617,BROOKSVILLE,ME,2
04619,CALAIS,ME,2
04622,CHERRYFIELD,ME,2
04623,COLUMBIA FALLS,ME,2
04624,COREA,ME,2
04625,CRANBERRY ISLES,ME,2
04626,CUTLER,ME,2
04627,DEER ISLE,ME,2
04628,DENNYSVILLE,ME,2
04629,BLUE HILL,ME,2
04630,EAST MACHIAS,ME,2
04631,EASTPORT,ME,2
04634,FRANKLIN,ME,2
04635,FRENCHBORO,ME,2
04640,ELLSWORTH,ME,2
04643,HARRINGTON,ME,2
04644,HULLS COVE,ME,2
04645,CPU ISLE AU HAUT,ME,2
04646,ISLESFORD,ME,2
04648,JONESBORO,ME,2
04649,JONESPORT,ME,2
04650,LITTLE DEER ISLE,ME,2
04652,LUBEC,ME,2
04653,BASS HARBOR,ME,2
04654,MACHIAS,ME,2
04655,MACHIASPORT,ME,2
04657,DENNYSVILLE,ME,2
04658,MILBRIDGE,ME,2
04660,MOUNT DESERT,ME,2
04662,NORTHEAST HARBOR,ME,2
04664,SULLIVAN,ME,2
04666,PEMBROKE,ME,2
04667,PERRY,ME,2
04668,PRINCETON,ME,2
04669,PROSPECT HARBOR,ME,2
04671,ROBBINSTON,ME,2
04672,SALSBURY COVE,ME,2
04673,SEDGWICK,ME,2
04674,SEAL COVE,ME,2
04675,SEAL HARBOR,ME,2
04676,SEDGWICK,ME,2
04677,SORRENTO,ME,2
04679,SOUTHWEST HARBOR,ME,2
04680,STEUBEN,ME,2
04681,STONINGTON,ME,2
04683,SUNSET,ME,2
04684,SURRY,ME,2
04685,SWANS ISLAND,ME,2
04691,WHITING,ME,2
04693,WINTER HARBOR,ME,2
04694,BAILEYVILLE,ME,2
04730,HOULTON,ME,2
04732,ASHLAND,ME,2
04733,BENEDICTA,ME,2
04734,BLAINE,ME,2
04735,BRIDGEWATER,ME,2
04736,CARIBOU,ME,2
04738,WASHBURN,ME,2
04739,EAGLE LAKE,ME,2
04740,EASTON,ME,2
04742,FORT FAIRFIELD,ME,2
04743,FORT KENT,ME,2
04744,FORT KENT MILLS,ME,2
04745,FRENCHVILLE,ME,2
04746,GRAND ISLE,ME,2
04747,ISLAND FALLS,ME,2
04750,LIMESTONE,ME,2
04756,MADAWASKA,ME,2
04757,MAPLETON,ME,2
04758,MARS HILL,ME,2
04760,MONTICELLO,ME,2
04761,HOULTON,ME,2
04762,NEW SWEDEN,ME,2
04763,OAKFIELD,ME,2
04765,PATTEN,ME,2
04766,PERHAM,ME,2
04768,PORTAGE,ME,2
04769,PRESQUE ISLE,ME,2
04772,SAINT AGATHA,ME,2
04773,MADAWASKA,ME,2
04774,SAINT FRANCIS,ME,2
04776,SHERMAN,ME,2
04777,STACYVILLE,ME,2
04779,SINCLAIR,ME,2
04780,SMYRNA MILLS,ME,2
04781,WALLAGRASS,ME,2
04783,STOCKHOLM,ME,2
04785,VAN BUREN,ME,2
04786,WASHBURN,ME,2
04787,WESTFIELD,ME,2
04841,ROCKLAND,ME,2
04843,CAMDEN,ME,2
04847,CAMDEN,ME,2
04848,ISLESBORO,ME,2
04849,LINCOLNVILLE,ME,2
04850,LINCOLNVILLE CENTER,ME,2
04851,MATINICUS,ME,2
04852,MONHEGAN,ME,2
04853,NORTH HAVEN,ME,2
04854,OWLS HEAD,ME,2
04855,PORT CLYDE,ME,2
04856,ROCKLAND,ME,2
04858,SOUTH THOMASTON,ME,2
04859,SPRUCE HEAD,ME,2
04860,TENANTS HARBOR,ME,2
04861,ROCKLAND,ME,2
04862,UNION,ME,2
04863,VINALHAVEN,ME,2
04864,WARREN,ME,2
04865,WEST ROCKPORT,ME,2
04901,WATERVILLE,ME,2
04903,WATERVILLE,ME,2
04910,ALBION,ME,2
04911,ANSON,ME,2
04912,ATHENS,ME,2
04915,AMERICAN LEGION DPOBU,ME,2
04917,BELGRADE,ME,2
04918,BELGRADE LAKES,ME,2
04920,BINGHAM,ME,2
04921,BROOKS,ME,2
04922,BURNHAM,ME,2
04923,CAMBRIDGE,ME,2
04924,CANAAN,ME,2
04925,BINGHAM,ME,2
04926,CHINA VILLAGE,ME,2
04927,CLINTON,ME,2
04928,CORINNA,ME,2
04929,DETROIT,ME,2
04930,DEXTER,ME,2
04932,DIXMONT,ME,2
04933,EAST NEWPORT,ME,2
04935,EAST VASSALBORO,ME,2
04936,EUSTIS,ME,2
04937,FAIRFIELD,ME,2
04938,FARMINGTON,ME,2
04939,DEXTER,ME,2
04941,FREEDOM,ME,2
04942,HARMONY,ME,2
04943,HARTLAND,ME,2
04944,HINCKLEY,ME,2
04945,JACKMAN,ME,2
04947,KINGFIELD,ME,2
04949,LIBERTY,ME,2
04950,MADISON,ME,2
04951,BROOKS,ME,2
04952,MORRILL,ME,2
04953,NEWPORT,ME,2
04954,NEW PORTLAND,ME,2
04955,NEW SHARON,ME,2
04956,NEW VINEYARD,ME,2
04957,NORRIDGEWOCK,ME,2
04958,MADISON,ME,2
04961,NEW PORTLAND,ME,2
04962,NORTH VASSALBORO,ME,2
04963,OAKLAND,ME,2
04964,OQUOSSOC,ME,2
04965,PALMYRA,ME,2
04966,PHILLIPS,ME,2
04967,PITTSFIELD,ME,2
04969,PLYMOUTH,ME,2
04970,RANGELEY,ME,2
04971,SAINT ALBANS,ME,2
04972,STOCKTON SPRINGS,ME,2
04973,SEARSMONT,ME,2
04974,SEARSPORT,ME,2
04975,SHAWMUT,ME,2
04976,SKOWHEGAN,ME,2
04978,SMITHFIELD,ME,2
04979,SOLON,ME,2
04981,STOCKTON SPRINGS,ME,2
04982,STRATTON,ME,2
04983,STRONG,ME,2
04984,TEMPLE,ME,2
04985,BINGHAM,ME,2
04986,THORNDIKE,ME,2
04987,TROY,ME,2
04988,UNITY,ME,2
04989,NORTH VASSALBORO,ME,2
04992,WEST FARMINGTON,ME,2
05001,LYMAN DPOBU,VT,2
05030,ASCUTNEY,VT,2
05031,BARNARD,VT,2
05032,BETHEL,VT,2
05033,BRADFORD,VT,2
05034,BRIDGEWATER,VT,2
05035,BRIDGEWATER CORNERS,VT,2
05036,BROOKFIELD,VT,2
05037,BROWNSVILLE,VT,2
05038,CHELSEA,VT,2
05039,CORINTH,VT,2
05040,EAST CORINTH,VT,2
05041,EAST RANDOLPH,VT,2
05042,EAST RYEGATE,VT,2
05043,EAST THETFORD,VT,2
05045,FAIRLEE,VT,2
05046,GROTON,VT,2
05047,HARTFORD,VT,2
05048,HARTLAND,VT,2
05049,HARTLAND,VT,2
05050,MC INDOE FALLS,VT,2
05051,NEWBURY,VT,2
05052,NORTH HARTLAND,VT,2
05053,NORTH POMFRET,VT,2
05054,NORTH THETFORD,VT,2
05055,NORWICH,VT,2
05056,PLYMOUTH,VT,2
05058,POST MILLS,VT,2
05059,QUECHEE,VT,2
05060,RANDOLPH,VT,2
05061,RANDOLPH,VT,2
05062,READING,VT,2
05065,SHARON,VT,2
05067,HARTFORD,VT,2
05068,SOUTH ROYALTON,VT,2
05069,SOUTH RYEGATE,VT,2
05070,SOUTH STRAFFORD,VT,2
05071,SOUTH WOODSTOCK,VT,2
05072,STRAFFORD,VT,2
05073,TAFTSVILLE,VT,2
05074,THETFORD,VT,2
05075,THETFORD,VT,2
05076,EAST CORINTH,VT,2
05077,TUNBRIDGE,VT,2
05079,VERSHIRE,VT,2
05081,WELLS RIVER,VT,2
05083,THETFORD,VT,2
05084,HARTFORD,VT,2
05085,WEST NEWBURY,VT,2
05086,WEST TOPSHAM,VT,2
05088,WILDER,VT,2
05089,WINDSOR,VT,2
05091,WOODSTOCK,VT,2
05101,BELLOWS FALLS,VT,2
05141,SAXTONS RIVER,VT,2
05142,CAVENDISH,VT,2
05143,CHESTER,VT,2
05146,GRAFTON,VT,2
05148,LONDONDERRY,VT,2
05149,LUDLOW,VT,2
05150,NORTH SPRINGFIELD,VT,2
05151,PERKINSVILLE,VT,2
05152,PERU,VT,2
05153,PROCTORSVILLE,VT,2
05154,SAXTONS RIVER,VT,2
05155,SOUTH LONDONDERRY,VT,2
05156,SPRINGFIELD,VT,2
05158,WESTMINSTER,VT,2
05159,WESTMINSTER STATION,VT,2
05161,WESTON,VT,2
05201,BENNINGTON,VT,2
05250,ARLINGTON,VT,2
05251,DORSET,VT,2
05252,EAST ARLINGTON,VT,2
05253,EAST DORSET,VT,2
05254,MANCHESTER,VT,2
05255,MANCHESTER CENTER,VT,2
05257,BENNINGTON,VT,2
05260,NORTH POWNAL,VT,2
05261,BENNINGTON,VT,2
05262,BENNINGTON,VT,2
05301,BRATTLEBORO,VT,2
05302,BRATTLEBORO,VT,2
05303,WEST BRATTLEBORO,VT,2
05304,NORTH BRATTLEBORO,VT,2
05340,BONDVILLE,VT,2
05341,EAST DOVER,VT,2
05342,JACKSONVILLE,VT,2
05343,JAMAICA,VT,2
05344,MARLBORO,VT,2
05345,NEWFANE,VT,2
05346,PUTNEY,VT,2
05350,READSBORO,VT,2
05351,WILLIAMSVILLE,VT,2
05352,READSBORO,VT,2
05353,TOWNSHEND,VT,2
05354,VERNON,VT,2
05355,WARDSBORO,VT,2
05356,WEST DOVER,VT,2
05357,WEST DUMMERSTON,VT,2
05358,WEST HALIFAX,VT,2
05359,TOWNSHEND,VT,2
05360,WEST WARDSBORO,VT,2
05361,WHITINGHAM,VT,2
05362,WILLIAMSVILLE,VT,2
05363,WILMINGTON,VT,2
05401,BURLINGTON ANNEX,VT,2
05402,BURLINGTON,VT,2
05403,BURLINGTON ANNEX,VT,2
05404,WINOOSKI,VT,2
05406,BURLINGTON CHAMPLAIN,VT,2
05407,SOUTH BURLINGTON,VT,2
05408,NORTH BURLINGTON,VT,2
05440,ALBURGH,VT,2
05441,BAKERSFIELD,VT,2
05442,WATERVILLE,VT,2
05443,BRISTOL,VT,2
05444,CAMBRIDGE,VT,2
05445,CHARLOTTE,VT,2
05446,COLCHESTER,VT,2
05447,ENOSBURG FALLS,VT,2
05448,EAST FAIRFIELD,VT,2
05449,COLCHESTER,VT,2
05450,ENOSBURG FALLS,VT,2
05451,ESSEX JUNCTION,VT,2
05452,ESSEX JUNCTION,VT,2
05453,PEARL STREET,VT,2
05454,FAIRFAX,VT,2
05455,FAIRFIELD,VT,2
05456,FERRISBURGH,VT,2
05457,FRANKLIN,VT,2
05458,GRAND ISLE,VT,2
05459,HIGHGATE CENTER,VT,2
05460,HIGHGATE SPRINGS,VT,2
05461,HINESBURG,VT,2
05462,HUNTINGTON,VT,2
05463,ALBURGH,VT,2
05464,JEFFERSONVILLE,VT,2
05465,JERICHO,VT,2
05466,JONESVILLE,VT,2
05468,MILTON,VT,2
05469,MONKTON,VT,2
05470,MONTGOMERY,VT,2
05471,MONTGOMERY,VT,2
05472,NEW HAVEN,VT,2
05473,CHARLOTTE,VT,2
05474,NORTH HERO,VT,2
05476,RICHFORD,VT,2
05477,RICHMOND,VT,2
05478,SAINT ALBANS,VT,2
05481,SAINT ALBANS BAY,VT,2
05482,SHELBURNE,VT,2
05483,SHELDON SPRINGS,VT,2
05485,SHELDON SPRINGS,VT,2
05486,SOUTH HERO,VT,2
05487,STARKSBORO,VT,2
05488,SWANTON,VT,2
05489,UNDERHILL,VT,2
05490,UNDERHILL CENTER,VT,2
05491,VERGENNES,VT,2
05492,WATERVILLE,VT,2
05494,WESTFORD,VT,2
05495,WILLISTON,VT,2
05601,MONTPELIER,VT,2
05602,MONTPELIER CARRIER ANNEX,VT,2
05640,ADAMANT,VT,2
05641,BARRE,VT,2
05647,CABOT,VT,2
05648,CALAIS,VT,2
05649,EAST BARRE,VT,2
05650,EAST CALAIS,VT,2
05651,EAST MONTPELIER,VT,2
05652,EDEN,VT,2
05653,EDEN,VT,2
05654,GRANITEVILLE,VT,2
05655,HYDE PARK,VT,2
05656,JOHNSON,VT,2
05657,LAKE ELMORE,VT,2
05658,MARSHFIELD,VT,2
05660,MORETOWN,VT,2
05661,MORRISVILLE,VT,2
05662,STOWE,VT,2
05663,NORTHFIELD,VT,2
05664,NORTHFIELD FALLS,VT,2
05665,NORTH HYDE PARK,VT,2
05666,PLAINFIELD,VT,2
05667,MONTPELIER CARRIER ANNEX,VT,2
05669,NORTHFIELD,VT,2
05670,SOUTH BARRE,VT,2
05672,STOWE,VT,2
05673,WAITSFIELD,VT,2
05674,WARREN,VT,2
05675,WASHINGTON,VT,2
05676,WATERBURY,VT,2
05677,WATERBURY CENTER,VT,2
05678,WEBSTERVILLE,VT,2
05679,WILLIAMSTOWN,VT,2
05680,WOLCOTT,VT,2
05681,WOODBURY,VT,2
05682,WORCESTER,VT,2
05701,CPU CIRCLE K,VT,2
05702,RUTLAND,VT,2
05730,BELMONT,VT,2
05731,FAIR HAVEN,VT,2
05732,BOMOSEEN,VT,2
05733,BRANDON,VT,2
05734,BRIDPORT,VT,2
05735,CASTLETON,VT,2
05736,WEST RUTLAND,VT,2
05737,CHITTENDEN,VT,2
05738,CUTTINGSVILLE,VT,2
05739,DANBY,VT,2
05740,EAST MIDDLEBURY,VT,2
05741,POULTNEY,VT,2
05742,EAST WALLINGFORD,VT,2
05743,FAIR HAVEN,VT,2
05744,FLORENCE,VT,2
05745,FOREST DALE,VT,2
05746,GAYSVILLE,VT,2
05747,GRANVILLE,VT,2
05748,HANCOCK,VT,2
05750,HYDEVILLE,VT,2
05751,KILLINGTON,VT,2
05753,MIDDLEBURY,VT,2
05757,MIDDLETOWN SPRINGS,VT,2
05758,BELMONT,VT,2
05759,NORTH CLARENDON,VT,2
05760,ORWELL,VT,2
05761,PAWLET,VT,2
05762,PITTSFIELD,VT,2
05763,PITTSFORD,VT,2
05764,FAIR HAVEN,VT,2
05765,PROCTOR,VT,2
05766,VPO RIPTON,VT,2
05767,ROCHESTER,VT,2
05768,RUPERT,VT,2
05769,SALISBURY,VT,2
05770,SHOREHAM,VT,2
05772,STOCKBRIDGE,VT,2
05773,WALLINGFORD,VT,2
05774,WELLS,VT,2
05775,WEST PAWLET,VT,2
05776,WEST RUPERT,VT,2
05777,WEST RUTLAND,VT,2
05778,WHITING,VT,2
05819,SAINT JOHNSBURY,VT,2
05820,ALBANY,VT,2
05821,BARNET,VT,2
05822,BARTON,VT,2
05823,BEEBE PLAIN,VT,2
05824,CONCORD,VT,2
05825,COVENTRY,VT,2
05826,CRAFTSBURY,VT,2
05827,CRAFTSBURY,VT,2
05828,DANVILLE,VT,2
05829,DERBY,VT,2
05830,DERBY LINE,VT,2
05832,EAST BURKE,VT,2
05833,EAST CHARLESTON,VT,2
05836,EAST HARDWICK,VT,2
05837,EAST HAVEN,VT,2
05838,EAST SAINT JOHNSBURY,VT,2
05839,BARTON,VT,2
05840,NORTH CONCORD,VT,2
05841,GREENSBORO,VT,2
05842,GREENSBORO BEND,VT,2
05843,HARDWICK,VT,2
05845,IRASBURG,VT,2
05846,ISLAND POND,VT,2
05847,LOWELL,VT,2
05848,LOWER WATERFORD,VT,2
05849,LYNDON,VT,2
05850,LYNDON CENTER,VT,2
05851,LYNDONVILLE,VT,2
05853,MORGAN,VT,2
05855,NEWPORT,VT,2
05857,NEWPORT CENTER,VT,2
05858,NORTH CONCORD,VT,2
05859,NORTH TROY,VT,2
05860,ORLEANS,VT,2
05861,PASSUMPSIC,VT,2
05862,PEACHAM,VT,2
05863,SAINT JOHNSBURY CENTER,VT,2
05866,SHEFFIELD,VT,2
05867,WEST BURKE,VT,2
05868,TROY,VT,2
05871,WEST BURKE,VT,2
05872,WEST CHARLESTON,VT,2
05873,SAINT JOHNSBURY,VT,2
05874,LOWELL,VT,2
05875,BARTON,VT,2
05901,CANAAN,VT,2
05902,BEECHER FALLS,VT,2
05903,CANAAN,VT,2
05904,GILMAN,VT,2
05905,GUILDHALL,VT,2
05906,LUNENBURG,VT,2
05907,NORTON,VT,2
06001,AVON,CT,2
06002,BLOOMFIELD,CT,2
06010,BRISTOL,CT,2
06011,BRISTOL,CT,2
06013,BURLINGTON,CT,2
06016,BROAD BROOK,CT,2
06018,CANAAN,CT,2
06019,CANTON,CT,2
06020,CANTON CENTER,CT,2
06021,COLEBROOK,CT,2
06022,COLLINSVILLE,CT,2
06023,EAST BERLIN,CT,2
06024,EAST CANAAN,CT,2
06025,EAST GLASTONBURY,CT,2
06026,EAST GRANBY,CT,2
06027,EAST HARTLAND,CT,2
06028,EAST WINDSOR HILL,CT,2
06029,ELLINGTON,CT,2
06031,FALLS VILLAGE,CT,2
06032,FARMINGTON,CT,2
06033,GLASTONBURY,CT,2
06034,FARMINGTON,CT,2
06035,GRANBY,CT,2
06037,BERLIN,CT,2
06039,LAKEVILLE,CT,2
06040,BUCKLAND,CT,2
06042,MANCHESTER,CT,2
06043,BOLTON,CT,2
06045,MANCHESTER,CT,2
06050,NEW BRITAIN,CT,2
06051,NEW BRITAIN,CT,2
06052,NEW BRITAIN,CT,2
06053,NEW BRITAIN,CT,2
06057,NEW HARTFORD,CT,2
06058,NORFOLK,CT,2
06059,NORTH CANTON,CT,2
06060,GRANBY,CT,2
06061,PINE MEADOW,CT,2
06062,PLAINVILLE,CT,2
06063,PLEASANT VALLEY,CT,2
06064,POQUONOCK,CT,2
06065,RIVERTON,CT,2
06066,TALCOTTVILLE,CT,2
06067,ROCKY HILL,CT,2
06068,SALISBURY,CT,2
06069,SHARON,CT,2
06070,SIMSBURY,CT,2
06071,SOMERS,CT,2
06072,SOMERSVILLE,CT,2
06073,SOUTH GLASTONBURY,CT,2
06074,BISSELL,CT,2
06075,STAFFORD SPRINGS,CT,2
06076,STAFFORD SPRINGS,CT,2
06077,STAFFORDVILLE,CT,2
06078,SUFFIELD,CT,2
06079,TACONIC,CT,2
06081,SIMSBURY,CT,2
06082,ENFIELD,CT,2
06083,ENFIELD,CT,2
06084,TOLLAND,CT,2
06085,BURLINGTON,CT,2
06088,EAST WINDSOR,CT,2
06089,WEATOGUE,CT,2
06090,GRANBY,CT,2
06092,WEST SIMSBURY,CT,2
06093,SUFFIELD,CT,2
06094,WINSTED NPU,CT,2
06095,WINDSOR,CT,2
06096,BRADLEY AIRPORT,CT,2
06098,WINSTED,CT,2
06102,HARTFORD,CT,2
06103,OLD STATE HOUSE CARRIER SEC,CT,2
06104,HARTFORD,CT,2
06105,SHIELD STREET,CT,2
06106,WASHINGTON STREET,CT,2
06107,SHIELD STREET,CT,2
06108,MURPHY RD CARRIER ANNEX,CT,2
06109,MURPHY RD CARRIER ANNEX,CT,2
06110,SHIELD STREET,CT,2
06111,NEWINGTON,CT,2
06112,WASHINGTON STREET,CT,2
06114,MURPHY RD CARRIER ANNEX,CT,2
06115,HARTFORD,CT,2
06117,BISHOPS CORNER,CT,2
06118,SILVER LANE,CT,2
06119,SHIELD STREET,CT,2
06120,WASHINGTON STREET,CT,2
06123,OLD STATE HOUSE,CT,2
06126,WASHINGTON STREET,CT,2
06127,WEST HARTFORD,CT,2
06128,EAST HARTFORD,CT,2
06129,WETHERSFIELD,CT,2
06131,NEWINGTON,CT,2
06132,BLUE HILLS,CT,2
06133,SHIELD STREET,CT,2
06134,BARRY SQUARE,CT,2
06137,BISHOPS CORNER,CT,2
06138,SILVER LANE,CT,2
06140,UNITY PLAZA,CT,2
06141,HARTFORD,CT,2
06142,HARTFORD,CT,2
06143,HARTFORD,CT,2
06144,HARTFORD,CT,2
06145,HARTFORD,CT,2
06146,HARTFORD,CT,2
06147,HARTFORD,CT,2
06199,HARTFORD,CT,2
06226,WILLIMANTIC,CT,2
06231,AMSTON,CT,2
06232,ANDOVER,CT,2
06233,BALLOUVILLE,CT,2
06234,BROOKLYN,CT,2
06235,CHAPLIN,CT,2
06237,COLUMBIA,CT,2
06238,COVENTRY,CT,2
06239,DANIELSON,CT,2
06241,DANIELSON,CT,2
06242,CHAPLIN,CT,2
06243,EAST KILLINGLY,CT,2
06244,EAST WOODSTOCK,CT,2
06246,NORTH GROSVENORDALE,CT,2
06247,BROOKLYN,CT,2
06248,HEBRON,CT,2
06249,LEBANON,CT,2
06250,MANSFIELD CENTER,CT,2
06251,STORRS MANSFIELD,CT,2
06254,NORTH FRANKLIN,CT,2
06255,NORTH GROSVENORDALE,CT,2
06256,CHAPLIN,CT,2
06258,POMFRET,CT,2
06259,POMFRET CENTER,CT,2
06260,PUTNAM,CT,2
06262,QUINEBAUG,CT,2
06263,ROGERS,CT,2
06264,SCOTLAND,CT,2
06266,SOUTH WINDHAM,CT,2
06267,WOODSTOCK,CT,2
06268,STORRS MANSFIELD,CT,2
06277,PUTNAM,CT,2
06278,ASHFORD,CT,2
06279,TOLLAND,CT,2
06280,WILLIMANTIC,CT,2
06281,WOODSTOCK,CT,2
06282,WOODSTOCK,CT,2
06320,NEW LONDON,CT,2
06330,BALTIC,CT,2
06331,CANTERBURY,CT,2
06332,CENTRAL VILLAGE,CT,2
06333,EAST LYME,CT,2
06334,BOZRAH,CT,2
06335,GALES FERRY,CT,2
06336,GILMAN,CT,2
06338,CPU MASHANTUCKET,CT,2
06339,LEDYARD,CT,2
06340,BOROUGH,CT,2
06349,GROTON NAVAL BASE,CT,2
06350,HANOVER,CT,2
06351,JEWETT CITY,CT,2
06353,MONTVILLE,CT,2
06354,MOOSUP,CT,2
06355,MYSTIC,CT,2
06357,NIANTIC,CT,2
06359,NORTH STONINGTON,CT,2
06360,NORWICH,CT,2
06365,ROSE CITY CARRIER ANNEX,CT,2
06370,OAKDALE,CT,2
06371,OLD LYME,CT,2
06372,OLD MYSTIC,CT,2
06373,ONECO,CT,2
06374,PLAINFIELD,CT,2
06375,QUAKER HILL,CT,2
06376,SOUTH LYME,CT,2
06377,MOOSUP,CT,2
06378,PAWCATUCK,CT,2
06379,PAWCATUCK,CT,2
06380,TAFTVILLE,CT,2
06382,UNCASVILLE,CT,2
06383,VERSAILLES,CT,2
06384,VOLUNTOWN,CT,2
06385,WATERFORD,CT,2
06387,WAUREGAN,CT,2
06388,WEST MYSTIC,CT,2
06389,BOZRAH,CT,2
06390,FISHERS ISLAND,NY,2
06401,ANSONIA,CT,2
06403,BEACON FALLS,CT,2
06404,BOTSFORD,CT,2
06405,BRANFORD,CT,2
06409,CENTERBROOK,CT,2
06410,CHESHIRE,CT,2
06412,CHESTER,CT,2
06413,CLINTON,CT,2
06414,COBALT,CT,2
06415,COLCHESTER,CT,2
06416,CROMWELL,CT,2
06417,DEEP RIVER,CT,2
06418,DERBY,CT,2
06419,CPU KILLINGWORTH,CT,2
06420,COLCHESTER,CT,2
06422,DURHAM,CT,2
06423,EAST HADDAM,CT,2
06424,EAST HAMPTON,CT,2
06426,ESSEX,CT,2
06437,GUILFORD,CT,2
06438,HADDAM,CT,2
06439,HADLYME,CT,2
06440,HAWLEYVILLE,CT,2
06441,HIGGANUM,CT,2
06442,IVORYTON,CT,2
06443,GUILFORD/MADISON CAR ANNEX,CT,2
06444,MARION,CT,2
06447,MARLBOROUGH,CT,2
06450,MERIDEN,CT,2
06451,WALLINGFORD CT S&DC,CT,2
06455,MIDDLEFIELD,CT,2
06456,MIDDLE HADDAM,CT,2
06457,MIDDLETOWN,CT,2
06460,DEVON,CT,2
06461,MILFORD,CT,2
06467,MILLDALE,CT,2
06468,MONROE,CT,2
06469,MOODUS,CT,2
06470,NEWTOWN,CT,2
06471,NORTH BRANFORD,CT,2
06472,NORTHFORD,CT,2
06473,NORTH HAVEN,CT,2
06475,OLD SAYBROOK,CT,2
06477,MILFORD,CT,2
06478,CPU HAYNES MATERIAL,CT,2
06479,PLANTSVILLE,CT,2
06480,PORTLAND,CT,2
06481,MIDDLEFIELD,CT,2
06482,NEWTOWN,CT,2
06483,SEYMOUR,CT,2
06484,HUNTINGTON,CT,2
06487,SOUTHBURY,CT,2
06488,SOUTHBURY,CT,2
06489,SOUTHINGTON,CT,2
06491,STEVENSON,CT,2
06492,WALLINGFORD,CT,2
06498,WESTBROOK,CT,2
06501,NEW HAVEN,CT,2
06502,NEW HAVEN,CT,2
06503,NEW HAVEN,CT,2
06504,NEW HAVEN,CT,2
06505,NEW HAVEN,CT,2
06506,NEW HAVEN,CT,2
06507,NEW HAVEN,CT,2
06508,NEW HAVEN,CT,2
06509,NEW HAVEN,CT,2
06510,NEW HAVEN,CT,2
06511,NEW HAVEN,CT,2
06512,NEW HAVEN,CT,2
06513,FAIR HAVEN,CT,2
06514,HAMDEN,CT,2
06515,WESTVILLE,CT,2
06516,ALLINGTOWN,CT,2
06517,NEW HAVEN,CT,2
06518,MOUNT CARMEL,CT,2
06519,KILBY,CT,2
06520,YALE,CT,2
06521,NEW HAVEN,CT,2
06524,NEW HAVEN,CT,2
06525,AMITY RETAIL STORE,CT,2
06530,NEW HAVEN,CT,2
06531,NEW HAVEN,CT,2
06532,NEW HAVEN,CT,2
06533,NEW HAVEN,CT,2
06534,NEW HAVEN,CT,2
06535,NEW HAVEN,CT,2
06536,NEW HAVEN,CT,2
06601,BRIDGEPORT CT S&DC,CT,2
06604,BRIDGEPORT CT S&DC,CT,2
06605,BRIDGEPORT CT S&DC,CT,2
06606,BAYVIEW,CT,2
06607,BRIDGEPORT CT S&DC,CT,2
06608,BRIDGEPORT CT S&DC,CT,2
06610,BAYVIEW,CT,2
06611,MONROE,CT,2
06612,EASTON,CT,2
06614,STRATFORD,CT,2
06615,STRATFORD,CT,2
06702,WATERBURY,CT,2
06703,LAKEWOOD,CT,2
06704,PLAZA,CT,2
06705,EAST END,CT,2
06706,WATERBURY,CT,2
06708,WATERBURY,CT,2
06710,PLAZA,CT,2
06712,PROSPECT,CT,2
06716,LAKEWOOD,CT,2
06720,WATERBURY,CT,2
06721,WATERBURY,CT,2
06722,WATERBURY,CT,2
06723,WATERBURY,CT,2
06724,WATERBURY,CT,2
06725,WATERBURY,CT,2
06726,WATERBURY,CT,2
06750,BANTAM,CT,2
06751,BETHLEHEM,CT,2
06752,BRIDGEWATER,CT,2
06753,CORNWALL,CT,2
06754,CORNWALL BRIDGE,CT,2
06755,GAYLORDSVILLE,CT,2
06756,GOSHEN,CT,2
06757,KENT,CT,2
06758,THOMASTON,CT,2
06759,LITCHFIELD,CT,2
06762,MIDDLEBURY,CT,2
06763,MORRIS CARRIERS,CT,2
06770,NAUGATUCK,CT,2
06776,NEW MILFORD,CT,2
06777,NEW PRESTON MARBLE DALE,CT,2
06778,THOMASTON,CT,2
06779,OAKVILLE,CT,2
06781,PEQUABUCK,CT,2
06782,PLYMOUTH,CT,2
06783,ROXBURY,CT,2
06784,SHERMAN,CT,2
06785,KENT,CT,2
06786,TERRYVILLE,CT,2
06787,THOMASTON,CT,2
06790,TORRINGTON,CT,2
06791,HARWINTON,CT,2
06793,WASHINGTON DEPOT,CT,2
06794,WASHINGTON DEPOT,CT,2
06795,WATERTOWN,CT,2
06796,WEST CORNWALL,CT,2
06798,WOODBURY,CT,2
06801,BETHEL,CT,2
06804,BROOKFIELD,CT,2
06807,COS COB,CT,2
06810,DANBURY,CT,2
06811,DANBURY,CT,2
06812,CANDLEWOOD ISLE DPOBU,CT,2
06813,DANBURY,CT,2
06820,DARIEN,CT,2
06824,COMMERCE,CT,2
06825,COMMERCE,CT,2
06829,GEORGETOWN,CT,2
06830,GREENWICH,CT,2
06831,GREENWICH,CT,2
06836,DOWNTOWN GREENWICH,CT,2
06838,GREENS FARMS,CT,2
06840,NEW CANAAN,CT,2
06850,NORWALK,CT,2
06851,BELDEN,CT,2
06852,BELDEN,CT,2
06853,NORWALK,CT,2
06854,NORWALK,CT,2
06855,NORWALK,CT,2
06856,NORWALK,CT,2
06870,OLD GREENWICH,CT,2
06875,REDDING CENTER,CT,2
06876,REDDING RIDGE,CT,2
06877,DANBURY,CT,2
06878,OLD GREENWICH,CT,2
06880,SAUGATUCK DPOBU,CT,2
06881,WESTPORT,CT,2
06883,WESTON,CT,2
06890,SOUTHPORT,CT,2
06896,WEST REDDING,CT,2
06897,WILTON,CT,2
06901,WEST AVE CARRIER UNIT,CT,2
06902,WEST AVE CARRIER UNIT,CT,2
06903,STAMFORD CT SDC,CT,2
06904,SUMMER ATLANTIC,CT,2
06905,BULLS HEAD,CT,2
06906,GLENBROOK,CT,2
06907,STAMFORD CT SDC,CT,2
06911,WEST AVE,CT,2
06912,STAMFORD CT SDC,CT,2
07001,AVENEL,NJ,2
07002,BAYONNE,NJ,2
07003,BLOOMFIELD,NJ,2
07004,FAIRFIELD,NJ,2
07005,BOONTON,NJ,2
07006,CALDWELL,NJ,2
07007,WEST CALDWELL,NJ,2
07008,CARTERET,NJ,2
07009,CEDAR GROVE,NJ,2
07010,CLIFF PARK,NJ,2
07011,CLIFTON,NJ,2
07012,ALLWOOD,NJ,2
07013,CLIFTON,NJ,2
07014,CLIFTON,NJ,2
07015,MAIN AVENUE,NJ,2
07016,CRANFORD,NJ,2
07017,EAST ORANGE,NJ,2
07018,EAST ORANGE,NJ,2
07019,AMPERE,NJ,2
07020,EDGEWATER,NJ,2
07021,ESSEX FELLS,NJ,2
07022,CLIFFSIDE PARK,NJ,2
07023,FANWOOD,NJ,2
07024,FORT LEE,NJ,2
07026,GARFIELD,NJ,2
07027,CRANFORD,NJ,2
07028,GLEN RIDGE,NJ,2
07029,HARRISON,NJ,2
07030,HOBOKEN,NJ,2
07031,KEARNY,NJ,2
07032,KEARNY,NJ,2
07033,KENILWORTH,NJ,2
07034,LAKE HIAWATHA,NJ,2
07035,LINCOLN PARK,NJ,2
07036,GRASSELLI,NJ,2
07039,LIVINGSTON,NJ,2
07040,MAPLECREST,NJ,2
07041,MILLBURN,NJ,2
07042,MONTCLAIR,NJ,2
07043,MEMORIAL,NJ,2
07044,MONTCLAIR,NJ,2
07045,MONTVILLE,NJ,2
07046,MOUNTAIN LAKES,NJ,2
07047,NORTH BERGEN,NJ,2
07050,ORANGE,NJ,2
07051,ORANGE,NJ,2
07052,ORANGE,NJ,2
07054,PARSIPPANY,NJ,2
07055,PASSAIC,NJ,2
07057,PASSAIC,NJ,2
07058,MONTVILLE,NJ,2
07059,WARREN,NJ,2
07060,MUHLENBERG,NJ,2
07061,PLAINFIELD,NJ,2
07062,NETHERWOOD,NJ,2
07063,MUHLENBERG,NJ,2
07064,PORT READING,NJ,2
07065,RAHWAY,NJ,2
07066,CLARK,NJ,2
07067,COLONIA,NJ,2
07068,ROSELAND,NJ,2
07069,PLAINFIELD,NJ,2
07070,RUTHERFORD,NJ,2
07071,LYNDHURST,NJ,2
07072,CARLSTADT,NJ,2
07073,EAST RUTHERFORD,NJ,2
07074,WOOD RIDGE,NJ,2
07075,WOOD RIDGE,NJ,2
07076,SCOTCH PLAINS,NJ,2
07077,SEWAREN,NJ,2
07078,SHORT HILLS,NJ,2
07079,SOUTH ORANGE,NJ,2
07080,SOUTH PLAINFIELD,NJ,2
07081,SPRINGFIELD,NJ,2
07082,MONTVILLE,NJ,2
07083,CHESTNUT,NJ,2
07086,UNION CITY,NJ,2
07087,BERGENLINE,NJ,2
07088,UNION,NJ,2
07090,WESTFIELD,NJ,2
07091,WESTFIELD,NJ,2
07092,MOUNTAINSIDE,NJ,2
07093,GUTTENBERG,NJ,2
07094,SECAUCUS,NJ,2
07095,WOODBRIDGE,NJ,2
07096,MEADOWS,NJ,2
07101,NEWARK NJ S&DC,NJ,2
07102,NEWARK NJ S&DC,NJ,2
07103,SPRINGFIELD AVE,NJ,2
07104,BELLEVILLE ANNEX,NJ,2
07105,IRONBOUND,NJ,2
07106,VAILSBURG,NJ,2
07107,ROSEVILLE,NJ,2
07108,SPRINGFIELD AVE,NJ,2
07109,BELLEVILLE,NJ,2
07110,BELLEVILLE ANNEX,NJ,2
07111,IRVINGTON,NJ,2
07112,SOUTH,NJ,2
07114,SOUTH,NJ,2
07201,ELIZABETH,NJ,2
07202,BAYWAY,NJ,2
07203,ROSELLE,NJ,2
07204,ELIZABETH,NJ,2
07205,ELIZABETH,NJ,2
07206,BAYWAY,NJ,2
07207,ELIZABETH,NJ,2
07208,ELIZABETH,NJ,2
07302,JERSEY CITY,NJ,2
07303,JERSEY CITY,NJ,2
07304,BERGEN NORTH,NJ,2
07305,BERGEN SOUTH,NJ,2
07306,JOURNAL SQUARE,NJ,2
07307,HUDSON CITY,NJ,2
07308,FIVE CORNERS,NJ,2
07310,JERSEY CITY,NJ,2
07311,JERSEY CITY,NJ,2
07401,ALLENDALE,NJ,2
07403,BLOOMINGDALE,NJ,2
07405,BUTLER,NJ,2
07407,ELMWOOD PARK,NJ,2
07410,FAIR LAWN,NJ,2
07416,FRANKLIN,NJ,2
07417,FRANKLIN LAKES,NJ,2
07418,GLENWOOD,NJ,2
07419,HAMBURG,NJ,2
07420,HASKELL,NJ,2
07421,HEWITT CARRIERS,NJ,2
07422,HIGHLAND LAKES,NJ,2
07423,HO HO KUS,NJ,2
07424,LITTLE FALLS,NJ,2
07428,MC AFEE,NJ,2
07430,MAHWAH,NJ,2
07432,MIDLAND PARK,NJ,2
07435,NEWFOUNDLAND,NJ,2
07436,OAKLAND,NJ,2
07438,JEFFERSON,NJ,2
07439,FRANKLIN,NJ,2
07440,PEQUANNOCK,NJ,2
07442,POMPTON LAKES,NJ,2
07444,POMPTON PLAINS,NJ,2
07446,MAHWAH CARRIER ANNEX,NJ,2
07450,RIDGEWOOD,NJ,2
07451,RIDGEWOOD,NJ,2
07452,GLEN ROCK,NJ,2
07456,RINGWOOD,NJ,2
07457,RIVERDALE,NJ,2
07458,MAHWAH CARRIER ANNEX,NJ,2
07460,OAK RIDGE,NJ,2
07461,SUSSEX,NJ,2
07462,VERNON,NJ,2
07463,WALDWICK,NJ,2
07465,WANAQUE,NJ,2
07470,WAYNE,NJ,2
07474,PACKANACK LAKE,NJ,2
07480,WEST MILFORD,NJ,2
07481,WYCKOFF,NJ,2
07501,PATERSON NJ SDC,NJ,2
07502,TOTOWA,NJ,2
07503,SOUTH PATERSON,NJ,2
07504,PATERSON NJ SDC,NJ,2
07505,PATERSON NJ SDC,NJ,2
07506,HAWTHORNE,NJ,2
07507,HAWTHORNE,NJ,2
07508,HALEDON,NJ,2
07509,PATERSON NJ SDC,NJ,2
07511,TOTOWA,NJ,2
07512,TOTOWA,NJ,2
07513,PATERSON NJ SDC,NJ,2
07514,PATERSON NJ SDC,NJ,2
07522,PATERSON NJ SDC,NJ,2
07524,PATERSON NJ SDC,NJ,2
07533,SOUTH PATERSON,NJ,2
07538,HALEDON,NJ,2
07543,PARK,NJ,2
07544,PATERSON NJ SDC,NJ,2
07601,SOUTH HACKENSACK,NJ,2
07602,HACKENSACK,NJ,2
07603,BOGOTA,NJ,2
07604,HASBROUCK HEIGHTS,NJ,2
07605,LEONIA,NJ,2
07606,SOUTH HACKENSACK,NJ,2
07607,MAYWOOD,NJ,2
07608,SOUTH HACKENSACK,NJ,2
07620,ALPINE,NJ,2
07621,BERGENFIELD,NJ,2
07624,CLOSTER,NJ,2
07626,CRESSKILL,NJ,2
07627,DEMAREST,NJ,2
07628,DUMONT,NJ,2
07630,EMERSON,NJ,2
07631,ENGLEWOOD,NJ,2
07632,ENGLEWOOD ANNEX,NJ,2
07640,HARRINGTON PARK,NJ,2
07641,CLOSTER,NJ,2
07642,HILLSDALE,NJ,2
07643,LITTLE FERRY,NJ,2
07644,LODI,NJ,2
07645,MONTVALE,NJ,2
07646,BERGENFIELD,NJ,2
07647,NORTHVALE,NJ,2
07648,NORWOOD,NJ,2
07649,ORADELL,NJ,2
07650,PALISADES PARK,NJ,2
07652,PARAMUS,NJ,2
07653,PARAMUS,NJ,2
07656,PARK RIDGE,NJ,2
07657,RIDGEFIELD,NJ,2
07660,RIDGEFIELD PARK,NJ,2
07661,NEW BRIDGE LANDING,NJ,2
07662,ROCHELLE PARK,NJ,2
07663,SADDLE BROOK,NJ,2
07666,TEANECK,NJ,2
07670,TENAFLY,NJ,2
07675,RIVER VALE,NJ,2
07676,TOWNSHIP OF WASHINGTON,NJ,2
07677,WESTWOOD,NJ,2
07701,RED BANK,NJ,2
07702,RED BANK,NJ,2
07704,FAIR HAVEN,NJ,2
07710,ADELPHIA,NJ,2
07711,ALLENHURST,NJ,2
07712,ASBURY PARK,NJ,2
07716,ATLANTIC HIGHLANDS,NJ,2
07717,AVON BY THE SEA,NJ,2
07718,BELFORD,NJ,2
07719,BELMAR,NJ,2
07720,BRADLEY BEACH,NJ,2
07721,CLIFFWOOD,NJ,2
07722,COLTS NECK,NJ,2
07723,ASBURY PARK,NJ,2
07724,EATONTOWN,NJ,2
07726,ENGLISHTOWN,NJ,2
07727,FARMINGDALE,NJ,2
07728,FREEHOLD,NJ,2
07730,HAZLET,NJ,2
07731,HOWELL,NJ,2
07732,HIGHLANDS,NJ,2
07733,HOLMDEL,NJ,2
07734,KEANSBURG,NJ,2
07735,KEYPORT,NJ,2
07737,BELFORD,NJ,2
07738,LINCROFT,NJ,2
07739,LITTLE SILVER,NJ,2
07740,BROADWAY,NJ,2
07746,FREEHOLD,NJ,2
07747,MATAWAN,NJ,2
07748,MIDDLETOWN,NJ,2
07750,MONMOUTH BEACH,NJ,2
07751,ENGLISHTOWN,NJ,2
07752,NAVESINK,NJ,2
07753,NEPTUNE,NJ,2
07754,NEPTUNE,NJ,2
07755,OAKHURST,NJ,2
07756,NEPTUNE,NJ,2
07757,OCEANPORT,NJ,2
07758,BELFORD,NJ,2
07760,RUMSON,NJ,2
07762,SPRING LAKE,NJ,2
07763,TENNENT,NJ,2
07764,EATONTOWN,NJ,2
07765,WICKATUNK,NJ,2
07801,DOVER ANNEX,NJ,2
07802,DOVER,NJ,2
07803,DOVER ANNEX,NJ,2
07820,ALLAMUCHY,NJ,2
07821,ANDOVER,NJ,2
07822,AUGUSTA,NJ,2
07823,BELVIDERE,NJ,2
07825,BLAIRSTOWN,NJ,2
07826,BRANCHVILLE,NJ,2
07827,BRANCHVILLE,NJ,2
07828,BUDD LAKE,NJ,2
07830,CALIFON,NJ,2
07831,WASHINGTON,NJ,2
07832,COLUMBIA,NJ,2
07833,DELAWARE,NJ,2
07834,DENVILLE,NJ,2
07836,FLANDERS,NJ,2
07837,GLASSER,NJ,2
07838,GREAT MEADOWS,NJ,2
07839,GREENDELL,NJ,2
07840,HACKETTSTOWN,NJ,2
07842,HIBERNIA,NJ,2
07843,HOPATCONG,NJ,2
07844,HOPE,NJ,2
07845,IRONIA,NJ,2
07846,GREENDELL,NJ,2
07847,KENVIL,NJ,2
07848,AUGUSTA,NJ,2
07849,LAKE HOPATCONG,NJ,2
07850,HOPATCONG,NJ,2
07851,LAYTON,NJ,2
07852,LEDGEWOOD,NJ,2
07853,LONG VALLEY,NJ,2
07855,MIDDLEVILLE,NJ,2
07856,MOUNT ARLINGTON,NJ,2
07857,NETCONG,NJ,2
07860,NEWTON,NJ,2
07863,OXFORD,NJ,2
07865,HACKETTSTOWN,NJ,2
07866,DOVER ANNEX,NJ,2
07869,DOVER ANNEX,NJ,2
07870,SCHOOLEYS MOUNTAIN,NJ,2
07871,SPARTA,NJ,2
07874,STANHOPE,NJ,2
07875,STILLWATER,NJ,2
07876,SUCCASUNNA,NJ,2
07877,SWARTSWOOD,NJ,2
07878,MOUNT TABOR,NJ,2
07879,TRANQUILITY,NJ,2
07880,VIENNA,NJ,2
07882,WASHINGTON,NJ,2
07885,DOVER ANNEX,NJ,2
07901,SUMMIT,NJ,2
07902,SUMMIT,NJ,2
07920,BASKING RIDGE,NJ,2
07921,BEDMINSTER,NJ,2
07922,BERKELEY HEIGHTS,NJ,2
07924,BERNARDSVILLE,NJ,2
07926,BROOKSIDE,NJ,2
07927,CEDAR KNOLLS,NJ,2
07928,CHATHAM,NJ,2
07930,CHESTER,NJ,2
07931,BEDMINSTER,NJ,2
07932,FLORHAM PARK,NJ,2
07933,GILLETTE,NJ,2
07934,BEDMINSTER,NJ,2
07935,GREEN VILLAGE,NJ,2
07936,EAST HANOVER,NJ,2
07938,LIBERTY CORNER,NJ,2
07939,LYONS,NJ,2
07940,MADISON,NJ,2
07945,MENDHAM,NJ,2
07946,MILLINGTON,NJ,2
07950,MORRIS PLAINS,NJ,2
07960,MORRISTOWN,NJ,2
07961,CONVENT STATION,NJ,2
07962,MORRISTOWN,NJ,2
07963,MORRIS ST,NJ,2
07970,MOUNT FREEDOM,NJ,2
07974,NEW PROVIDENCE,NJ,2
07976,NEW VERNON,NJ,2
07977,PEAPACK,NJ,2
07978,PLUCKEMIN,NJ,2
07979,POTTERSVILLE,NJ,2
07980,STIRLING,NJ,2
07981,MORRISTOWN,NJ,2
08001,ALLOWAY,NJ,2
08002,CHERRY HILL,NJ,2
08003,CHERRY HILL,NJ,2
08004,ATCO,NJ,2
08005,BARNEGAT,NJ,2
08006,BARNEGAT LIGHT,NJ,2
08007,BARRINGTON,NJ,2
08008,BEACH HAVEN,NJ,2
08009,ATCO,NJ,2
08010,BEVERLY,NJ,2
08011,BIRMINGHAM,NJ,2
08012,BLACKWOOD,NJ,2
08014,BRIDGEPORT,NJ,2
08015,BROWNS MILLS,NJ,2
08016,BURLINGTON,NJ,2
08018,CEDAR BROOK,NJ,2
08019,CHATSWORTH,NJ,2
08020,CLARKSBORO,NJ,2
08021,CLEMENTON,NJ,2
08022,BURLINGTON,NJ,2
08023,DEEPWATER,NJ,2
08025,MULLICA HILL,NJ,2
08026,GIBBSBORO,NJ,2
08027,GIBBSTOWN,NJ,2
08028,GLASSBORO,NJ,2
08029,DEPTFORD,NJ,2
08030,CAMDEN CARRIER ANNEX,NJ,2
08031,CAMDEN CARRIER ANNEX,NJ,2
08032,GRENLOCH,NJ,2
08033,CHERRY HILL,NJ,2
08034,CHERRY HILL,NJ,2
08035,CAMDEN CARRIER ANNEX,NJ,2
08036,HAINESPORT,NJ,2
08037,HAMMONTON,NJ,2
08038,HANCOCKS BRIDGE,NJ,2
08039,HARRISONVILLE,NJ,2
08041,JOBSTOWN,NJ,2
08042,JULIUSTOWN,NJ,2
08043,VOORHEES,NJ,2
08045,DEPTFORD,NJ,2
08046,WILLINGBORO,NJ,2
08048,LUMBERTON,NJ,2
08049,MAGNOLIA,NJ,2
08050,MANAHAWKIN,NJ,2
08051,MANTUA,NJ,2
08052,MAPLE SHADE,NJ,2
08053,MARLTON,NJ,2
08054,MOUNT LAUREL,NJ,2
08055,CPU MEDFORD LAKES,NJ,2
08056,MICKLETON,NJ,2
08057,MOORESTOWN,NJ,2
08059,CAMDEN CARRIER ANNEX,NJ,2
08060,MOUNT HOLLY,NJ,2
08061,MICKLETON,NJ,2
08062,MULLICA HILL,NJ,2
08063,DEPTFORD,NJ,2
08064,NEW LISBON,NJ,2
08065,CINNAMINSON,NJ,2
08066,GIBBSTOWN,NJ,2
08067,PEDRICKTOWN,NJ,2
08068,PEMBERTON,NJ,2
08069,PENNS GROVE,NJ,2
08070,PENNSVILLE,NJ,2
08071,DEPTFORD,NJ,2
08072,QUINTON,NJ,2
08073,RANCOCAS,NJ,2
08074,RICHWOOD,NJ,2
08075,DELANCO,NJ,2
08077,CINNAMINSON,NJ,2
08078,DEPTFORD,NJ,2
08079,PENNSVILLE,NJ,2
08080,SEWELL,NJ,2
08081,SICKLERVILLE,NJ,2
08083,SOMERDALE,NJ,2
08084,STRATFORD,NJ,2
08085,SWEDESBORO,NJ,2
08086,DEPTFORD,NJ,2
08087,LITTLE EGG HARBOR,NJ,2
08088,VINCENTOWN,NJ,2
08089,ATCO,NJ,2
08090,SEWELL,NJ,2
08091,CLEMENTON CARRIER ANNEX,NJ,2
08092,MANAHAWKIN,NJ,2
08093,CAMDEN CARRIER ANNEX,NJ,2
08094,WILLIAMSTOWN,NJ,2
08095,HAMMONTON,NJ,2
08096,DEPTFORD,NJ,2
08097,DEPTFORD,NJ,2
08098,ELMER,NJ,2
08099,BELLMAWR,NJ,2
08101,CAMDEN,NJ,2
08102,CAMDEN CARRIER ANNEX,NJ,2
08103,CAMDEN CARRIER ANNEX,NJ,2
08104,CAMDEN CARRIER ANNEX,NJ,2
08105,CAMDEN CARRIER ANNEX,NJ,2
08106,AUDUBON,NJ,2
08107,CAMDEN CARRIER ANNEX,NJ,2
08108,CAMDEN CARRIER ANNEX,NJ,2
08109,CAMDEN CARRIER ANNEX,NJ,2
08110,CAMDEN CARRIER ANNEX,NJ,2
08201,ABSECON,NJ,2
08202,AVALON,NJ,2
08203,ATLANTIC CITY CARRIER ANNEX,NJ,2
08204,CAPE MAY,NJ,2
08205,EGG HARBOR TOWNSHIP NJ SDC,NJ,2
08210,CAPE MAY COURT HOUSE,NJ,2
08212,CAPE MAY POINT,NJ,2
08213,COLOGNE,NJ,2
08214,DENNISVILLE,NJ,2
08215,EGG HARBOR CITY,NJ,2
08217,HAMMONTON,NJ,2
08218,DENNISVILLE,NJ,2
08219,GREEN CREEK,NJ,2
08220,LEEDS POINT,NJ,2
08221,LINWOOD,NJ,2
08223,MARMORA,NJ,2
08224,NEW GRETNA,NJ,2
08225,EGG HARBOR TOWNSHIP NJ SDC,NJ,2
08226,CPU CITY OF OCEAN CITY,NJ,2
08230,OCEAN VIEW,NJ,2
08231,OCEANVILLE,NJ,2
08232,EGG HARBOR TOWNSHIP NJ SDC,NJ,2
08234,EGG HARBOR TOWNSHIP NJ SDC,NJ,2
08240,POMONA,NJ,2
08241,EGG HARBOR TOWNSHIP NJ SDC,NJ,2
08242,RIO GRANDE,NJ,2
08243,SEA ISLE CITY,NJ,2
08244,SOMERS POINT,NJ,2
08245,SOUTH DENNIS,NJ,2
08246,SOUTH SEAVILLE,NJ,2
08247,CAPE MAY COURT HOUSE,NJ,2
08248,STRATHMERE,NJ,2
08250,TUCKAHOE,NJ,2
08251,RIO GRANDE,NJ,2
08252,WHITESBORO,NJ,2
08260,RIO GRANDE,NJ,2
08270,WOODBINE,NJ,2
08302,BRIDGETON,NJ,2
08310,BUENA,NJ,2
08311,BRIDGETON,NJ,2
08312,CLAYTON,NJ,2
08313,DEERFIELD STREET,NJ,2
08314,DELMONT,NJ,2
08315,DIVIDING CREEK,NJ,2
08316,DORCHESTER,NJ,2
08317,DOROTHY,NJ,2
08318,ELMER,NJ,2
08319,ESTELL MANOR,NJ,2
08320,FAIRTON,NJ,2
08321,FORTESCUE,NJ,2
08322,FRANKLINVILLE,NJ,2
08323,GREENWICH,NJ,2
08324,HEISLERVILLE,NJ,2
08326,LANDISVILLE,NJ,2
08327,LEESBURG,NJ,2
08328,MALAGA,NJ,2
08329,MAURICETOWN,NJ,2
08330,MAYS LANDING,NJ,2
08332,MILLVILLE,NJ,2
08340,MILMAY,NJ,2
08341,MINOTOLA,NJ,2
08342,MIZPAH,NJ,2
08343,ELMER,NJ,2
08344,NEWFIELD,NJ,2
08345,BRIDGETON,NJ,2
08346,NEWTONVILLE,NJ,2
08347,NORMA,NJ,2
08348,PORT ELIZABETH,NJ,2
08349,MILLVILLE,NJ,2
08350,RICHLAND,NJ,2
08352,ROSENHAYN,NJ,2
08353,SHILOH,NJ,2
08360,VINELAND NJ S&DC,NJ,2
08361,VINELAND NJ S&DC,NJ,2
08362,SOUTH VINELAND,NJ,2
08401,ATLANTIC CITY CARRIER ANNEX,NJ,2
08402,MARGATE CITY,NJ,2
08403,MARGATE CITY,NJ,2
08404,ATLANTIC CITY,NJ,2
08406,ATLANTIC CITY CARRIER ANNEX,NJ,2
08501,ALLENTOWN,NJ,2
08502,BELLE MEAD,NJ,2
08504,BLAWENBURG,NJ,2
08505,BORDENTOWN,NJ,2
08510,CLARKSBURG,NJ,2
08511,COOKSTOWN,NJ,2
08512,CRANBURY,NJ,2
08514,CREAM RIDGE,NJ,2
08515,CROSSWICKS,NJ,2
08518,BORDENTOWN,NJ,2
08520,HIGHTSTOWN,NJ,2
08525,HOPEWELL,NJ,2
08526,CLARKSBURG,NJ,2
08527,JACKSON,NJ,2
08528,KINGSTON,NJ,2
08530,LAMBERTVILLE,NJ,2
08533,NEW EGYPT,NJ,2
08534,PENNINGTON,NJ,2
08535,PERRINEVILLE,NJ,2
08536,PLAINSBORO,NJ,2
08540,PRINCETON,NJ,2
08542,PALMER SQUARE,NJ,2
08543,PRINCETON,NJ,2
08550,PRINCETON,NJ,2
08551,RINGOES,NJ,2
08553,ROCKY HILL,NJ,2
08554,BORDENTOWN,NJ,2
08555,ROOSEVELT,NJ,2
08556,ROSEMONT,NJ,2
08557,STOCKTON,NJ,2
08558,BELLE MEAD,NJ,2
08559,RINGOES,NJ,2
08560,PENNINGTON,NJ,2
08561,WINDSOR,NJ,2
08562,WRIGHTSTOWN,NJ,2
08601,DOWNTOWN,NJ,2
08602,DOWNTOWN,NJ,2
08603,DOWNTOWN,NJ,2
08604,DOWNTOWN,NJ,2
08605,DOWNTOWN,NJ,2
08606,DOWNTOWN,NJ,2
08607,DOWNTOWN,NJ,2
08608,DOWNTOWN,NJ,2
08609,DOWNTOWN,NJ,2
08610,INDEPENDENCE,NJ,2
08611,DOWNTOWN,NJ,2
08618,DOWNTOWN,NJ,2
08619,MERCERVILLE,NJ,2
08620,TRENTON,NJ,2
08625,TRENTON,NJ,2
08628,CIRCLE,NJ,2
08629,TRENTON CARRIER ANNEX,NJ,2
08638,CIRCLE,NJ,2
08640,FORT DIX,NJ,2
08641,FORT DIX,NJ,2
08648,CIRCLE,NJ,2
08650,TRENTON,NJ,2
08690,MERCERVILLE,NJ,2
08691,TRENTON,NJ,2
08701,LAKEWOOD,NJ,2
08720,ALLENWOOD,NJ,2
08721,BAYVILLE,NJ,2
08722,BAYVILLE,NJ,2
08723,BRICK,NJ,2
08724,BRICK,NJ,2
08730,BRIELLE,NJ,2
08731,FORKED RIVER,NJ,2
08732,ISLAND HEIGHTS,NJ,2
08733,LAKEHURST,NJ,2
08734,BAYVILLE,NJ,2
08735,BRICK,NJ,2
08736,MANASQUAN,NJ,2
08738,BRICK,NJ,2
08739,NORMANDY BEACH,NJ,2
08740,OCEAN GATE,NJ,2
08741,BAYVILLE,NJ,2
08742,BAY HEAD,NJ,2
08750,SEA GIRT,NJ,2
08751,SEASIDE HEIGHTS,NJ,2
08752,SEASIDE PARK,NJ,2
08753,TOMS RIVER,NJ,2
08754,TOMS RIVER,NJ,2
08755,TOMS RIVER,NJ,2
08756,HOLIDAY CITY,NJ,2
08757,TOMS RIVER,NJ,2
08758,WARETOWN,NJ,2
08759,LAKEHURST,NJ,2
08801,ANNANDALE,NJ,2
08802,ASBURY,NJ,2
08803,BAPTISTOWN,NJ,2
08804,BLOOMSBURY,NJ,2
08805,BOUND BROOK,NJ,2
08807,BRIDGEWATER,NJ,2
08808,BROADWAY,NJ,2
08809,CLINTON,NJ,2
08810,DAYTON,NJ,2
08812,DUNELLEN,NJ,2
08816,EAST BRUNSWICK,NJ,2
08817,KILMER NJ S&DC,NJ,2
08818,EDISON,NJ,2
08820,KILMER NJ S&DC,NJ,2
08821,FLAGTOWN,NJ,2
08822,FLEMINGTON,NJ,2
08823,KENDALL PARK,NJ,2
08824,KENDALL PARK,NJ,2
08825,FRENCHTOWN,NJ,2
08826,GLEN GARDNER,NJ,2
08827,HAMPTON,NJ,2
08828,HELMETTA,NJ,2
08829,HIGH BRIDGE,NJ,2
08830,ISELIN,NJ,2
08831,JAMESBURG,NJ,2
08832,KEASBEY,NJ,2
08833,LEBANON,NJ,2
08834,MILFORD,NJ,2
08835,HILLSBOROUGH,NJ,2
08836,MARTINSVILLE,NJ,2
08837,KILMER NJ S&DC,NJ,2
08840,BRAINY BORO,NJ,2
08844,HILLSBOROUGH,NJ,2
08846,KILMER NJ S&DC,NJ,2
08848,FRENCHTOWN,NJ,2
08850,EAST BRUNSWICK,NJ,2
08852,MONMOUTH JUNCTION,NJ,2
08853,HILLSBOROUGH,NJ,2
08854,PISCATAWAY,NJ,2
08855,PISCATAWAY,NJ,2
08857,KILMER NJ S&DC,NJ,2
08858,OLDWICK,NJ,2
08859,ERNSTON,NJ,2
08861,PERTH AMBOY,NJ,2
08862,PERTH AMBOY,NJ,2
08863,FORDS,NJ,2
08865,PHILLIPSBURG,NJ,2
08867,PITTSTOWN,NJ,2
08868,QUAKERTOWN,NJ,2
08869,RARITAN,NJ,2
08870,READINGTON,NJ,2
08871,SAYREVILLE,NJ,2
08872,SAYREVILLE,NJ,2
08873,KILMER NJ S&DC,NJ,2
08875,EAST MILLSTONE,NJ,2
08876,NORTH BRANCH,NJ,2
08879,LAURENCE HARBOR,NJ,2
08880,SOUTH BOUND BROOK,NJ,2
08882,SOUTH RIVER,NJ,2
08884,KILMER NJ S&DC,NJ,2
08885,STANTON,NJ,2
08886,STEWARTSVILLE,NJ,2
08887,FLEMINGTON,NJ,2
08888,WHITEHOUSE,NJ,2
08889,WHITEHOUSE STATION,NJ,2
08890,SOMERSET,NJ,2
08901,KILMER NJ S&DC,NJ,2
08902,KILMER NJ S&DC,NJ,2
08903,HANDY STREET,NJ,2
08904,HIGHLAND PARK,NJ,2
08906,KILMER NJ S&DC,NJ,2
10001,GREELEY SQUARE,NY,2
10002,KNICKERBOCKER,NY,2
10003,COOPER,NY,2
10004,BOWLING GREEN ANNEX,NY,2
10005,WALL STREET ANNEX,NY,2
10006,TRINITY CARRIER ANNEX,NY,2
10007,CHURCH STREET,NY,2
10008,CHURCH STREET,NY,2
10009,PETER STUYVESANT,NY,2
10010,MADISON SQUARE,NY,2
10011,LONDON TERRACE,NY,2
10012,CANAL STREET,NY,2
10013,CANAL STREET,NY,2
10014,VILLAGE,NY,2
10016,MURRAY HILL ANNEX,NY,2
10017,GRAND CENTRAL,NY,2
10018,MIDTOWN,NY,2
10019,RADIO CITY,NY,2
10020,RCU ANNEX,NY,2
10021,CHEROKEE,NY,2
10022,FDR STATION,NY,2
10023,ANSONIA,NY,2
10024,PLANETARIUM,NY,2
10025,CATHEDRAL,NY,2
10026,MANHATTANVILLE,NY,2
10027,MANHATTANVILLE,NY,2
10028,GRACIE,NY,2
10029,HELLGATE STATION,NY,2
10030,COLLEGE STATION,NY,2
10031,HAMILTON GRANGE CARR SECT,NY,2
10032,AUDUBON,NY,2
10033,FORT GEORGE,NY,2
10034,INWOOD,NY,2
10035,TRIBOROUGH,NY,2
10036,TIMES SQUARE,NY,2
10037,LINCOLNTON,NY,2
10038,PECK SLIP ANNEX,NY,2
10039,COLONIAL PARK,NY,2
10040,FORT GEORGE,NY,2
10044,ROOSEVELT ISLAND,NY,2
10065,LENOX HILL SOUTH,NY,2
10069,ANSONIA,NY,2
10075,LENOX HILL NORTH,NY,2
10101,RADIO CITY,NY,2
10104,RADIO CITY,NY,2
10106,RADIO CITY,NY,2
10107,RADIO CITY,NY,2
10108,TIMES SQUARE,NY,2
10111,RCU ANNEX,NY,2
10112,RCU ANNEX,NY,2
10113,OLD CHELSEA,NY,2
10116,JAMES A FARLEY,NY,2
10118,JAMES A FARLEY,NY,2
10119,JAMES A FARLEY,NY,2
10128,GRACIE,NY,2
10129,TIMES SQUARE,NY,2
10150,FDR STATION,NY,2
10151,FDR STATION,NY,2
10153,FDR STATION,NY,2
10156,MURRAY HILL,NY,2
10159,MADISON SQUARE,NY,2
10162,LENOX HILL,NY,2
10163,GRAND CENTRAL,NY,2
10165,GRAND CENTRAL,NY,2
10168,GRAND CENTRAL,NY,2
10169,GRAND CENTRAL,NY,2
10170,GRAND CENTRAL,NY,2
10174,GRAND CENTRAL,NY,2
10175,GRAND CENTRAL,NY,2
10176,GRAND CENTRAL,NY,2
10178,GRAND CENTRAL,NY,2
10185,ROCKEFELLER CENTER,NY,2
10268,WALL STREET ANNEX,NY,2
10272,PECK SLIP,NY,2
10274,BOWLING GREEN ANNEX,NY,2
10276,COOPER,NY,2
10280,TRINITY CARRIER ANNEX,NY,2
10282,CHURCH STREET,NY,2
10301,SAINT GEORGE,NY,2
10302,PORT RICHMOND,NY,2
10303,MARINERS HARBOR CARRIER,NY,2
10304,STAPLETON,NY,2
10305,ROSEBANK,NY,2
10306,NEW DORP,NY,2
10307,TOTTENVILLE,NY,2
10308,ELTINGVILLE,NY,2
10309,PRINCES BAY,NY,2
10310,WEST NEW BRIGHTON,NY,2
10312,ELTINGVILLE,NY,2
10313,NEW SPRINGVILLE,NY,2
10314,STATEN ISLAND,NY,2
10451,BRONX,NY,2
10452,HIGHBRIDGE,NY,2
10453,MORRIS HEIGHTS,NY,2
10454,MOTT HAVEN,NY,2
10455,HUB,NY,2
10456,MORRISANIA,NY,2
10457,TREMONT,NY,2
10458,FORDHAM,NY,2
10459,BOULEVARD,NY,2
10460,WEST FARMS,NY,2
10461,PILGRIM,NY,2
10462,PARKCHESTER,NY,2
10463,KINGSBRIDGE,NY,2
10464,CITY ISLAND,NY,2
10465,THROGGS NECK,NY,2
10466,WAKEFIELD,NY,2
10467,ALLERTON,NY,2
10468,JEROME STATION,NY,2
10469,BAYCHESTER,NY,2
10470,WOODLAWN,NY,2
10471,RIVERDALE,NY,2
10472,SOUNDVIEW,NY,2
10473,CORNELL,NY,2
10474,HUNTS POINT,NY,2
10475,CO OP CITY,NY,2
10501,AMAWALK,NY,2
10502,ARDSLEY,NY,2
10503,ARDSLEY ON HUDSON,NY,2
10504,ARMONK,NY,2
10505,BALDWIN PLACE,NY,2
10506,BEDFORD,NY,2
10507,BEDFORD HILLS,NY,2
10509,BREWSTER,NY,2
10510,BRIARCLIFF MANOR,NY,2
10511,BUCHANAN,NY,2
10512,CARMEL,NY,2
10514,CHAPPAQUA,NY,2
10516,COLD SPRING,NY,2
10517,CROMPOND,NY,2
10518,CROSS RIVER,NY,2
10519,CROTON FALLS,NY,2
10520,CROTON ON HUDSON,NY,2
10521,CRUGERS,NY,2
10522,DOBBS FERRY,NY,2
10523,ELMSFORD,NY,2
10524,GARRISON,NY,2
10526,GOLDENS BRIDGE,NY,2
10527,AMAWALK,NY,2
10528,HARRISON,NY,2
10530,HARTSDALE,NY,2
10532,HAWTHORNE,NY,2
10533,IRVINGTON,NY,2
10535,JEFFERSON VALLEY,NY,2
10536,KATONAH,NY,2
10537,LAKE PEEKSKILL,NY,2
10538,LARCHMONT,NY,2
10540,LINCOLNDALE,NY,2
10541,MAHOPAC,NY,2
10542,MAHOPAC FALLS,NY,2
10543,MAMARONECK,NY,2
10545,MARYKNOLL,NY,2
10546,CHAPPAQUA,NY,2
10547,MOHEGAN LAKE,NY,2
10548,MONTROSE,NY,2
10549,MOUNT KISCO,NY,2
10550,MOUNT VERNON,NY,2
10551,MOUNT VERNON,NY,2
10552,FLEETWOOD,NY,2
10553,MOUNT VERNON,NY,2
10560,NORTH SALEM,NY,2
10562,OSSINING,NY,2
10566,PEEKSKILL,NY,2
10567,PEEKSKILL,NY,2
10570,PLEASANTVILLE,NY,2
10573,PORT CHESTER,NY,2
10576,POUND RIDGE,NY,2
10577,PURCHASE,NY,2
10578,PURDYS,NY,2
10579,PUTNAM VALLEY,NY,2
10580,RYE,NY,2
10583,HEATHCOTE,NY,2
10587,SHENOROCK,NY,2
10588,SHRUB OAK,NY,2
10589,SOMERS,NY,2
10590,SOUTH SALEM,NY,2
10591,NORTH TARRYTOWN,NY,2
10594,THORNWOOD,NY,2
10595,VALHALLA,NY,2
10596,VERPLANCK,NY,2
10597,SOUTH SALEM ANNEX,NY,2
10598,YORKTOWN HEIGHTS,NY,2
10601,WHITE PLAINS,NY,2
10602,MARTINE,NY,2
10603,NORTH WHITE PLAINS,NY,2
10604,WHITE PLAINS,NY,2
10605,GEDNEY,NY,2
10606,WHITE PLAINS,NY,2
10607,WHITE PLAINS,NY,2
10701,YONKERS,NY,2
10702,YONKERS,NY,2
10703,GREYSTONE,NY,2
10704,YONKERS EAST,NY,2
10705,YONKERS SOUTH,NY,2
10706,HASTINGS ON HUDSON,NY,2
10707,TUCKAHOE,NY,2
10708,BRONXVILLE,NY,2
10709,EASTCHESTER,NY,2
10710,CENTUCK,NY,2
10801,NEW ROCHELLE,NY,2
10802,NEW ROCHELLE,NY,2
10803,PELHAM,NY,2
10804,WYKAGYL,NY,2
10805,NEW ROCHELLE,NY,2
10901,SUFFERN,NY,2
10910,SOUTHFIELDS,NY,2
10911,BEAR MOUNTAIN,NY,2
10912,GREENWOOD LAKE,NY,2
10913,BLAUVELT,NY,2
10914,BLOOMING GROVE,NY,2
10915,BULLVILLE,NY,2
10916,CAMPBELL HALL,NY,2
10917,CENTRAL VALLEY,NY,2
10918,CHESTER,NY,2
10919,CIRCLEVILLE,NY,2
10920,CONGERS,NY,2
10921,FLORIDA,NY,2
10922,FORT MONTGOMERY,NY,2
10923,GARNERVILLE,NY,2
10924,GOSHEN,NY,2
10925,GREENWOOD LAKE,NY,2
10926,HARRIMAN,NY,2
10927,HAVERSTRAW,NY,2
10928,HIGHLAND FALLS,NY,2
10930,HIGHLAND MILLS,NY,2
10931,HILLBURN,NY,2
10932,HOWELLS,NY,2
10933,JOHNSON,NY,2
10940,MIDDLETOWN,NY,2
10941,MIDDLETOWN,NY,2
10949,MONROE,NY,2
10950,MONROE,NY,2
10952,MONSEY,NY,2
10953,MOUNTAINVILLE,NY,2
10954,BARDONIA,NY,2
10956,NEW CITY,NY,2
10958,NEW HAMPTON,NY,2
10959,NEW MILFORD,NY,2
10960,NYACK,NY,2
10962,ORANGEBURG,NY,2
10963,OTISVILLE,NY,2
10964,PALISADES,NY,2
10965,PEARL RIVER,NY,2
10968,PIERMONT,NY,2
10969,PINE ISLAND,NY,2
10970,POMONA,NY,2
10973,SLATE HILL,NY,2
10974,SLOATSBURG,NY,2
10975,SOUTHFIELDS,NY,2
10976,SPARKILL,NY,2
10977,MONSEY,NY,2
10979,STERLING FOREST NPU,NY,2
10980,STONY POINT,NY,2
10981,SUGAR LOAF,NY,2
10982,TALLMAN,NY,2
10983,TAPPAN,NY,2
10984,THIELLS,NY,2
10985,CIRCLEVILLE,NY,2
10986,TOMKINS COVE,NY,2
10987,SLOATSBURG,NY,2
10988,UNIONVILLE,NY,2
10989,VALLEY COTTAGE,NY,2
10990,WARWICK,NY,2
10992,WASHINGTONVILLE,NY,2
10993,WEST HAVERSTRAW,NY,2
10994,WEST NYACK,NY,2
10996,WEST POINT,NY,2
10997,U S C C,NY,2
10998,WESTTOWN,NY,2
11001,FLORAL PARK,NY,2
11002,FLORAL PARK,NY,2
11003,ALDEN MANOR,NY,2
11004,FLORAL PARK,NY,2
11005,FLORAL PARK,NY,2
11010,FRANKLIN SQUARE,NY,2
11020,GREAT NECK CARRIER ANNEX,NY,2
11021,GREAT NECK CARRIER ANNEX,NY,2
11022,GREAT NECK,NY,2
11023,GREAT NECK CARRIER ANNEX,NY,2
11024,GREAT NECK CARRIER ANNEX,NY,2
11030,MANHASSET,NY,2
11040,HILLSIDE MANOR,NY,2
11042,NEW HYDE PARK,NY,2
11050,PORT WASHINGTON,NY,2
11096,FAR ROCKAWAY,NY,2
11101,LONG ISLAND CITY,NY,2
11102,ASTORIA,NY,2
11103,GRAND,NY,2
11104,SUNNYSIDE,NY,2
11105,WOOLSEY,NY,2
11106,BROADWAY,NY,2
11109,LONG ISLAND CITY,NY,2
11201,CADMAN PLAZA,NY,2
11202,CADMAN PLAZA,NY,2
11203,RUGBY,NY,2
11204,PARKVILLE,NY,2
11205,METROPOLITAN,NY,2
11206,METROPOLITAN,NY,2
11207,EAST NEW YORK,NY,2
11208,NEW LOTS,NY,2
11209,FORT HAMILTON,NY,2
11210,VANDERVEER,NY,2
11211,WILLIAMSBURG,NY,2
11212,BROWNSVILLE,NY,2
11213,MAJOR ROBERT OWENS,NY,2
11214,BATH BEACH,NY,2
11215,VAN BRUNT,NY,2
11216,BREVOORT,NY,2
11217,TIMES PLAZA,NY,2
11218,KENSINGTON,NY,2
11219,BLYTHEBOURNE,NY,2
11220,BAY RIDGE,NY,2
11221,BUSHWICK,NY,2
11222,GREENPOINT,NY,2
11223,GRAVESEND,NY,2
11224,CONEY ISLAND,NY,2
11225,JAMES E DAVIS,NY,2
11226,FLATBUSH,NY,2
11228,DYKER HEIGHTS,NY,2
11229,HOMECREST,NY,2
11230,MIDWOOD,NY,2
11231,RED HOOK,NY,2
11232,BUSH TERMINAL CARRIER ANNEX,NY,2
11233,SHIRLEY A CHISHOLM,NY,2
11234,RYDER,NY,2
11235,BAY,NY,2
11236,CANARSIE,NY,2
11237,WYCKOFF HEIGHTS,NY,2
11238,ADELPHI,NY,2
11239,CANARSIE,NY,2
11247,RESTORATION PLAZA,NY,2
11249,WILLIAMSBURG,NY,2
11352,FLUSHING,NY,2
11354,LINDEN HILL,NY,2
11355,FLUSHING,NY,2
11356,COLLEGE POINT,NY,2
11357,WHITESTONE,NY,2
11358,STATION A,NY,2
11360,BAY TERRACE,NY,2
11361,BAYSIDE,NY,2
11362,HORACE HARDING,NY,2
11363,LITTLE NECK,NY,2
11364,OAKLAND GARDENS,NY,2
11365,FRESH MEADOWS,NY,2
11366,FRESH MEADOWS CARRIER ANNEX,NY,2
11367,KEW GARDENS HILLS,NY,2
11368,CORONA-A,NY,2
11369,EAST ELMHURST,NY,2
11370,EAST ELMHURST,NY,2
11371,EAST ELMHURST,NY,2
11372,JACKSON HEIGHTS,NY,2
11373,ELMHURST,NY,2
11374,REGO PARK,NY,2
11375,FOREST HILLS,NY,2
11377,WOODSIDE,NY,2
11378,MASPETH,NY,2
11379,MIDDLE VILLAGE,NY,2
11380,ELMHURST A,NY,2
11385,RIDGEWOOD,NY,2
11386,RIDGEWOOD,NY,2
11411,CAMBRIA HEIGHTS,NY,2
11412,SAINT ALBANS,NY,2
11413,SPRINGFIELD GARDENS,NY,2
11414,HOWARD BEACH,NY,2
11415,KEW GARDENS,NY,2
11416,OZONE PARK CARRIER ANNEX,NY,2
11417,OZONE PARK,NY,2
11418,RICHMOND HILL,NY,2
11419,SOUTH RICHMOND HILL,NY,2
11420,SOUTH OZONE PARK,NY,2
11421,WOODHAVEN,NY,2
11422,ROSEDALE,NY,2
11423,HOLLIS,NY,2
11424,BOROUGH HALL,NY,2
11426,BELLEROSE,NY,2
11427,QUEENS VILLAGE,NY,2
11428,QUEENS VILLAGE,NY,2
11429,QUEENS VILLAGE,NY,2
11430,JOHN F KENNEDY AIRPORT,NY,2
11431,JAMAICA,NY,2
11432,JAMAICA,NY,2
11433,JAMAICA,NY,2
11434,ROCHDALE CARRIER ANNEX,NY,2
11435,ARCHER AVE,NY,2
11436,SOUTH OZONE PARK,NY,2
11501,MINEOLA,NY,2
11507,ALBERTSON,NY,2
11509,ATLANTIC BEACH,NY,2
11510,BALDWIN,NY,2
11514,CARLE PLACE,NY,2
11516,CEDARHURST,NY,2
11518,EAST ROCKAWAY,NY,2
11520,FREEPORT,NY,2
11530,GARDEN CITY,NY,2
11531,ROOSEVELT FIELD,NY,2
11542,GLEN COVE,NY,2
11545,GLEN HEAD,NY,2
11547,GLENWOOD LANDING,NY,2
11548,GREENVALE,NY,2
11550,HEMPSTEAD,NY,2
11551,HEMPSTEAD,NY,2
11552,WEST HEMPSTEAD,NY,2
11553,UNIONDALE,NY,2
11554,EAST MEADOW,NY,2
11557,HEWLETT,NY,2
11558,ISLAND PARK,NY,2
11559,LAWRENCE,NY,2
11560,LOCUST VALLEY,NY,2
11561,LONG BEACH,NY,2
11563,LYNBROOK,NY,2
11565,MALVERNE,NY,2
11566,BANK PLAZA,NY,2
11568,OLD WESTBURY,NY,2
11569,POINT LOOKOUT,NY,2
11570,ROCKVILLE CENTRE,NY,2
11571,ROCKVILLE CENTRE,NY,2
11572,OCEANSIDE,NY,2
11575,ROOSEVELT,NY,2
11576,ROSLYN,NY,2
11577,ROSLYN HEIGHTS,NY,2
11579,SEA CLIFF,NY,2
11580,VALLEY STREAM,NY,2
11581,VALLEY STREAM,NY,2
11582,VALLEY STREAM,NY,2
11590,WESTBURY,NY,2
11596,WILLISTON PARK,NY,2
11598,WOODMERE,NY,2
11690,FAR ROCKAWAY,NY,2
11691,FAR ROCKAWAY,NY,2
11692,ARVERNE,NY,2
11693,ARVERNE,NY,2
11694,ROCKAWAY PARK,NY,2
11697,ROCKAWAY PARK,NY,2
11701,AMITYVILLE,NY,2
11702,BABYLON,NY,2
11703,NORTH BABYLON,NY,2
11704,WEST BABYLON,NY,2
11705,BAYPORT,NY,2
11706,BAY SHORE,NY,2
11707,SANTAPOGUE,NY,2
11709,BAYVILLE,NY,2
11710,BELLMORE,NY,2
11713,BELLPORT,NY,2
11714,BETHPAGE,NY,2
11715,BLUE POINT,NY,2
11716,BOHEMIA,NY,2
11717,BRENTWOOD,NY,2
11718,BRIGHTWATERS,NY,2
11719,BROOKHAVEN,NY,2
11720,CENTEREACH,NY,2
11721,CENTERPORT,NY,2
11722,CENTRAL ISLIP,NY,2
11724,COLD SPRING HARBOR,NY,2
11725,COMMACK,NY,2
11726,COPIAGUE,NY,2
11727,CORAM,NY,2
11729,DEER PARK,NY,2
11730,EAST ISLIP,NY,2
11731,EAST NORTHPORT,NY,2
11732,EAST NORWICH,NY,2
11733,EAST SETAUKET,NY,2
11735,FARMINGDALE,NY,2
11738,FARMINGVILLE,NY,2
11739,GREAT RIVER,NY,2
11740,GREENLAWN,NY,2
11741,HOLBROOK,NY,2
11742,HOLBROOK,NY,2
11743,HALESITE,NY,2
11746,HUNTINGTON STATION NY S&DC,NY,2
11747,HUNTINGTON STATION NY S&DC,NY,2
11749,CENTRAL ISLIP,NY,2
11751,ISLIP,NY,2
11752,ISLIP TERRACE,NY,2
11753,HICKSVILLE NY S&DC,NY,2
11754,KINGS PARK,NY,2
11755,LAKE GROVE,NY,2
11756,LEVITTOWN,NY,2
11757,LINDENHURST,NY,2
11758,MASSAPEQUA,NY,2
11762,MASSAPEQUA PARK,NY,2
11763,MEDFORD,NY,2
11764,MILLER PLACE,NY,2
11765,MILL NECK,NY,2
11766,MOUNT SINAI,NY,2
11767,NESCONSET,NY,2
11768,NORTHPORT,NY,2
11769,OAKDALE,NY,2
11770,OCEAN BEACH,NY,2
11771,OYSTER BAY,NY,2
11772,PATCHOGUE,NY,2
11776,PORT JEFFERSON STATION,NY,2
11777,PORT JEFFERSON,NY,2
11778,ROCKY POINT,NY,2
11779,LAKE RONKONKOMA,NY,2
11780,SAINT JAMES,NY,2
11782,SAYVILLE,NY,2
11783,SEAFORD,NY,2
11784,SELDEN,NY,2
11786,SHOREHAM,NY,2
11787,SMITHTOWN,NY,2
11788,HAUPPAUGE,NY,2
11789,MILLER PLACE,NY,2
11790,STONY BROOK,NY,2
11791,SYOSSET,NY,2
11792,WADING RIVER,NY,2
11793,NORTH WANTAGH,NY,2
11795,WEST ISLIP,NY,2
11796,WEST SAYVILLE,NY,2
11797,SYOSSET,NY,2
11798,WHEATLEY HEIGHTS,NY,2
11801,HICKSVILLE NY S&DC,NY,2
11802,HICKSVILLE NY S&DC,NY,2
11803,PLAINVIEW,NY,2
11804,OLD BETHPAGE,NY,2
11901,RIVERHEAD,NY,2
11930,AMAGANSETT,NY,2
11931,AQUEBOGUE,NY,2
11932,BRIDGEHAMPTON,NY,2
11933,CALVERTON,NY,2
11934,CENTER MORICHES,NY,2
11935,CUTCHOGUE,NY,2
11937,CPU THE CORNER STORE LLC,NY,2
11939,EAST MARION,NY,2
11940,EAST MORICHES,NY,2
11941,EASTPORT,NY,2
11942,EAST QUOGUE,NY,2
11944,GREENPORT,NY,2
11946,HAMPTON BAYS,NY,2
11947,JAMESPORT,NY,2
11948,JAMESPORT,NY,2
11949,MANORVILLE,NY,2
11950,MASTIC,NY,2
11951,MASTIC BEACH,NY,2
11952,MATTITUCK,NY,2
11953,MIDDLE ISLAND,NY,2
11954,MONTAUK,NY,2
11955,MORICHES,NY,2
11956,NEW SUFFOLK,NY,2
11957,GREENPORT,NY,2
11958,PECONIC,NY,2
11959,QUOGUE,NY,2
11960,REMSENBURG,NY,2
11961,RIDGE,NY,2
11962,SAGAPONACK,NY,2
11963,SAG HARBOR,NY,2
11964,SHELTER ISLAND,NY,2
11965,SHELTER ISLAND HEIGHTS,NY,2
11967,SHIRLEY,NY,2
11968,SOUTHAMPTON,NY,2
11969,SOUTHAMPTON,NY,2
11970,SOUTH JAMESPORT,NY,2
11971,SOUTHOLD,NY,2
11972,SPEONK,NY,2
11973,UPTON,NY,2
11975,WAINSCOTT,NY,2
11976,WATER MILL,NY,2
11977,WESTHAMPTON,NY,2
11978,WESTHAMPTON BEACH,NY,2
11980,YAPHANK,NY,2
12007,ALCOVE,NY,2
12008,REXFORD,NY,2
12009,ALTAMONT,NY,2
12010,AMSTERDAM,NY,2
12015,ATHENS,NY,2
12017,AUSTERLITZ,NY,2
12018,AVERILL PARK,NY,2
12019,BURNT HILLS,NY,2
12020,BALLSTON SPA,NY,2
12022,BERLIN,NY,2
12023,BERNE,NY,2
12024,EAST NASSAU,NY,2
12025,BROADALBIN,NY,2
12027,BURNT HILLS,NY,2
12028,EAGLE BRIDGE,NY,2
12029,CANAAN,NY,2
12031,SHARON SPRINGS,NY,2
12032,CAROGA LAKE,NY,2
12033,CASTLETON ON HUDSON,NY,2
12035,CENTRAL BRIDGE,NY,2
12036,CHARLOTTEVILLE,NY,2
12037,CHATHAM,NY,2
12040,CHERRY PLAIN,NY,2
12041,CLARKSVILLE,NY,2
12042,COXSACKIE,NY,2
12043,COBLESKILL,NY,2
12045,COEYMANS,NY,2
12046,COEYMANS HOLLOW,NY,2
12047,COHOES,NY,2
12050,COLUMBIAVILLE,NY,2
12051,COXSACKIE,NY,2
12052,CROPSEYVILLE,NY,2
12053,DELANSON,NY,2
12054,DELMAR,NY,2
12056,DUANESBURG,NY,2
12057,EAGLE BRIDGE,NY,2
12058,EARLTON,NY,2
12059,EAST BERNE,NY,2
12060,EAST CHATHAM,NY,2
12061,EAST GREENBUSH,NY,2
12062,EAST NASSAU,NY,2
12063,EAST SCHODACK,NY,2
12064,EAST WORCESTER,NY,2
12065,CLIFTON PARK,NY,2
12066,ESPERANCE,NY,2
12067,FEURA BUSH,NY,2
12068,FONDA,NY,2
12069,AMSTERDAM,NY,2
12070,FORT JOHNSON,NY,2
12071,FULTONHAM,NY,2
12072,FULTONVILLE,NY,2
12073,GALLUPVILLE,NY,2
12074,GALWAY,NY,2
12075,GHENT,NY,2
12076,GILBOA,NY,2
12077,GLENMONT,NY,2
12078,GLOVERSVILLE,NY,2
12082,GRAFTON,NY,2
12083,GREENVILLE,NY,2
12084,GUILDERLAND,NY,2
12085,GUILDERLAND CENTER,NY,2
12086,HAGAMAN,NY,2
12087,HANNACROIX,NY,2
12089,HOOSICK DPOBU,NY,2
12090,HOOSICK FALLS,NY,2
12092,HOWES CAVE,NY,2
12093,JEFFERSON,NY,2
12094,JOHNSONVILLE,NY,2
12095,JOHNSTOWN,NY,2
12106,KINDERHOOK,NY,2
12107,KNOX DPOBU,NY,2
12108,LAKE PLEASANT,NY,2
12110,LATHAM,NY,2
12115,MALDEN BRIDGE,NY,2
12116,MARYLAND,NY,2
12117,MAYFIELD,NY,2
12118,MECHANICVILLE,NY,2
12120,MEDUSA,NY,2
12121,MELROSE,NY,2
12122,MIDDLEBURGH,NY,2
12123,NASSAU,NY,2
12124,NEW BALTIMORE,NY,2
12125,NEW LEBANON,NY,2
12128,NEWTONVILLE,NY,2
12130,NIVERVILLE,NY,2
12131,NORTH BLENHEIM,NY,2
12132,NORTH CHATHAM,NY,2
12133,NORTH HOOSICK,NY,2
12134,NORTHVILLE,NY,2
12136,OLD CHATHAM,NY,2
12137,PATTERSONVILLE,NY,2
12138,PETERSBURG,NY,2
12139,PISECO,NY,2
12140,POESTENKILL,NY,2
12141,DELANSON,NY,2
12143,RAVENA,NY,2
12144,RENSSELAER,NY,2
12147,RENSSELAERVILLE,NY,2
12148,REXFORD,NY,2
12149,RICHMONDVILLE,NY,2
12150,ROTTERDAM JUNCTION,NY,2
12151,ROUND LAKE,NY,2
12153,SAND LAKE,NY,2
12154,SCHAGHTICOKE,NY,2
12155,SCHENEVUS,NY,2
12156,SCHODACK LANDING,NY,2
12157,SCHOHARIE,NY,2
12158,SELKIRK,NY,2
12159,SLINGERLANDS,NY,2
12160,SLOANSVILLE,NY,2
12161,SELKIRK,NY,2
12164,SPECULATOR,NY,2
12165,SPENCERTOWN,NY,2
12166,SPRAKERS,NY,2
12167,STAMFORD,NY,2
12168,STEPHENTOWN,NY,2
12169,STEPHENTOWN,NY,2
12170,STILLWATER,NY,2
12172,STOTTVILLE,NY,2
12173,STUYVESANT,NY,2
12174,STUYVESANT FALLS,NY,2
12175,SUMMIT,NY,2
12176,EARLTON,NY,2
12177,TRIBES HILL,NY,2
12180,TROY,NY,2
12181,TROY,NY,2
12182,LANSINGBURGH,NY,2
12183,GREEN ISLAND,NY,2
12184,VALATIE,NY,2
12185,VALLEY FALLS,NY,2
12186,VOORHEESVILLE,NY,2
12187,WARNERVILLE,NY,2
12188,WATERFORD,NY,2
12189,WATERVLIET,NY,2
12190,WELLS,NY,2
12192,COXSACKIE,NY,2
12193,WESTERLO,NY,2
12194,WEST FULTON,NY,2
12195,NEW LEBANON,NY,2
12196,WEST SAND LAKE,NY,2
12197,WORCESTER,NY,2
12198,WYNANTSKILL,NY,2
12201,HUDSON AVENUE,NY,2
12202,ALBANY ANNEX,NY,2
12203,ALBANY,NY,2
12204,ALBANY ANNEX,NY,2
12205,ALBANY,NY,2
12206,FORT ORANGE,NY,2
12207,ALBANY ANNEX,NY,2
12208,ACADEMY,NY,2
12209,ALBANY ANNEX,NY,2
12210,ALBANY ANNEX,NY,2
12211,KIMBERLY SQUARE,NY,2
12212,ALBANY,NY,2
12220,EMPIRE STATE PLAZA,NY,2
12223,ALBANY ANNEX,NY,2
12224,CAPITOL,NY,2
12301,SCHENECTADY,NY,2
12302,GLENVILLE,NY,2
12303,HERITAGE,NY,2
12304,HERITAGE,NY,2
12305,SCHENECTADY,NY,2
12306,HERITAGE,NY,2
12307,SCHENECTADY,NY,2
12308,SCHENECTADY,NY,2
12309,NISKAYUNA,NY,2
12325,GLENVILLE,NY,2
12401,KINGSTON,NY,2
12402,KINGSTON,NY,2
12404,ACCORD,NY,2
12405,ACRA,NY,2
12406,ARKVILLE,NY,2
12407,ASHLAND,NY,2
12409,BEARSVILLE,NY,2
12410,BIG INDIAN,NY,2
12411,BLOOMINGTON,NY,2
12412,BOICEVILLE,NY,2
12413,CAIRO,NY,2
12414,CATSKILL,NY,2
12416,CHICHESTER,NY,2
12417,CONNELLY,NY,2
12418,CORNWALLVILLE,NY,2
12419,COTTEKILL,NY,2
12420,CRAGSMOOR,NY,2
12421,DENVER,NY,2
12422,EAST DURHAM,NY,2
12423,EAST DURHAM,NY,2
12424,TANNERSVILLE,NY,2
12427,ELKA PARK,NY,2
12428,ELLENVILLE,NY,2
12429,ESOPUS,NY,2
12430,FLEISCHMANNS,NY,2
12431,FREEHOLD,NY,2
12432,GLASCO,NY,2
12433,WOODSTOCK,NY,2
12434,GRAND GORGE,NY,2
12435,GREENFIELD PARK,NY,2
12436,HAINES FALLS,NY,2
12438,HALCOTTSVILLE,NY,2
12439,HENSONVILLE,NY,2
12440,HIGH FALLS,NY,2
12441,PINE HILL,NY,2
12442,HUNTER,NY,2
12443,HURLEY,NY,2
12444,HUNTER,NY,2
12446,KERHONKSON,NY,2
12448,LAKE HILL,NY,2
12449,KINGSTON,NY,2
12450,CHICHESTER,NY,2
12451,CATSKILL,NY,2
12452,LEXINGTON,NY,2
12453,MALDEN ON HUDSON,NY,2
12454,MAPLECREST,NY,2
12455,MARGARETVILLE,NY,2
12456,MOUNT MARION,NY,2
12457,MOUNT TREMPER,NY,2
12458,ELLENVILLE,NY,2
12459,NEW KINGSTON,NY,2
12460,OAK HILL,NY,2
12461,KINGSTON,NY,2
12463,PALENVILLE,NY,2
12464,PHOENICIA,NY,2
12465,BIG INDIAN,NY,2
12466,KINGSTON,NY,2
12468,GRAND GORGE,NY,2
12469,PRESTON HOLLOW,NY,2
12470,CAIRO,NY,2
12471,RIFTON,NY,2
12472,ROSENDALE,NY,2
12473,CAIRO,NY,2
12474,ROXBURY,NY,2
12475,RUBY,NY,2
12477,SAUGERTIES,NY,2
12480,SHANDAKEN,NY,2
12481,SHOKAN,NY,2
12482,SOUTH CAIRO,NY,2
12483,SPRING GLEN,NY,2
12484,STONE RIDGE,NY,2
12485,TANNERSVILLE,NY,2
12486,ROSENDALE,NY,2
12487,KINGSTON,NY,2
12489,WAWARSING,NY,2
12490,WEST CAMP,NY,2
12491,WEST HURLEY,NY,2
12492,SHANDAKEN,NY,2
12493,WEST PARK,NY,2
12494,WEST SHOKAN,NY,2
12495,WILLOW,NY,2
12496,WINDHAM,NY,2
12498,WOODSTOCK,NY,2
12501,AMENIA,NY,2
12502,ANCRAM,NY,2
12503,ANCRAMDALE,NY,2
12506,BANGALL,NY,2
12507,RED HOOK,NY,2
12508,BEACON,NY,2
12510,BILLINGS,NY,2
12512,CHELSEA,NY,2
12513,CLAVERACK,NY,2
12514,CLINTON CORNERS,NY,2
12515,CLINTONDALE,NY,2
12516,COPAKE,NY,2
12517,COPAKE,NY,2
12518,CORNWALL,NY,2
12520,CORNWALL ON HUDSON,NY,2
12521,CRARYVILLE,NY,2
12522,DOVER PLAINS,NY,2
12523,ELIZAVILLE,NY,2
12524,FISHKILL,NY,2
12525,GARDINER,NY,2
12526,GERMANTOWN,NY,2
12527,GLENHAM,NY,2
12528,HIGHLAND,NY,2
12529,HILLSDALE,NY,2
12530,HOLLOWVILLE,NY,2
12531,HOLMES,NY,2
12533,HOPEWELL CARRIER ANNEX,NY,2
12534,HUDSON,NY,2
12537,HUGHSONVILLE,NY,2
12538,HYDE PARK,NY,2
12540,HOPEWELL CARRIER ANNEX,NY,2
12541,LIVINGSTON,NY,2
12542,HIGHLAND,NY,2
12543,MAYBROOK,NY,2
12544,MELLENVILLE,NY,2
12545,MILLBROOK,NY,2
12546,MILLERTON,NY,2
12547,HIGHLAND,NY,2
12548,MODENA,NY,2
12549,MONTGOMERY,NY,2
12550,STEWART NY S&DC,NY,2
12551,NEWBURGH,NY,2
12552,STEWART NY S&DC,NY,2
12553,NEW WINDSOR,NY,2
12561,NEW PALTZ,NY,2
12563,BREWSTER,NY,2
12564,PAWLING,NY,2
12565,PHILMONT,NY,2
12566,PINE BUSH,NY,2
12567,PINE PLAINS,NY,2
12568,PLATTEKILL,NY,2
12569,ARLINGTON CARRIER ANNEX,NY,2
12570,HOPEWELL CARRIER ANNEX,NY,2
12571,RED HOOK,NY,2
12572,RHINEBECK,NY,2
12574,RHINECLIFF,NY,2
12575,ROCK TAVERN,NY,2
12577,SALISBURY MILLS,NY,2
12578,ARLINGTON CARRIER ANNEX,NY,2
12580,HYDE PARK,NY,2
12581,PINE PLAINS,NY,2
12582,HOPEWELL CARRIER ANNEX,NY,2
12583,TIVOLI,NY,2
12584,VAILS GATE,NY,2
12585,VERBANK,NY,2
12586,STEWART NY S&DC,NY,2
12588,WALKER VALLEY,NY,2
12589,STEWART NY S&DC,NY,2
12590,WAPPINGERS FALLS,NY,2
12592,WASSAIC,NY,2
12594,WINGDALE,NY,2
12601,POUGHKEEPSIE,NY,2
12602,POUGHKEEPSIE,NY,2
12603,ARLINGTON,NY,2
12701,MONTICELLO,NY,2
12719,BARRYVILLE,NY,2
12720,BETHEL,NY,2
12721,BLOOMINGBURG,NY,2
12722,BURLINGHAM,NY,2
12723,CALLICOON,NY,2
12724,CALLICOON CENTER,NY,2
12725,CLARYVILLE,NY,2
12726,CALLICOON,NY,2
12729,CUDDEBACKVILLE,NY,2
12732,ELDRED,NY,2
12733,FALLSBURG,NY,2
12734,FERNDALE,NY,2
12736,CALLICOON,NY,2
12737,GLEN SPEY,NY,2
12738,GLEN WILD,NY,2
12740,GRAHAMSVILLE,NY,2
12741,HANKINS,NY,2
12742,HARRIS,NY,2
12743,ELDRED,NY,2
12745,HORTONVILLE,NY,2
12746,HUGUENOT,NY,2
12747,HURLEYVILLE,NY,2
12748,JEFFERSONVILLE,NY,2
12749,KAUNEONGA LAKE,NY,2
12750,KENOZA LAKE,NY,2
12751,KIAMESHA LAKE,NY,2
12752,CALLICOON,NY,2
12754,LIBERTY,NY,2
12758,LIVINGSTON MANOR,NY,2
12759,LOCH SHELDRAKE,NY,2
12760,CALLICOON,NY,2
12762,MONGAUP VALLEY,NY,2
12763,MOUNTAIN DALE,NY,2
12764,NARROWSBURG,NY,2
12765,NEVERSINK,NY,2
12766,NORTH BRANCH,NY,2
12767,OBERNBURG,NY,2
12768,LIVINGSTON MANOR,NY,2
12769,PHILLIPSPORT,NY,2
12770,POND EDDY,NY,2
12771,PORT JERVIS,NY,2
12775,ROCK HILL,NY,2
12776,LIVINGSTON MANOR,NY,2
12777,MONTICELLO,NY,2
12778,SMALLWOOD,NY,2
12779,SOUTH FALLSBURG,NY,2
12780,SPARROW BUSH,NY,2
12781,SUMMITVILLE,NY,2
12783,LIBERTY,NY,2
12784,THOMPSONVILLE,NY,2
12785,WESTBROOKVILLE,NY,2
12786,WHITE LAKE,NY,2
12787,WHITE SULPHUR SPRINGS,NY,2
12788,WOODBOURNE,NY,2
12789,WOODRIDGE,NY,2
12790,WURTSBORO,NY,2
12791,YOUNGSVILLE,NY,2
12792,YULAN,NY,2
12801,GLENS FALLS,NY,2
12803,GLENS FALLS,NY,2
12804,GLENS FALLS,NY,2
12808,ADIRONDACK,NY,2
12809,ARGYLE,NY,2
12810,ATHOL,NY,2
12811,BAKERS MILLS,NY,2
12812,BLUE MOUNTAIN LAKE,NY,2
12814,BOLTON LANDING,NY,2
12815,BRANT LAKE,NY,2
12816,CAMBRIDGE,NY,2
12817,CHESTERTOWN,NY,2
12819,CLEMONS,NY,2
12820,CLEVERDALE,NY,2
12821,COMSTOCK,NY,2
12822,CORINTH,NY,2
12823,COSSAYUNA,NY,2
12824,DIAMOND POINT,NY,2
12827,FORT ANN,NY,2
12828,FORT EDWARD,NY,2
12831,GANSEVOORT,NY,2
12832,GRANVILLE,NY,2
12833,GREENFIELD CENTER,NY,2
12834,GREENWICH,NY,2
12835,HADLEY,NY,2
12836,HAGUE,NY,2
12837,HAMPTON,NY,2
12838,HARTFORD,NY,2
12839,GLENS FALLS,NY,2
12841,HULETTS LANDING,NY,2
12842,INDIAN LAKE,NY,2
12843,JOHNSBURG,NY,2
12844,KATTSKILL BAY,NY,2
12845,LAKE GEORGE,NY,2
12846,LAKE LUZERNE,NY,2
12847,LONG LAKE,NY,2
12848,MIDDLE FALLS,NY,2
12849,MIDDLE GRANVILLE,NY,2
12850,MIDDLE GROVE,NY,2
12851,MINERVA,NY,2
12852,NEWCOMB,NY,2
12853,NORTH CREEK,NY,2
12854,NORTH GRANVILLE,NY,2
12855,NORTH HUDSON,NY,2
12856,NORTH RIVER,NY,2
12857,OLMSTEDVILLE,NY,2
12858,TICONDEROGA,NY,2
12859,GREENFIELD CENTER,NY,2
12860,POTTERSVILLE,NY,2
12861,PUTNAM STATION,NY,2
12862,RIPARIUS,NY,2
12863,ROCK CITY FALLS,NY,2
12864,INDIAN LAKE,NY,2
12865,SALEM,NY,2
12866,BROADWAY SARATOGA SPRINGS,NY,2
12870,SCHROON LAKE,NY,2
12871,SCHUYLERVILLE,NY,2
12872,SEVERANCE,NY,2
12873,SHUSHAN,NY,2
12874,SILVER BAY,NY,2
12878,STONY CREEK,NY,2
12883,TICONDEROGA,NY,2
12884,VICTORY MILLS,NY,2
12885,WARRENSBURG,NY,2
12886,WEVERTOWN,NY,2
12887,WHITEHALL,NY,2
12901,PLATTSBURGH,NY,2
12903,PLATTSBURGH,NY,2
12910,ALTONA,NY,2
12911,KEESEVILLE,NY,2
12912,AU SABLE FORKS,NY,2
12913,BLOOMINGDALE,NY,2
12914,BOMBAY,NY,2
12915,CHATEAUGAY,NY,2
12916,BRUSHTON,NY,2
12917,BURKE,NY,2
12918,CADYVILLE,NY,2
12919,CHAMPLAIN,NY,2
12920,CHATEAUGAY,NY,2
12921,CHAZY,NY,2
12922,PIERCEFIELD,NY,2
12923,CHURUBUSCO,NY,2
12924,KEESEVILLE,NY,2
12926,CONSTABLE,NY,2
12927,CRANBERRY LAKE,NY,2
12928,CROWN POINT,NY,2
12929,DANNEMORA,NY,2
12930,DICKINSON CENTER,NY,2
12932,ELIZABETHTOWN,NY,2
12933,ELLENBURG,NY,2
12934,ELLENBURG CENTER,NY,2
12935,ELLENBURG DEPOT,NY,2
12936,ESSEX,NY,2
12937,FORT COVINGTON,NY,2
12939,GABRIELS,NY,2
12941,JAY,NY,2
12942,KEENE,NY,2
12943,KEENE,NY,2
12944,KEESEVILLE,NY,2
12945,LAKE CLEAR,NY,2
12946,LAKE PLACID,NY,2
12950,LEWIS,NY,2
12952,LYON MOUNTAIN,NY,2
12953,MALONE,NY,2
12955,LYON MOUNTAIN,NY,2
12956,MINEVILLE,NY,2
12957,MOIRA,NY,2
12958,MOOERS,NY,2
12959,MOOERS,NY,2
12960,MORIAH,NY,2
12961,MORIAH CENTER,NY,2
12962,MORRISONVILLE,NY,2
12964,NEW RUSSIA,NY,2
12965,NICHOLVILLE,NY,2
12966,NORTH BANGOR,NY,2
12967,NORTH LAWRENCE,NY,2
12969,OWLS HEAD,NY,2
12970,PAUL SMITHS,NY,2
12972,PERU,NY,2
12973,PIERCEFIELD,NY,2
12974,PORT HENRY,NY,2
12975,PORT KENT,NY,2
12976,RAINBOW LAKE,NY,2
12977,SARANAC LAKE,NY,2
12978,REDFORD,NY,2
12979,ROUSES POINT,NY,2
12980,SAINT REGIS FALLS,NY,2
12981,SARANAC,NY,2
12983,SARANAC LAKE,NY,2
12985,SCHUYLER FALLS,NY,2
12986,TUPPER LAKE,NY,2
12987,UPPER JAY,NY,2
12989,SARANAC LAKE,NY,2
12992,WEST CHAZY,NY,2
12993,WESTPORT,NY,2
12996,WILLSBORO,NY,2
12997,WILMINGTON,NY,2
12998,MINEVILLE,NY,2
13020,APULIA STATION,NY,2
13021,AUBURN,NY,2
13022,FINGERLAKES MALL DPOBU,NY,2
13026,AURORA,NY,2
13027,BALDWINSVILLE,NY,2
13028,BERNHARDS BAY,NY,2
13029,BREWERTON,NY,2
13030,BRIDGEPORT,NY,2
13031,CAMILLUS,NY,2
13032,CANASTOTA,NY,2
13033,CATO,NY,2
13034,CAYUGA,NY,2
13035,CAZENOVIA,NY,2
13036,CENTRAL SQUARE,NY,2
13037,CHITTENANGO,NY,2
13039,CLAY,NY,2
13040,CINCINNATUS,NY,2
13041,CLAY,NY,2
13042,CLEVELAND,NY,2
13043,CLOCKVILLE,NY,2
13044,CONSTANTIA,NY,2
13045,CORTLAND,NY,2
13051,DELPHI FALLS,NY,2
13052,DE RUYTER,NY,2
13053,DRYDEN,NY,2
13054,DURHAMVILLE,NY,2
13057,EAST SYRACUSE,NY,2
13060,ELBRIDGE,NY,2
13061,ERIEVILLE,NY,2
13062,ETNA,NY,2
13063,FABIUS,NY,2
13064,FAIR HAVEN,NY,2
13065,FAYETTE,NY,2
13066,FAYETTEVILLE,NY,2
13068,FREEVILLE,NY,2
13069,FULTON,NY,2
13071,GENOA,NY,2
13072,GEORGETOWN,NY,2
13073,GROTON,NY,2
13074,HANNIBAL,NY,2
13076,HASTINGS,NY,2
13077,HOMER,NY,2
13078,JAMESVILLE,NY,2
13080,JORDAN,NY,2
13081,KING FERRY,NY,2
13082,KIRKVILLE,NY,2
13083,LACONA,NY,2
13084,LA FAYETTE,NY,2
13087,LITTLE YORK,NY,2
13088,LIVERPOOL,NY,2
13089,BAYBERRY,NY,2
13090,BAYBERRY,NY,2
13092,LOCKE,NY,2
13093,LYCOMING,NY,2
13101,MC GRAW,NY,2
13102,MC LEAN,NY,2
13103,MALLORY,NY,2
13104,MANLIUS,NY,2
13108,MARCELLUS,NY,2
13110,MARIETTA,NY,2
13111,MARTVILLE,NY,2
13112,MEMPHIS,NY,2
13113,MERIDIAN,NY,2
13114,MEXICO,NY,2
13115,MINETTO,NY,2
13116,MINOA,NY,2
13117,MONTEZUMA,NY,2
13118,MORAVIA,NY,2
13119,SKANEATELES,NY,2
13120,COLVIN ELMWOOD,NY,2
13121,NEW HAVEN,NY,2
13122,NEW WOODSTOCK,NY,2
13123,NORTH BAY,NY,2
13124,NORTH PITCHER,NY,2
13126,OSWEGO,NY,2
13131,PARISH,NY,2
13132,PENNELLVILLE,NY,2
13134,PETERBORO,NY,2
13135,PHOENIX,NY,2
13136,PITCHER,NY,2
13137,PLAINVILLE,NY,2
13138,POMPEY,NY,2
13139,POPLAR RIDGE,NY,2
13140,PORT BYRON,NY,2
13141,PREBLE,NY,2
13142,PULASKI,NY,2
13143,RED CREEK,NY,2
13144,RICHLAND,NY,2
13145,SANDY CREEK,NY,2
13146,SAVANNAH,NY,2
13147,SCIPIO CENTER,NY,2
13148,SENECA FALLS,NY,2
13152,SKANEATELES,NY,2
13153,SKANEATELES FALLS,NY,2
13154,SOUTH BUTLER,NY,2
13155,SOUTH OTSELIC,NY,2
13156,STERLING,NY,2
13157,SYLVAN BEACH,NY,2
13158,TRUXTON,NY,2
13159,TULLY,NY,2
13160,UNION SPRINGS,NY,2
13162,VERONA BEACH,NY,2
13163,WAMPSVILLE,NY,2
13164,WARNERS,NY,2
13165,WATERLOO,NY,2
13166,WEEDSPORT,NY,2
13167,WEST MONROE,NY,2
13201,DOWNTOWN SYRACUSE,NY,2
13202,FRANKLIN SQUARE,NY,2
13203,TEALL,NY,2
13204,FRANKLIN SQUARE,NY,2
13205,COLVIN ELMWOOD,NY,2
13206,EASTWOOD,NY,2
13207,COLVIN ELMWOOD,NY,2
13208,FRANKLIN SQUARE,NY,2
13209,SOLVAY,NY,2
13210,TEALL,NY,2
13211,MATTYDALE,NY,2
13212,SYRACUSE,NY,2
13214,DE WITT,NY,2
13215,ONONDAGA,NY,2
13217,TEALL,NY,2
13218,FRANKLIN SQUARE,NY,2
13219,SOLVAY,NY,2
13220,SYRACUSE,NY,2
13221,SYRACUSE,NY,2
13224,TEALL,NY,2
13235,SYRACUSE UNIVERSITY,NY,2
13261,FEDERAL STA,NY,2
13290,FRANKLIN SQUARE,NY,2
13301,ALDER CREEK,NY,2
13302,ALTMAR,NY,2
13303,AVA,NY,2
13304,BARNEVELD,NY,2
13305,BEAVER FALLS,NY,2
13308,BLOSSVALE,NY,2
13309,BOONVILLE,NY,2
13310,MADISON,NY,2
13312,GLENFIELD,NY,2
13313,BRIDGEWATER,NY,2
13314,BROOKFIELD,NY,2
13315,BURLINGTON FLATS,NY,2
13316,CAMDEN,NY,2
13317,CANAJOHARIE,NY,2
13318,CASSVILLE,NY,2
13319,CHADWICKS,NY,2
13320,CHERRY VALLEY,NY,2
13321,CLARK MILLS,NY,2
13322,CLAYVILLE,NY,2
13323,CLINTON,NY,2
13324,COLD BROOK,NY,2
13325,CONSTABLEVILLE,NY,2
13326,COOPERSTOWN,NY,2
13327,CROGHAN,NY,2
13328,DEANSBORO,NY,2
13329,DOLGEVILLE,NY,2
13331,EAGLE BAY,NY,2
13332,EARLVILLE,NY,2
13333,SPRINGFIELD CENTER,NY,2
13334,EATON CARRIER,NY,2
13335,EDMESTON,NY,2
13337,COOPERSTOWN,NY,2
13338,FORESTPORT,NY,2
13339,FORT PLAIN,NY,2
13340,FRANKFORT,NY,2
13341,CLINTON,NY,2
13342,WEST WINFIELD,NY,2
13343,GLENFIELD,NY,2
13345,GLENFIELD,NY,2
13346,HAMILTON,NY,2
13348,HARTWICK,NY,2
13350,HERKIMER,NY,2
13352,HINCKLEY,NY,2
13353,HOFFMEISTER,NY,2
13354,HOLLAND PATENT,NY,2
13355,HUBBARDSVILLE,NY,2
13357,ILION,NY,2
13360,INLET,NY,2
13361,JORDANVILLE,NY,2
13363,LEE CENTER,NY,2
13364,LEONARDSVILLE,NY,2
13365,LITTLE FALLS,NY,2
13367,LOWVILLE,NY,2
13368,LYONS FALLS,NY,2
13401,BLOSSVALE,NY,2
13402,MADISON,NY,2
13403,MARCY,NY,2
13404,MARTINSBURG,NY,2
13406,NEWPORT,NY,2
13407,MOHAWK,NY,2
13408,MORRISVILLE,NY,2
13409,MUNNSVILLE,NY,2
13410,NELLISTON,NY,2
13411,NEW BERLIN,NY,2
13413,NEW HARTFORD,NY,2
13415,WEST WINFIELD,NY,2
13416,NEWPORT,NY,2
13417,NEW YORK MILLS,NY,2
13418,BROOKFIELD,NY,2
13420,OLD FORGE,NY,2
13421,ONEIDA,NY,2
13424,ORISKANY,NY,2
13425,ORISKANY FALLS,NY,2
13426,ORWELL,NY,2
13428,PALATINE BRIDGE,NY,2
13431,POLAND,NY,2
13433,PORT LEYDEN,NY,2
13435,PROSPECT,NY,2
13436,RAQUETTE LAKE,NY,2
13437,REDFIELD,NY,2
13438,REMSEN,NY,2
13439,RICHFIELD SPRINGS,NY,2
13440,ROME,NY,2
13441,ROME,NY,2
13442,GRIFFIS AFB,NY,2
13450,CHERRY VALLEY,NY,2
13452,SAINT JOHNSVILLE,NY,2
13454,SALISBURY CENTER,NY,2
13455,SANGERFIELD,NY,2
13456,SAUQUOIT,NY,2
13457,SCHUYLER LAKE,NY,2
13459,SHARON SPRINGS,NY,2
13460,SHERBURNE,NY,2
13461,ONEIDA,NY,2
13464,SMYRNA,NY,2
13468,SPRINGFIELD CENTER,NY,2
13469,STITTVILLE,NY,2
13470,STRATFORD,NY,2
13471,TABERG,NY,2
13472,THENDARA,NY,2
13473,TURIN,NY,2
13475,VAN HORNESVILLE,NY,2
13476,VERNON,NY,2
13477,UTICA NY S&DC,NY,2
13478,VERONA,NY,2
13479,WASHINGTON MILLS,NY,2
13480,WATERVILLE,NY,2
13482,BURLINGTON FLATS,NY,2
13483,WESTDALE,NY,2
13484,WEST EATON,NY,2
13485,WEST EDMESTON,NY,2
13486,WESTERNVILLE,NY,2
13488,WESTFORD,NY,2
13489,WEST LEYDEN,NY,2
13490,WESTMORELAND,NY,2
13491,WEST WINFIELD,NY,2
13492,UTICA NY S&DC,NY,2
13493,WILLIAMSTOWN,NY,2
13494,WOODGATE,NY,2
13495,UTICA NY S&DC,NY,2
13501,UTICA NY S&DC,NY,2
13502,UTICA NY S&DC,NY,2
13503,BUTTERFIELD,NY,2
13504,UTICA NY S&DC,NY,2
13505,KERNAN,NY,2
13601,WATERTOWN NY SDC,NY,2
13602,FORT DRUM,NY,2
13603,WATERTOWN NY SDC,NY,2
13605,ADAMS,NY,2
13606,ADAMS CENTER,NY,2
13607,ALEXANDRIA BAY,NY,2
13608,ANTWERP,NY,2
13611,BELLEVILLE,NY,2
13612,BLACK RIVER,NY,2
13613,BRASHER FALLS,NY,2
13614,BRIER HILL,NY,2
13615,BROWNVILLE,NY,2
13616,CALCIUM,NY,2
13617,CANTON,NY,2
13618,CAPE VINCENT,NY,2
13619,CARTHAGE,NY,2
13620,CASTORLAND,NY,2
13621,CHASE MILLS,NY,2
13622,CHAUMONT,NY,2
13623,CHIPPEWA BAY,NY,2
13624,CLAYTON,NY,2
13625,COLTON,NY,2
13626,COPENHAGEN,NY,2
13627,COPENHAGEN,NY,2
13628,CARTHAGE,NY,2
13630,DE KALB JUNCTION,NY,2
13631,CASTORLAND,NY,2
13632,DEPAUVILLE,NY,2
13633,DE PEYSTER DPOBU,NY,2
13634,DEXTER,NY,2
13635,EDWARDS,NY,2
13636,ELLISBURG,NY,2
13637,EVANS MILLS,NY,2
13638,FELTS MILLS,NY,2
13639,FINE,NY,2
13640,FINEVIEW,NY,2
13641,FISHERS LANDING,NY,2
13642,GOUVERNEUR,NY,2
13643,GREAT BEND,NY,2
13645,HAILESBORO,NY,2
13646,HAMMOND,NY,2
13647,HANNAWA FALLS,NY,2
13648,HARRISVILLE,NY,2
13649,HELENA,NY,2
13650,HENDERSON,NY,2
13651,HENDERSON HARBOR,NY,2
13652,HERMON,NY,2
13654,HEUVELTON,NY,2
13655,HOGANSBURG,NY,2
13656,LA FARGEVILLE,NY,2
13658,LISBON,NY,2
13659,LORRAINE,NY,2
13660,MADRID,NY,2
13661,MANNSVILLE,NY,2
13662,MASSENA,NY,2
13664,MORRISTOWN,NY,2
13665,NATURAL BRIDGE,NY,2
13666,NEWTON FALLS,NY,2
13667,NORFOLK,NY,2
13668,NORWOOD,NY,2
13669,OGDENSBURG,NY,2
13670,STAR LAKE,NY,2
13672,PARISHVILLE,NY,2
13673,PHILADELPHIA,NY,2
13674,PIERREPONT MANOR,NY,2
13675,THERESA,NY,2
13676,POTSDAM,NY,2
13677,PYRITES DPOBU,NY,2
13678,RAYMONDVILLE,NY,2
13679,REDWOOD,NY,2
13680,RENSSELAER FALLS,NY,2
13681,RICHVILLE,NY,2
13682,RODMAN,NY,2
13683,ROOSEVELTOWN,NY,2
13684,RUSSELL,NY,2
13685,SACKETS HARBOR,NY,2
13687,SOUTH COLTON,NY,2
13690,STAR LAKE,NY,2
13691,THERESA,NY,2
13692,FINEVIEW,NY,2
13693,THREE MILE BAY,NY,2
13694,WADDINGTON,NY,2
13695,WANAKENA,NY,2
13696,WEST STOCKHOLM,NY,2
13697,WINTHROP,NY,2
13730,AFTON,NY,2
13731,ANDES,NY,2
13732,APALACHIN,NY,2
13733,BAINBRIDGE,NY,2
13734,NICHOLS,NY,2
13736,BERKSHIRE,NY,2
13737,BIBLE SCHOOL PARK,NY,2
13738,BLODGETT MILLS,NY,2
13739,DELHI,NY,2
13740,BOVINA CENTER,NY,2
13743,CANDOR,NY,2
13744,BINGHAMTON NY S&DC,NY,2
13745,CHENANGO BRIDGE,NY,2
13746,BINGHAMTON NY S&DC,NY,2
13747,COLLIERSVILLE,NY,2
13748,BINGHAMTON NY S&DC,NY,2
13749,CORBETTSVILLE,NY,2
13750,DAVENPORT,NY,2
13751,DAVENPORT,NY,2
13752,DELHI,NY,2
13753,DELHI,NY,2
13754,DEPOSIT,NY,2
13755,DOWNSVILLE,NY,2
13756,EAST BRANCH,NY,2
13757,EAST MEREDITH,NY,2
13758,MC DONOUGH,NY,2
13760,BINGHAMTON NY S&DC,NY,2
13761,ENDICOTT,NY,2
13762,ENDICOTT,NY,2
13763,UNION STATION,NY,2
13774,FISHS EDDY,NY,2
13775,FRANKLIN,NY,2
13776,GILBERTSVILLE,NY,2
13777,WHITNEY POINT,NY,2
13778,GREENE,NY,2
13780,GUILFORD,NY,2
13782,HAMDEN,NY,2
13783,HANCOCK,NY,2
13784,HARFORD,NY,2
13786,HARPERSFIELD,NY,2
13787,HARPURSVILLE,NY,2
13788,HOBART,NY,2
13790,BINGHAMTON NY S&DC,NY,2
13794,KILLAWOG,NY,2
13795,BINGHAMTON NY S&DC,NY,2
13796,LAURENS,NY,2
13797,LISLE,NY,2
13801,MC DONOUGH,NY,2
13802,BINGHAMTON NY S&DC,NY,2
13803,MARATHON,NY,2
13804,MASONVILLE,NY,2
13806,MERIDALE,NY,2
13807,MILFORD,NY,2
13808,MORRIS,NY,2
13809,MOUNT UPTON,NY,2
13810,LAURENS,NY,2
13811,NEWARK VALLEY,NY,2
13812,NICHOLS,NY,2
13813,NINEVEH,NY,2
13814,NORTH NORWICH,NY,2
13815,NORWICH,NY,2
13820,ONEONTA,NY,2
13825,ONEONTA,NY,2
13826,BINGHAMTON NY S&DC,NY,2
13827,OWEGO,NY,2
13830,OXFORD,NY,2
13832,PLYMOUTH,NY,2
13833,BINGHAMTON NY S&DC,NY,2
13834,PORTLANDVILLE,NY,2
13835,RICHFORD,NY,2
13838,SIDNEY,NY,2
13839,SIDNEY CENTER,NY,2
13840,NICHOLS,NY,2
13841,SMITHVILLE FLATS,NY,2
13842,HOBART,NY,2
13843,SOUTH NEW BERLIN,NY,2
13844,SOUTH PLYMOUTH,NY,2
13845,NICHOLS,NY,2
13846,FRANKLIN,NY,2
13847,TROUT CREEK,NY,2
13848,TUNNEL,NY,2
13849,UNADILLA,NY,2
13850,VESTAL,NY,2
13851,VESTAL,NY,2
13856,WALTON,NY,2
13859,WELLS BRIDGE,NY,2
13860,WEST DAVENPORT,NY,2
13861,WEST ONEONTA,NY,2
13862,BINGHAMTON NY S&DC,NY,2
13863,WILLET,NY,2
13864,CANDOR,NY,2
13865,BINGHAMTON NY S&DC,NY,2
13901,BINGHAMTON NY S&DC,NY,2
13902,BINGHAMTON NY S&DC,NY,2
13903,BINGHAMTON NY S&DC,NY,2
13904,BINGHAMTON NY S&DC,NY,2
13905,BINGHAMTON NY S&DC,NY,2
14001,AKRON,NY,2
14004,ALDEN,NY,2
14005,ALEXANDER,NY,2
14006,ANGOLA,NY,2
14008,APPLETON,NY,2
14009,ARCADE,NY,2
14010,ATHOL SPRINGS,NY,2
14011,ATTICA,NY,2
14012,BARKER,NY,2
14013,BASOM,NY,2
14020,BATAVIA,NY,2
14021,BATAVIA,NY,2
14024,BLISS,NY,2
14025,BOSTON,NY,2
14026,BOWMANSVILLE,NY,2
14027,BRANT,NY,2
14028,NEWFANE,NY,2
14029,CENTERVILLE,NY,2
14030,CHAFFEE,NY,2
14031,CLARENCE,NY,2
14032,CLARENCE,NY,2
14033,COLDEN,NY,2
14034,COLLINS,NY,2
14035,COLLINS CENTER,NY,2
14036,CORFU,NY,2
14037,ATTICA,NY,2
14039,DALE,NY,2
14040,CORFU,NY,2
14041,DAYTON,NY,2
14042,DELEVAN,NY,2
14043,DEPEW,NY,2
14047,DERBY,NY,2
14048,DUNKIRK,NY,2
14051,EAST AMHERST,NY,2
14052,EAST AURORA,NY,2
14054,BATAVIA,NY,2
14055,EAST CONCORD,NY,2
14056,EAST PEMBROKE,NY,2
14057,EDEN,NY,2
14058,OAKFIELD,NY,2
14059,ELMA,NY,2
14060,DELEVAN,NY,2
14061,BRANT,NY,2
14062,FORESTVILLE,NY,2
14063,FREDONIA,NY,2
14065,FREEDOM,NY,2
14066,GAINESVILLE,NY,2
14067,GASPORT,NY,2
14068,GETZVILLE,NY,2
14069,COLDEN,NY,2
14070,GOWANDA,NY,2
14072,GRAND ISLAND,NY,2
14075,HAMBURG,NY,2
14080,HOLLAND,NY,2
14081,IRVING,NY,2
14082,JAVA CENTER,NY,2
14083,JAVA VILLAGE,NY,2
14085,HAMBURG,NY,2
14086,LANCASTER,NY,2
14091,COLLINS,NY,2
14092,LEWISTON,NY,2
14094,LOCKPORT,NY,2
14095,LOCKPORT,NY,2
14098,LYNDONVILLE,NY,2
14101,MACHIAS,NY,2
14102,ELMA,NY,2
14103,MEDINA,NY,2
14105,MIDDLEPORT,NY,2
14107,MODEL CITY,NY,2
14108,NEWFANE,NY,2
14109,NIAGARA UNIVERSITY,NY,2
14110,NORTH BOSTON,NY,2
14111,NORTH COLLINS,NY,2
14112,NORTH EVANS,NY,2
14113,NORTH JAVA,NY,2
14120,NORTH TONAWANDA,NY,2
14125,OAKFIELD,NY,2
14126,OLCOTT,NY,2
14127,ORCHARD PARK,NY,2
14129,PERRYSBURG,NY,2
14130,PIKE,NY,2
14131,RANSOMVILLE,NY,2
14132,LA SALLE,NY,2
14133,FREEDOM,NY,2
14134,CHAFFEE,NY,2
14135,SHERIDAN,NY,2
14136,SILVER CREEK,NY,2
14138,SOUTH DAYTON,NY,2
14139,SOUTH WALES,NY,2
14140,SPRING BROOK,NY,2
14141,SPRINGVILLE,NY,2
14143,BATAVIA,NY,2
14145,STRYKERSVILLE,NY,2
14150,TONAWANDA,NY,2
14151,TONAWANDA,NY,2
14166,DUNKIRK,NY,2
14167,VARYSBURG,NY,2
14168,VERSAILLES,NY,2
14169,WALES CENTER,NY,2
14170,WEST FALLS,NY,2
14171,WEST VALLEY,NY,2
14172,WILSON,NY,2
14173,YORKSHIRE,NY,2
14174,LEWISTON,NY,2
14201,NIAGARA SQUARE,NY,2
14202,NIAGARA SQUARE,NY,2
14203,NIAGARA SQUARE,NY,2
14204,NIAGARA SQUARE,NY,2
14205,ELLICOTT,NY,2
14206,EASTSIDE CARRIER ANNEX,NY,2
14207,NORTHSIDE BUFFALO,NY,2
14208,EASTSIDE CARRIER ANNEX,NY,2
14209,CENTRAL PARK,NY,2
14210,EASTSIDE CARRIER ANNEX,NY,2
14211,EASTSIDE CARRIER ANNEX,NY,2
14212,BROADWAY BUFFALO,NY,2
14213,WEST SIDE BUFFALO,NY,2
14214,CENTRAL PARK,NY,2
14215,CENTRAL PARK,NY,2
14216,NORTHSIDE BUFFALO,NY,2
14217,KENMORE,NY,2
14218,LACKAWANNA,NY,2
14219,BLASDELL,NY,2
14220,SOUTH SIDE BUFFALO,NY,2
14221,WILLIAMSVILLE,NY,2
14222,WEST SIDE BUFFALO,NY,2
14223,HILER,NY,2
14224,WEST SENECA,NY,2
14225,CHEEKTOWAGA,NY,2
14226,AMHERST,NY,2
14227,CHEEKTOWAGA,NY,2
14228,AMHERST,NY,2
14231,WILLIAMSVILLE,NY,2
14240,EASTSIDE CARRIER ANNEX,NY,2
14301,NEW MARKET,NY,2
14302,NIAGARA FALLS,NY,2
14303,NIAGARA FALLS,NY,2
14304,LA SALLE,NY,2
14305,BRIDGE,NY,2
14410,ADAMS BASIN,NY,2
14411,ALBION,NY,2
14413,ALTON,NY,2
14414,AVON,NY,2
14415,BELLONA,NY,2
14416,BERGEN,NY,2
14418,KEUKA PARK,NY,2
14420,BROCKPORT,NY,2
14422,BYRON,NY,2
14423,MUMFORD,NY,2
14424,CANANDAIGUA,NY,2
14425,FARMINGTON,NY,2
14427,CASTILE,NY,2
14428,CHURCHVILLE,NY,2
14429,CLARENDON,NY,2
14430,CLARKSON,NY,2
14432,CLIFTON SPRINGS,NY,2
14433,CLYDE,NY,2
14435,CONESUS,NY,2
14437,DANSVILLE,NY,2
14441,DRESDEN,NY,2
14443,BLOOMFIELD,NY,2
14445,EAST ROCHESTER,NY,2
14449,WILLIAMSON,NY,2
14450,FAIRPORT,NY,2
14452,FANCHER,NY,2
14453,FISHERS,NY,2
14454,GENESEO,NY,2
14456,GENEVA,NY,2
14461,GORHAM,NY,2
14462,GROVELAND,NY,2
14463,HALL,NY,2
14464,HAMLIN,NY,2
14466,HEMLOCK,NY,2
14467,HENRIETTA,NY,2
14468,HILTON,NY,2
14469,BLOOMFIELD,NY,2
14470,HOLLEY,NY,2
14471,HONEOYE,NY,2
14472,HONEOYE FALLS,NY,2
14475,IONIA,NY,2
14476,KENDALL,NY,2
14477,KENT,NY,2
14478,KEUKA PARK,NY,2
14480,LAKEVILLE,NY,2
14481,LEICESTER,NY,2
14482,LE ROY,NY,2
14485,LIMA,NY,2
14486,PAVILION,NY,2
14487,LIVONIA,NY,2
14488,LIVONIA,NY,2
14489,LYONS,NY,2
14502,MACEDON,NY,2
14504,MANCHESTER,NY,2
14505,MARION,NY,2
14506,MENDON,NY,2
14507,MIDDLESEX,NY,2
14508,MORTON,NY,2
14510,MOUNT MORRIS,NY,2
14511,MUMFORD,NY,2
14512,NAPLES,NY,2
14513,NEWARK,NY,2
14514,NORTH CHILI,NY,2
14515,NORTH GREECE,NY,2
14516,NORTH ROSE,NY,2
14517,NUNDA,NY,2
14518,PHELPS,NY,2
14519,ONTARIO,NY,2
14520,ONTARIO CENTER,NY,2
14521,OVID,NY,2
14522,PALMYRA,NY,2
14525,PAVILION,NY,2
14526,PENFIELD,NY,2
14527,PENN YAN,NY,2
14529,PERKINSVILLE,NY,2
14530,PERRY,NY,2
14532,PHELPS,NY,2
14533,GENESEO,NY,2
14534,PITTSFORD,NY,2
14536,NUNDA,NY,2
14537,PORT GIBSON,NY,2
14538,PULTNEYVILLE,NY,2
14539,RETSOF,NY,2
14541,ROMULUS,NY,2
14542,ROSE,NY,2
14543,RUSH,NY,2
14544,RUSHVILLE,NY,2
14545,GROVELAND,NY,2
14546,SCOTTSVILLE,NY,2
14547,SENECA CASTLE,NY,2
14548,SHORTSVILLE,NY,2
14549,SILVER LAKE,NY,2
14550,SILVER SPRINGS,NY,2
14551,SODUS,NY,2
14555,SODUS,NY,2
14556,SONYEA,NY,2
14557,SOUTH BYRON,NY,2
14558,LIVONIA,NY,2
14559,SPENCERPORT,NY,2
14560,SPRINGWATER,NY,2
14561,STANLEY,NY,2
14563,UNION HILL,NY,2
14564,VICTOR,NY,2
14568,ONTARIO,NY,2
14569,WARSAW,NY,2
14571,WATERPORT,NY,2
14572,WAYLAND,NY,2
14580,WEBSTER,NY,2
14585,WEST BLOOMFIELD,NY,2
14586,HENRIETTA,NY,2
14588,WILLARD,NY,2
14589,WILLIAMSON,NY,2
14590,WOLCOTT,NY,2
14591,WYOMING,NY,2
14592,YORK,NY,2
14602,ROCHESTER,NY,2
14603,DOWNTOWN ROCHESTER,NY,2
14604,DOWNTOWN ROCHESTER,NY,2
14605,DOWNTOWN ROCHESTER,NY,2
14606,LEXINGTON ROCHESTER,NY,2
14607,DOWNTOWN ROCHESTER,NY,2
14608,DOWNTOWN ROCHESTER,NY,2
14609,BEECHWOOD,NY,2
14610,BRIGHTON ROCHESTER,NY,2
14611,WESTGATE,NY,2
14612,CHARLOTTE,NY,2
14613,DEWEY,NY,2
14614,DOWNTOWN ROCHESTER,NY,2
14615,LEXINGTON ROCHESTER,NY,2
14616,GREECE,NY,2
14617,IRONDEQUOIT,NY,2
14618,LOEHMANNS PLAZA,NY,2
14619,THURSTON ROAD,NY,2
14620,ROCHESTER CARRIER ANNEX,NY,2
14621,IRONDEQUOIT,NY,2
14622,IRONDEQUOIT,NY,2
14623,ROCHESTER CARRIER ANNEX,NY,2
14624,WESTGATE,NY,2
14625,PANORAMA,NY,2
14626,GREECE,NY,2
14692,ROCHESTER,NY,2
14701,JAMESTOWN,NY,2
14702,JAMESTOWN,NY,2
14706,ALLEGANY,NY,2
14707,ALLENTOWN,NY,2
14708,BOLIVAR,NY,2
14709,ANGELICA,NY,2
14710,ASHVILLE,NY,2
14711,BELFAST,NY,2
14712,BEMUS POINT,NY,2
14714,BLACK CREEK,NY,2
14715,BOLIVAR,NY,2
14716,BROCTON,NY,2
14717,BELFAST,NY,2
14718,CASSADAGA,NY,2
14719,CATTARAUGUS,NY,2
14720,CELORON,NY,2
14721,CERES,NY,2
14722,CHAUTAUQUA,NY,2
14723,CHERRY CREEK,NY,2
14724,CLYMER,NY,2
14726,CONEWANGO VALLEY,NY,2
14727,CUBA,NY,2
14728,DEWITTVILLE,NY,2
14729,CATTARAUGUS,NY,2
14730,RANDOLPH,NY,2
14731,ELLICOTTVILLE,NY,2
14732,ELLINGTON,NY,2
14733,FALCONER,NY,2
14735,FILLMORE,NY,2
14736,FINDLEY LAKE,NY,2
14737,FRANKLINVILLE,NY,2
14738,FREWSBURG,NY,2
14739,FRIENDSHIP,NY,2
14740,GERRY,NY,2
14741,GREAT VALLEY,NY,2
14742,GREENHURST,NY,2
14743,HINSDALE,NY,2
14744,HOUGHTON,NY,2
14745,HUME,NY,2
14747,KENNEDY,NY,2
14748,KILL BUCK,NY,2
14750,LAKEWOOD,NY,2
14751,CONEWANGO VALLEY,NY,2
14752,LILY DALE,NY,2
14753,LIMESTONE,NY,2
14754,LITTLE GENESEE,NY,2
14755,LITTLE VALLEY,NY,2
14756,DEWITTVILLE,NY,2
14757,MAYVILLE,NY,2
14758,LAKEWOOD,NY,2
14760,OLEAN,NY,2
14766,OTTO,NY,2
14767,LAKEWOOD,NY,2
14769,PORTLAND,NY,2
14770,PORTVILLE,NY,2
14772,RANDOLPH,NY,2
14774,RICHBURG,NY,2
14775,RIPLEY,NY,2
14777,RUSHFORD,NY,2
14778,SAINT BONAVENTURE,NY,2
14779,SALAMANCA,NY,2
14781,SHERMAN,NY,2
14782,SINCLAIRVILLE,NY,2
14783,STEAMBURG,NY,2
14784,STOCKTON,NY,2
14785,STOW,NY,2
14786,WEST CLARKSVILLE,NY,2
14787,WESTFIELD,NY,2
14788,WESTONS MILLS,NY,2
14801,ADDISON,NY,2
14802,ALFRED,NY,2
14803,ALFRED,NY,2
14804,ALMOND,NY,2
14805,ALPINE,NY,2
14806,ANDOVER,NY,2
14807,ARKPORT,NY,2
14808,ATLANTA,NY,2
14809,AVOCA,NY,2
14810,BATH,NY,2
14812,BEAVER DAMS,NY,2
14813,BELMONT,NY,2
14814,BIG FLATS,NY,2
14815,TYRONE,NY,2
14816,BREESPORT,NY,2
14817,BROOKTONDALE,NY,2
14818,BURDETT,NY,2
14819,CAMERON MILLS,NY,2
14820,CAMERON MILLS,NY,2
14821,CAMPBELL,NY,2
14822,CANASERAGA,NY,2
14823,CANISTEO,NY,2
14824,CAYUTA DPOBU,NY,2
14825,CHEMUNG,NY,2
14826,COHOCTON,NY,2
14827,COOPERS PLAINS,NY,2
14830,CORNING,NY,2
14836,DALTON,NY,2
14837,DUNDEE,NY,2
14838,ELMIRA NY SDC,NY,2
14839,GREENWOOD,NY,2
14840,HAMMONDSPORT,NY,2
14841,HECTOR,NY,2
14842,HIMROD,NY,2
14843,HORNELL,NY,2
14845,ELMIRA NY SDC,NY,2
14846,HUNT,NY,2
14847,INTERLAKEN,NY,2
14850,ITHACA,NY,2
14851,DOWNTOWN ITHACA,NY,2
14852,ITHACA,NY,2
14854,JACKSONVILLE,NY,2
14855,ADDISON,NY,2
14856,KANONA,NY,2
14857,LAKEMONT,NY,2
14858,LINDLEY,NY,2
14859,LOCKWOOD,NY,2
14860,LODI,NY,2
14861,ELMIRA NY SDC,NY,2
14863,MECKLENBURG,NY,2
14864,ELMIRA NY SDC,NY,2
14865,ELMIRA NY SDC,NY,2
14867,NEWFIELD,NY,2
14869,ELMIRA NY SDC,NY,2
14870,PAINTED POST,NY,2
14871,ELMIRA NY SDC,NY,2
14872,ELMIRA NY SDC,NY,2
14873,PRATTSBURGH,NY,2
14874,PULTENEY,NY,2
14876,READING CENTER,NY,2
14877,REXVILLE,NY,2
14878,DUNDEE,NY,2
14879,CAMPBELL,NY,2
14880,SCIO,NY,2
14881,SLATERVILLE SPRINGS,NY,2
14882,ITHACA,NY,2
14883,SPENCER,NY,2
14884,SWAIN,NY,2
14885,TROUPSBURG,NY,2
14886,TRUMANSBURG,NY,2
14887,TYRONE,NY,2
14889,VAN ETTEN,NY,2
14891,WATKINS GLEN,NY,2
14892,WAVERLY,NY,2
14893,WAYNE,NY,2
14894,ELMIRA NY SDC,NY,2
14895,WELLSVILLE,NY,2
14897,REXVILLE,NY,2
14898,ADDISON,NY,2
14901,ELMIRA NY SDC,NY,2
14902,DOWNTOWN ELMIRA,NY,2
14903,ELMIRA HEIGHTS,NY,2
14904,ELMIRA NY SDC,NY,2
14905,DOWNTOWN ELMIRA,NY,2
15001,ALIQUIPPA,PA,2
15003,AMBRIDGE,PA,2
15004,ATLASBURG,PA,2
15005,BADEN,PA,2
15006,BAIRDFORD,PA,2
15007,BAKERSTOWN,PA,2
15009,BEAVER,PA,2
15010,BEAVER FALLS,PA,2
15012,BELLE VERNON,PA,2
15014,BRACKENRIDGE,PA,2
15015,BRADFORDWOODS,PA,2
15017,BRIDGEVILLE,PA,2
15018,BUENA VISTA,PA,2
15019,BULGER,PA,2
15020,BUNOLA,PA,2
15021,BURGETTSTOWN,PA,2
15022,CHARLEROI,PA,2
15024,CHESWICK,PA,2
15025,CLAIRTON,PA,2
15026,CLINTON,PA,2
15027,CONWAY,PA,2
15028,COULTERS,PA,2
15030,CREIGHTON,PA,2
15031,CUDDY,PA,2
15032,CURTISVILLE,PA,2
15033,DONORA,PA,2
15034,DRAVOSBURG,PA,2
15035,EAST MC KEESPORT,PA,2
15037,ELIZABETH,PA,2
15038,ELRAMA,PA,2
15042,FREEDOM,PA,2
15043,GEORGETOWN,PA,2
15044,GIBSONIA,PA,2
15045,GLASSPORT,PA,2
15046,ALIQUIPPA,PA,2
15047,GREENOCK,PA,2
15049,HARWICK,PA,2
15050,HOOKSTOWN,PA,2
15051,INDIANOLA,PA,2
15052,INDUSTRY,PA,2
15053,JOFFRE,PA,2
15054,LANGELOTH,PA,2
15055,LAWRENCE,PA,2
15056,AMBRIDGE,PA,2
15057,MC DONALD,PA,2
15059,MIDLAND,PA,2
15060,MIDWAY,PA,2
15061,MONACA,PA,2
15062,MONESSEN,PA,2
15063,MONONGAHELA,PA,2
15064,MORGAN,PA,2
15065,NATRONA HEIGHTS,PA,2
15066,NEW BRIGHTON,PA,2
15067,MONONGAHELA,PA,2
15068,ARNOLD,PA,2
15071,OAKDALE,PA,2
15072,PRICEDALE,PA,2
15074,ROCHESTER,PA,2
15075,RURAL RIDGE,PA,2
15076,RUSSELLTON,PA,2
15077,SHIPPINGPORT,PA,2
15078,SLOVAN,PA,2
15081,SOUTH HEIGHTS,PA,2
15082,STURGEON,PA,2
15083,SUTERSVILLE,PA,2
15084,TARENTUM,PA,2
15085,TRAFFORD,PA,2
15086,WEXFORD,PA,2
15087,WEBSTER,PA,2
15088,WEST ELIZABETH,PA,2
15089,WEST NEWTON,PA,2
15090,WEXFORD,PA,2
15091,WILDWOOD,PA,2
15095,NETWORK DISTRIBUTION CT,PA,2
15101,ALLISON PARK,PA,2
15102,BETHEL PARK,PA,2
15104,BRADDOCK,PA,2
15106,CARNEGIE,PA,2
15108,CORAOPOLIS,PA,2
15110,DUQUESNE,PA,2
15112,BRADDOCK,PA,2
15116,GLENSHAW,PA,2
15120,HOMESTEAD,PA,2
15122,PITTSBURGH PA PLSNT HLS SDC,PA,2
15126,IMPERIAL,PA,2
15127,INGOMAR,PA,2
15129,PITTSBURGH PA PLSNT HLS SDC,PA,2
15131,MCKEESPORT,PA,2
15132,MCKEESPORT,PA,2
15133,MCKEESPORT,PA,2
15134,MCKEESPORT,PA,2
15135,BOSTON,PA,2
15136,MC KEES ROCKS,PA,2
15137,NORTH VERSAILLES,PA,2
15139,OAKMONT,PA,2
15140,MONROEVILLE,PA,2
15142,BRIDGEVILLE,PA,2
15143,SEWICKLEY,PA,2
15144,NEW KENSINGTON,PA,2
15145,BRADDOCK,PA,2
15146,MONROEVILLE,PA,2
15147,VERONA,PA,2
15148,NORTH VERSAILLES,PA,2
15201,ARSENAL,PA,2
15202,PITTSBURGH,PA,2
15203,CARSON,PA,2
15204,GREENTREE,PA,2
15205,CRAFTON,PA,2
15206,EAST LIBERTY,PA,2
15207,HAZELWOOD,PA,2
15208,EAST LIBERTY,PA,2
15209,MC KNIGHT,PA,2
15210,MOUNT OLIVER,PA,2
15211,MOUNT OLIVER,PA,2
15212,ALLEGHENY,PA,2
15213,OAKLAND,PA,2
15214,PITTSBURGH PA NORTHSIDE SDC,PA,2
15215,SHARPSBURG,PA,2
15216,SOUTH HILLS,PA,2
15217,EAST LIBERTY,PA,2
15218,SWISSVALE,PA,2
15219,GRANT STREET CARRIERS,PA,2
15220,GREENTREE,PA,2
15221,PENN HILLS,PA,2
15222,FOURTH AVENUE,PA,2
15223,ETNA,PA,2
15224,BLOOMFIELD,PA,2
15225,PITTSBURGH PA NORTHSIDE SDC,PA,2
15226,BROOKLINE,PA,2
15227,BRENTWOOD,PA,2
15228,CASTLE SHANNON,PA,2
15229,MC KNIGHT,PA,2
15230,LIBERTY CENTER,PA,2
15231,GREENTREE,PA,2
15232,BLOOMFIELD,PA,2
15233,PITTSBURGH,PA,2
15234,CASTLE SHANNON,PA,2
15235,PENN HILLS,PA,2
15236,PITTSBURGH PA PLSNT HLS SDC,PA,2
15237,MC KNIGHT,PA,2
15238,BLAWNOX,PA,2
15239,MONROEVILLE,PA,2
15241,UPPER SAINT CLAIR,PA,2
15242,GREENTREE,PA,2
15243,CEDARHURST,PA,2
15244,MONTOUR,PA,2
15253,PITTSBURGH,PA,2
15275,GREENTREE,PA,2
15301,CENTRAL WASHINGTON,PA,2
15310,ALEPPO,PA,2
15311,WASHINGTON,PA,2
15312,AVELLA,PA,2
15313,BEALLSVILLE,PA,2
15314,BENTLEYVILLE,PA,2
15315,BOBTOWN,PA,2
15316,BRAVE,PA,2
15317,CANONSBURG,PA,2
15320,CARMICHAELS,PA,2
15321,CECIL,PA,2
15322,CLARKSVILLE,PA,2
15323,CLAYSVILLE,PA,2
15324,COKEBURG,PA,2
15325,CRUCIBLE,PA,2
15327,BOBTOWN,PA,2
15329,PROSPERITY,PA,2
15330,EIGHTY FOUR,PA,2
15331,ELLSWORTH,PA,2
15332,FINLEYVILLE,PA,2
15333,CLARKSVILLE,PA,2
15334,GARARDS FORT,PA,2
15336,GASTONVILLE,PA,2
15337,GRAYSVILLE,PA,2
15338,BOBTOWN,PA,2
15340,AVELLA,PA,2
15341,HOLBROOK,PA,2
15342,CANONSBURG CARRIER ANNEX,PA,2
15344,CARMICHAELS,PA,2
15345,CLARKSVILLE,PA,2
15346,MATHER,PA,2
15347,MEADOW LANDS,PA,2
15348,MILLSBORO,PA,2
15349,MOUNT MORRIS,PA,2
15350,MUSE,PA,2
15351,NEMACOLIN,PA,2
15352,NEW FREEPORT,PA,2
15353,NINEVEH,PA,2
15357,CARMICHAELS,PA,2
15358,RICHEYVILLE,PA,2
15359,ROGERSVILLE,PA,2
15360,BENTLEYVILLE,PA,2
15361,MC DONALD,PA,2
15362,SPRAGGS,PA,2
15363,CANONSBURG CARRIER ANNEX,PA,2
15364,SYCAMORE,PA,2
15365,TAYLORSTOWN,PA,2
15366,VAN VOORHIS,PA,2
15367,VENETIA,PA,2
15368,VESTABURG,PA,2
15370,WAYNESBURG,PA,2
15376,WEST ALEXANDER,PA,2
15377,WEST FINLEY,PA,2
15378,WESTLAND,PA,2
15379,WEST MIDDLETOWN,PA,2
15380,WIND RIDGE,PA,2
15401,DOWNTOWN UNIONTOWN,PA,2
15410,BROWNSVILLE,PA,2
15411,ADDISON,PA,2
15412,ALLENPORT,PA,2
15413,ALLISON,PA,2
15415,BRIER HILL,PA,2
15416,BROWNFIELD,PA,2
15417,BROWNSVILLE,PA,2
15419,CALIFORNIA,PA,2
15420,CARDALE,PA,2
15421,CHALK HILL,PA,2
15422,CHESTNUT RIDGE,PA,2
15423,COAL CENTER,PA,2
15424,CONFLUENCE,PA,2
15425,CONNELLSVILLE,PA,2
15427,BROWNSVILLE,PA,2
15428,DAWSON,PA,2
15429,BROWNSVILLE,PA,2
15430,DICKERSON RUN,PA,2
15431,CONNELLSVILLE,PA,2
15432,DUNLEVY,PA,2
15433,BROWNSVILLE,PA,2
15434,ROSCOE,PA,2
15435,FAIRBANK,PA,2
15436,FAIRCHANCE,PA,2
15437,FARMINGTON,PA,2
15438,FAYETTE CITY,PA,2
15439,GANS,PA,2
15440,GIBBON GLADE,PA,2
15442,BROWNSVILLE,PA,2
15443,HIBBS,PA,2
15444,BROWNSVILLE,PA,2
15445,HOPWOOD,PA,2
15446,INDIAN HEAD,PA,2
15447,ISABELLA,PA,2
15448,JACOBS CREEK,PA,2
15449,KEISTERVILLE,PA,2
15450,BROWNSVILLE,PA,2
15451,POINT MARION,PA,2
15454,LECKRONE,PA,2
15455,LEISENRING,PA,2
15456,LEMONT FURNACE,PA,2
15458,MC CLELLANDTOWN,PA,2
15459,FARMINGTON,PA,2
15460,MARTIN,PA,2
15461,MASONTOWN,PA,2
15462,MELCROFT,PA,2
15463,MERRITTSTOWN,PA,2
15464,MILL RUN,PA,2
15465,MOUNT BRADDOCK,PA,2
15466,NEWELL,PA,2
15467,POINT MARION,PA,2
15468,NEW SALEM,PA,2
15469,NORMALVILLE,PA,2
15470,OHIOPYLE,PA,2
15472,OLIVER,PA,2
15473,PERRYOPOLIS,PA,2
15474,POINT MARION,PA,2
15475,REPUBLIC,PA,2
15476,RONCO,PA,2
15477,ROSCOE,PA,2
15478,SMITHFIELD,PA,2
15479,SMITHTON,PA,2
15480,SMOCK,PA,2
15482,STAR JUNCTION,PA,2
15483,STOCKDALE,PA,2
15484,ULEDI,PA,2
15485,CONFLUENCE,PA,2
15486,DAWSON,PA,2
15488,WALTERSBURG,PA,2
15489,WEST LEISENRING,PA,2
15490,WHITE,PA,2
15492,PERRYOPOLIS,PA,2
15501,SOMERSET,PA,2
15502,SOMERSET,PA,2
15520,ACOSTA,PA,2
15521,ALUM BANK,PA,2
15522,BEDFORD,PA,2
15530,BERLIN,PA,2
15531,BOSWELL,PA,2
15532,BOYNTON,PA,2
15533,BREEZEWOOD,PA,2
15534,BUFFALO MILLS,PA,2
15535,CLEARVILLE,PA,2
15536,CRYSTAL SPRING,PA,2
15537,EVERETT,PA,2
15538,FAIRHOPE,PA,2
15539,FISHERTOWN,PA,2
15540,FORT HILL,PA,2
15541,FRIEDENS,PA,2
15542,GARRETT,PA,2
15544,GRAY,PA,2
15545,HYNDMAN,PA,2
15547,JENNERSTOWN,PA,2
15549,FRIEDENS,PA,2
15550,MANNS CHOICE,PA,2
15551,MARKLETON,PA,2
15552,MEYERSDALE,PA,2
15553,NEW BALTIMORE,PA,2
15554,NEW PARIS,PA,2
15555,SOMERSET,PA,2
15557,ROCKWOOD,PA,2
15558,SALISBURY,PA,2
15559,MANNS CHOICE,PA,2
15560,SHANKSVILLE,PA,2
15561,SIPESVILLE,PA,2
15562,SPRINGS,PA,2
15563,STOYSTOWN,PA,2
15601,GREENSBURG,PA,2
15610,ACME,PA,2
15611,ADAMSBURG,PA,2
15612,ALVERTON,PA,2
15613,APOLLO,PA,2
15615,ARDARA,PA,2
15616,ARMBRUST,PA,2
15617,ARONA,PA,2
15618,AVONMORE,PA,2
15619,BOVARD,PA,2
15620,BRADENVILLE,PA,2
15622,CHAMPION,PA,2
15623,CLARIDGE,PA,2
15624,CRABTREE,PA,2
15625,DARRAGH,PA,2
15626,DELMONT,PA,2
15627,DERRY,PA,2
15628,DONEGAL,PA,2
15629,EAST VANDERGRIFT,PA,2
15631,EVERSON,PA,2
15632,MURRYSVILLE,PA,2
15633,FORBES ROAD,PA,2
15634,GRAPEVILLE,PA,2
15635,HANNASTOWN,PA,2
15636,HARRISON CITY,PA,2
15637,HERMINIE,PA,2
15638,HOSTETTER,PA,2
15639,HUNKER,PA,2
15640,HUTCHINSON,PA,2
15641,HYDE PARK,PA,2
15642,IRWIN,PA,2
15644,JEANNETTE,PA,2
15646,JONES MILLS,PA,2
15647,LARIMER,PA,2
15650,LATROBE,PA,2
15655,LAUGHLINTOWN,PA,2
15656,LEECHBURG,PA,2
15658,LIGONIER,PA,2
15660,NORTH HUNTINGDON,PA,2
15661,LATROBE,PA,2
15662,LUXOR,PA,2
15663,MADISON,PA,2
15664,MAMMOTH,PA,2
15665,MANOR,PA,2
15666,MOUNT PLEASANT,PA,2
15668,MURRYSVILLE,PA,2
15670,NEW ALEXANDRIA,PA,2
15671,LATROBE,PA,2
15672,NEW STANTON,PA,2
15673,NORTH APOLLO,PA,2
15674,NORVELT,PA,2
15675,JEANNETTE,PA,2
15676,PLEASANT UNITY,PA,2
15677,LAUGHLINTOWN,PA,2
15678,NORTH HUNTINGDON,PA,2
15679,MOUNT PLEASANT,PA,2
15680,SALINA,PA,2
15681,SALTSBURG,PA,2
15682,SCHENLEY,PA,2
15683,SCOTTDALE,PA,2
15684,SLICKVILLE,PA,2
15685,SOUTHWEST,PA,2
15686,SPRING CHURCH,PA,2
15687,STAHLSTOWN,PA,2
15688,MOUNT PLEASANT,PA,2
15689,UNITED,PA,2
15690,VANDERGRIFT,PA,2
15691,MANOR,PA,2
15692,MANOR,PA,2
15693,WHITNEY,PA,2
15695,WYANO,PA,2
15696,YOUNGSTOWN,PA,2
15697,YOUNGWOOD,PA,2
15698,YUKON,PA,2
15701,INDIANA,PA,2
15710,ALVERDA,PA,2
15711,ANITA,PA,2
15712,ARCADIA,PA,2
15713,HOMER CITY,PA,2
15714,NORTHERN CAMBRIA,PA,2
15715,BIG RUN,PA,2
15716,BLACK LICK,PA,2
15717,BLAIRSVILLE,PA,2
15720,BRUSH VALLEY,PA,2
15721,CHERRY TREE,PA,2
15722,CARROLLTOWN,PA,2
15723,CREEKSIDE,PA,2
15724,CHERRY TREE,PA,2
15725,CLARKSBURG,PA,2
15727,CLUNE,PA,2
15728,CLYMER,PA,2
15729,COMMODORE,PA,2
15730,PUNXSUTAWNEY,PA,2
15731,HOMER CITY,PA,2
15732,CREEKSIDE,PA,2
15733,DE LANCEY,PA,2
15734,DIXONVILLE,PA,2
15736,ELDERTON,PA,2
15737,ELMORA,PA,2
15738,EMEIGH,PA,2
15739,CREEKSIDE,PA,2
15741,GIPSY,PA,2
15742,GLEN CAMPBELL,PA,2
15744,HAMILTON,PA,2
15745,HEILWOOD,PA,2
15746,HILLSDALE,PA,2
15747,HOME,PA,2
15748,HOMER CITY,PA,2
15752,KENT,PA,2
15753,LA JOSE,PA,2
15754,LUCERNEMINES,PA,2
15756,MC INTYRE,PA,2
15757,MAHAFFEY,PA,2
15759,INDIANA,PA,2
15760,NORTHERN CAMBRIA,PA,2
15761,CLYMER,PA,2
15762,NICKTOWN,PA,2
15763,PUNXSUTAWNEY,PA,2
15764,PUNXSUTAWNEY,PA,2
15765,PENN RUN,PA,2
15767,PUNXSUTAWNEY,PA,2
15770,PUNXSUTAWNEY,PA,2
15771,ROCHESTER MILLS,PA,2
15772,ROSSITER,PA,2
15773,SAINT BENEDICT,PA,2
15774,SHELOCTA,PA,2
15776,PUNXSUTAWNEY,PA,2
15777,STARFORD,PA,2
15778,TIMBLIN,PA,2
15779,TORRANCE,PA,2
15780,PUNXSUTAWNEY,PA,2
15781,WALSTON,PA,2
15783,SHELOCTA,PA,2
15784,PUNXSUTAWNEY,PA,2
15801,DU BOIS,PA,2
15821,BENEZETT,PA,2
15823,BROCKPORT,PA,2
15824,BROCKWAY,PA,2
15825,BROOKVILLE,PA,2
15827,BYRNEDALE,PA,2
15828,SIGEL,PA,2
15829,CORSICA,PA,2
15831,DAGUS MINES,PA,2
15832,DRIFTWOOD,PA,2
15834,EMPORIUM,PA,2
15840,FALLS CREEK,PA,2
15841,FORCE,PA,2
15845,JOHNSONBURG,PA,2
15846,KERSEY,PA,2
15847,KNOX DALE,PA,2
15848,LUTHERSBURG,PA,2
15849,PENFIELD,PA,2
15851,REYNOLDSVILLE,PA,2
15853,RIDGWAY,PA,2
15856,ROCKTON,PA,2
15857,SAINT MARYS,PA,2
15860,SIGEL,PA,2
15861,EMPORIUM,PA,2
15863,SYKESVILLE,PA,2
15864,BROOKVILLE,PA,2
15865,REYNOLDSVILLE,PA,2
15866,LUTHERSBURG,PA,2
15868,WEEDVILLE,PA,2
15870,JOHNSONBURG,PA,2
15901,JOHNSTOWN,PA,2
15902,JOHNSTOWN,PA,2
15904,JOHNSTOWN,PA,2
15905,JOHNSTOWN,PA,2
15906,JOHNSTOWN,PA,2
15907,JOHNSTOWN,PA,2
15909,JOHNSTOWN,PA,2
15920,ARMAGH,PA,2
15921,BEAVERDALE,PA,2
15922,BELSANO,PA,2
15923,BOLIVAR,PA,2
15924,CAIRNBROOK,PA,2
15925,CASSANDRA,PA,2
15926,CENTRAL CITY,PA,2
15927,COLVER,PA,2
15928,DAVIDSVILLE,PA,2
15929,DILLTOWN,PA,2
15930,DUNLO,PA,2
15931,EBENSBURG,PA,2
15934,ELTON,PA,2
15935,HOLLSOPPLE,PA,2
15936,HOOVERSVILLE,PA,2
15937,JEROME,PA,2
15938,LILLY,PA,2
15940,LORETTO,PA,2
15942,JOHNSTOWN,PA,2
15943,NANTY GLO,PA,2
15944,NEW FLORENCE,PA,2
15945,JOHNSTOWN,PA,2
15946,PORTAGE,PA,2
15948,REVLOC,PA,2
15949,ROBINSON,PA,2
15951,SAINT MICHAEL,PA,2
15952,SALIX,PA,2
15954,SEWARD,PA,2
15955,SIDMAN,PA,2
15956,SOUTH FORK,PA,2
15957,BELSANO,PA,2
15958,PORTAGE,PA,2
15959,TIRE HILL,PA,2
15960,TWIN ROCKS,PA,2
15961,VINTONDALE,PA,2
15962,WILMORE,PA,2
15963,WINDBER,PA,2
16001,BUTLER,PA,2
16002,BUTLER,PA,2
16003,BUTLER,PA,2
16020,BOYERS,PA,2
16022,BRUIN,PA,2
16023,CABOT,PA,2
16024,CALLERY,PA,2
16025,CHICORA,PA,2
16027,CONNOQUENESSING,PA,2
16028,EAST BRADY,PA,2
16029,EAST BUTLER,PA,2
16030,EAU CLAIRE,PA,2
16033,EVANS CITY,PA,2
16034,CHICORA,PA,2
16035,FORESTVILLE,PA,2
16036,FOXBURG,PA,2
16037,ZELIENOPLE,PA,2
16038,HARRISVILLE,PA,2
16039,BUTLER,PA,2
16040,BOYERS,PA,2
16041,KARNS CITY,PA,2
16045,BUTLER,PA,2
16046,MARS,PA,2
16048,NORTH WASHINGTON,PA,2
16049,PARKER,PA,2
16050,PETROLIA,PA,2
16051,NEW CASTLE PA SDC,PA,2
16052,NEW CASTLE PA SDC,PA,2
16053,RENFREW,PA,2
16054,SAINT PETERSBURG,PA,2
16055,SARVER,PA,2
16056,SAXONBURG,PA,2
16057,NEW CASTLE PA SDC,PA,2
16058,TURKEY CITY,PA,2
16059,VALENCIA,PA,2
16061,WEST SUNBURY,PA,2
16063,ZELIENOPLE,PA,2
16066,CRANBERRY TOWNSHIP,PA,2
16101,NEW CASTLE PA SDC,PA,2
16102,NEW CASTLE PA SDC,PA,2
16103,DOWNTOWN NEW CASTLE,PA,2
16105,NESHANNOCK,PA,2
16107,NEW CASTLE PA SDC,PA,2
16110,ADAMSVILLE,PA,2
16111,ATLANTIC,PA,2
16112,BESSEMER,PA,2
16113,CLARK,PA,2
16114,CLARKS MILLS,PA,2
16115,DARLINGTON,PA,2
16116,EDINBURG,PA,2
16117,ELLWOOD CITY,PA,2
16120,ENON VALLEY,PA,2
16121,FARRELL,PA,2
16123,ELLWOOD CITY,PA,2
16124,FREDONIA,PA,2
16125,GREENVILLE,PA,2
16127,GROVE CITY,PA,2
16130,GREENVILLE,PA,2
16131,HARTSTOWN,PA,2
16132,HILLSVILLE,PA,2
16133,JACKSON CENTER,PA,2
16134,JAMESTOWN,PA,2
16136,KOPPEL,PA,2
16137,MERCER,PA,2
16140,NEW BEDFORD,PA,2
16141,DARLINGTON,PA,2
16142,NEW WILMINGTON,PA,2
16143,NEW WILMINGTON,PA,2
16145,SANDY LAKE,PA,2
16146,SHARON,PA,2
16148,HERMITAGE,PA,2
16150,SHARON,PA,2
16151,SHEAKLEYVILLE,PA,2
16153,SANDY LAKE,PA,2
16154,TRANSFER,PA,2
16155,VILLA MARIA,PA,2
16156,NEW CASTLE PA SDC,PA,2
16157,ELLWOOD CITY,PA,2
16159,NEW CASTLE PA SDC,PA,2
16160,WEST PITTSBURG,PA,2
16161,WHEATLAND,PA,2
16201,KITTANNING,PA,2
16210,ADRIAN,PA,2
16211,BEYER,PA,2
16212,CADOGAN,PA,2
16213,SLIGO,PA,2
16214,CLARION,PA,2
16217,COOKSBURG,PA,2
16218,COWANSVILLE,PA,2
16220,CROWN,PA,2
16221,SLIGO,PA,2
16222,DAYTON,PA,2
16223,DISTANT,PA,2
16224,FAIRMOUNT CITY,PA,2
16225,STRATTANVILLE,PA,2
16226,FORD CITY,PA,2
16228,FORD CITY,PA,2
16229,FREEPORT,PA,2
16230,HAWTHORN,PA,2
16232,KNOX,PA,2
16233,LEEPER,PA,2
16234,LIMESTONE,PA,2
16235,LUCINDA,PA,2
16236,MC GRANN,PA,2
16238,MANORVILLE,PA,2
16239,MARIENVILLE,PA,2
16240,MAYPORT,PA,2
16242,NEW BETHLEHEM,PA,2
16244,NU MINE,PA,2
16245,OAK RIDGE,PA,2
16246,PLUMVILLE,PA,2
16248,RIMERSBURG,PA,2
16249,RURAL VALLEY,PA,2
16250,SAGAMORE,PA,2
16254,SHIPPENVILLE,PA,2
16255,RIMERSBURG,PA,2
16256,DAYTON,PA,2
16258,STRATTANVILLE,PA,2
16259,TEMPLETON,PA,2
16260,COOKSBURG,PA,2
16261,TEMPLETON,PA,2
16262,WORTHINGTON,PA,2
16263,YATESBORO,PA,2
16301,OIL CITY,PA,2
16311,CARLTON,PA,2
16312,CHANDLERS VALLEY,PA,2
16313,CLARENDON,PA,2
16314,COCHRANTON,PA,2
16316,CONNEAUT LAKE,PA,2
16317,COOPERSTOWN,PA,2
16319,OIL CITY,PA,2
16321,ENDEAVOR,PA,2
16322,ENDEAVOR,PA,2
16323,FRANKLIN,PA,2
16326,FRYBURG,PA,2
16327,COCHRANTON,PA,2
16328,TITUSVILLE,PA,2
16329,IRVINE,PA,2
16331,KOSSUTH,PA,2
16332,TYLERSBURG,PA,2
16333,LUDLOW,PA,2
16334,MARBLE,PA,2
16335,MEADVILLE,PA,2
16340,PITTSFIELD,PA,2
16341,PLEASANTVILLE,PA,2
16342,POLK,PA,2
16343,RENO,PA,2
16344,ROUSEVILLE,PA,2
16345,RUSSELL,PA,2
16346,OIL CITY,PA,2
16347,SHEFFIELD,PA,2
16350,SUGAR GROVE,PA,2
16351,TIDIOUTE,PA,2
16352,TIONA,PA,2
16353,TIONESTA,PA,2
16354,TITUSVILLE,PA,2
16360,TITUSVILLE,PA,2
16361,TYLERSBURG,PA,2
16362,UTICA,PA,2
16364,VENUS,PA,2
16365,WARREN,PA,2
16370,WEST HICKORY,PA,2
16371,YOUNGSVILLE,PA,2
16372,CLINTONVILLE,PA,2
16373,EMLENTON,PA,2
16374,KENNERDELL,PA,2
16375,LAMARTINE,PA,2
16401,ALBION,PA,2
16402,CORRY,PA,2
16403,CAMBRIDGE SPRINGS,PA,2
16404,CENTERVILLE,PA,2
16405,COLUMBUS,PA,2
16406,CONNEAUTVILLE,PA,2
16407,CORRY,PA,2
16410,ALBION,PA,2
16411,EAST SPRINGFIELD,PA,2
16412,EDINBORO,PA,2
16413,ELGIN,PA,2
16415,FAIRVIEW,PA,2
16416,GARLAND,PA,2
16417,GIRARD,PA,2
16420,GRAND VALLEY,PA,2
16421,ERIE PA S&DC,PA,2
16422,HARMONSBURG,PA,2
16423,GIRARD,PA,2
16424,LINESVILLE,PA,2
16426,ERIE PA S&DC,PA,2
16427,MILL VILLAGE,PA,2
16428,NORTH EAST,PA,2
16430,EAST SPRINGFIELD,PA,2
16433,SAEGERTOWN,PA,2
16434,CORRY,PA,2
16435,CONNEAUTVILLE,PA,2
16436,CORRY,PA,2
16438,UNION CITY,PA,2
16440,VENANGO,PA,2
16441,WATERFORD,PA,2
16442,ERIE PA S&DC,PA,2
16443,WEST SPRINGFIELD,PA,2
16501,ERIE PA S&DC,PA,2
16502,ERIE PA S&DC,PA,2
16503,ERIE PA S&DC,PA,2
16504,ERIE PA S&DC,PA,2
16505,PRESQUE ISLE,PA,2
16506,PRESQUE ISLE,PA,2
16507,ERIE PA S&DC,PA,2
16508,ERIE PA S&DC,PA,2
16509,ERIE PA S&DC,PA,2
16510,ERIE PA S&DC,PA,2
16511,ERIE PA S&DC,PA,2
16512,DOWNTOWN ERIE,PA,2
16514,ERIE PA S&DC,PA,2
16601,ALTOONA,PA,2
16602,ALTOONA,PA,2
16603,ALTOONA,PA,2
16611,ALEXANDRIA,PA,2
16613,ASHVILLE,PA,2
16616,SMOKERUN,PA,2
16617,BELLWOOD,PA,2
16619,BLANDBURG,PA,2
16620,BRISBIN,PA,2
16621,BROAD TOP,PA,2
16622,CALVIN,PA,2
16623,CASSVILLE,PA,2
16624,CHEST SPRINGS,PA,2
16625,CLAYSBURG,PA,2
16627,COALPORT,PA,2
16629,ASHVILLE,PA,2
16630,CRESSON,PA,2
16631,CURRYVILLE,PA,2
16633,DEFIANCE,PA,2
16634,DUDLEY,PA,2
16635,DUNCANSVILLE,PA,2
16636,DYSART,PA,2
16637,EAST FREEDOM,PA,2
16639,FALLENTIMBER,PA,2
16640,FLINTON,PA,2
16641,CRESSON,PA,2
16644,GLASGOW,PA,2
16645,IRVONA,PA,2
16646,HASTINGS,PA,2
16647,HESSTON,PA,2
16648,HOLLIDAYSBURG,PA,2
16650,HOPEWELL,PA,2
16651,HOUTZDALE,PA,2
16652,HUNTINGDON,PA,2
16655,IMLER,PA,2
16656,IRVONA,PA,2
16657,JAMES CREEK,PA,2
16659,HOPEWELL,PA,2
16660,MC CONNELLSTOWN,PA,2
16661,HOUTZDALE,PA,2
16662,MARTINSBURG,PA,2
16663,MORANN,PA,2
16664,NEW ENTERPRISE,PA,2
16665,NEWRY,PA,2
16666,OSCEOLA MILLS,PA,2
16667,OSTERBURG,PA,2
16668,PATTON,PA,2
16669,ALEXANDRIA,PA,2
16671,RAMEY,PA,2
16672,RIDDLESBURG,PA,2
16673,ROARING SPRING,PA,2
16674,ROBERTSDALE,PA,2
16675,HASTINGS,PA,2
16677,OSCEOLA MILLS,PA,2
16678,SAXTON,PA,2
16679,SIX MILE RUN,PA,2
16680,SMITHMILL,PA,2
16681,SMOKERUN,PA,2
16682,CLAYSBURG,PA,2
16683,SPRUCE CREEK,PA,2
16684,TIPTON,PA,2
16685,BROAD TOP,PA,2
16686,TYRONE,PA,2
16689,WATERFALL,PA,2
16691,WELLS TANNERY,PA,2
16692,WESTOVER,PA,2
16693,WILLIAMSBURG,PA,2
16694,WOOD,PA,2
16695,CURRYVILLE,PA,2
16701,BRADFORD,PA,2
16720,AUSTIN,PA,2
16724,CROSBY,PA,2
16725,CUSTER CITY,PA,2
16726,CYCLONE,PA,2
16727,DERRICK CITY,PA,2
16729,DUKE CENTER,PA,2
16730,EAST SMETHPORT,PA,2
16731,ELDRED,PA,2
16732,GIFFORD,PA,2
16733,MOUNT JEWETT,PA,2
16734,JAMES CITY,PA,2
16735,KANE,PA,2
16738,LEWIS RUN,PA,2
16740,MOUNT JEWETT,PA,2
16743,PORT ALLEGANY,PA,2
16744,REW,PA,2
16745,RIXFORD,PA,2
16746,ROULETTE,PA,2
16748,SHINGLEHOUSE,PA,2
16749,SMETHPORT,PA,2
16750,TURTLEPOINT,PA,2
16801,STATE COLLEGE,PA,2
16802,STATE COLLEGE,PA,2
16803,STATE COLLEGE,PA,2
16804,STATE COLLEGE,PA,2
16805,STATE COLLEGE,PA,2
16820,AARONSBURG,PA,2
16821,ALLPORT,PA,2
16822,BEECH CREEK,PA,2
16823,BELLEFONTE,PA,2
16825,WOODLAND,PA,2
16826,BLANCHARD,PA,2
16827,BOALSBURG,PA,2
16828,CENTRE HALL,PA,2
16829,CLARENCE,PA,2
16830,CLEARFIELD,PA,2
16832,COBURN,PA,2
16833,CURWENSVILLE,PA,2
16834,DRIFTING,PA,2
16835,FLEMING,PA,2
16836,FRENCHVILLE,PA,2
16837,OLANTA,PA,2
16838,CURWENSVILLE,PA,2
16839,MORRISDALE,PA,2
16840,HAWK RUN,PA,2
16841,HOWARD,PA,2
16843,HYDE,PA,2
16844,JULIAN,PA,2
16845,KARTHAUS,PA,2
16847,KYLERTOWN,PA,2
16848,LAMAR,PA,2
16849,LANSE,PA,2
16850,FRENCHVILLE,PA,2
16851,LEMONT,PA,2
16852,MADISONBURG,PA,2
16853,MILESBURG,PA,2
16854,MILLHEIM,PA,2
16855,MINERAL SPRINGS,PA,2
16856,MINGOVILLE,PA,2
16858,MORRISDALE,PA,2
16859,SNOW SHOE,PA,2
16860,MORRISDALE,PA,2
16861,NEW MILLPORT,PA,2
16863,OLANTA,PA,2
16864,BEECH CREEK,PA,2
16865,PENNSYLVANIA FURNACE,PA,2
16866,PHILIPSBURG,PA,2
16868,PINE GROVE MILLS,PA,2
16870,PORT MATILDA,PA,2
16871,KARTHAUS,PA,2
16872,REBERSBURG,PA,2
16873,SHAWVILLE,PA,2
16874,SNOW SHOE,PA,2
16875,SPRING MILLS,PA,2
16876,WALLACETON,PA,2
16877,TYRONE,PA,2
16878,PHILIPSBURG,PA,2
16879,WINBURNE,PA,2
16881,WOODLAND,PA,2
16882,WOODWARD,PA,2
16901,WELLSBORO,PA,2
16910,TROY,PA,2
16911,ARNOT,PA,2
16912,BLOSSBURG,PA,2
16914,COLUMBIA CROSS ROADS,PA,2
16915,COUDERSPORT,PA,2
16917,COVINGTON,PA,2
16920,ELKLAND,PA,2
16921,GAINES,PA,2
16922,GALETON,PA,2
16923,COUDERSPORT,PA,2
16925,GILLETT,PA,2
16926,GRANVILLE SUMMIT,PA,2
16927,WESTFIELD,PA,2
16928,KNOXVILLE,PA,2
16929,LAWRENCEVILLE,PA,2
16930,LIBERTY,PA,2
16932,MAINESBURG,PA,2
16933,MANSFIELD,PA,2
16935,MIDDLEBURY CENTER,PA,2
16936,LAWRENCEVILLE,PA,2
16937,MILLS,PA,2
16938,MORRIS,PA,2
16939,MORRIS RUN,PA,2
16940,NELSON,PA,2
16941,COUDERSPORT,PA,2
16942,OSCEOLA,PA,2
16943,SABINSVILLE,PA,2
16945,SYLVANIA,PA,2
16946,TIOGA,PA,2
16947,TROY,PA,2
16948,ULYSSES,PA,2
16950,WESTFIELD,PA,2
17001,CAMP HILL,PA,2
17002,ALLENSVILLE,PA,2
17003,ANNVILLE,PA,2
17004,BELLEVILLE,PA,2
17005,BERRYSBURG,PA,2
17006,BLAIN,PA,2
17007,BOILING SPRINGS,PA,2
17009,BURNHAM,PA,2
17010,CAMPBELLTOWN,PA,2
17011,CAMP HILL,PA,2
17013,CARLISLE,PA,2
17014,MC ALISTERVILLE,PA,2
17015,CARLISLE,PA,2
17016,CORNWALL,PA,2
17017,GRATZ,PA,2
17018,DAUPHIN,PA,2
17019,DILLSBURG,PA,2
17020,DUNCANNON,PA,2
17021,EAST WATERFORD,PA,2
17022,ELIZABETHTOWN,PA,2
17023,ELIZABETHVILLE,PA,2
17024,ELLIOTTSBURG,PA,2
17025,CAMP HILL,PA,2
17026,FREDERICKSBURG,PA,2
17027,GRANTHAM,PA,2
17028,GRANTVILLE,PA,2
17029,GRANVILLE,PA,2
17030,GRATZ,PA,2
17032,HALIFAX,PA,2
17033,HERSHEY,PA,2
17034,HIGHSPIRE,PA,2
17035,PORT ROYAL,PA,2
17036,HUMMELSTOWN,PA,2
17037,ICKESBURG,PA,2
17038,JONESTOWN,PA,2
17039,KLEINFELTERSVILLE,PA,2
17040,LANDISBURG,PA,2
17041,LAWN,PA,2
17042,CLEONA,PA,2
17043,CAMP HILL,PA,2
17044,LEWISTOWN,PA,2
17045,LIVERPOOL,PA,2
17046,LEBANON,PA,2
17047,LOYSVILLE,PA,2
17048,LYKENS,PA,2
17049,MC ALISTERVILLE,PA,2
17050,MECHANICSBURG,PA,2
17051,MC VEYTOWN,PA,2
17052,MAPLETON DEPOT,PA,2
17053,MARYSVILLE,PA,2
17054,MATTAWANA,PA,2
17055,MECHANICSBURG,PA,2
17056,MEXICO,PA,2
17057,MIDDLETOWN,PA,2
17058,MIFFLINTOWN,PA,2
17059,MIFFLINTOWN,PA,2
17060,MILL CREEK,PA,2
17061,MILLERSBURG,PA,2
17062,MILLERSTOWN,PA,2
17063,MILROY,PA,2
17064,MOUNT GRETNA,PA,2
17065,CARLISLE,PA,2
17066,MOUNT UNION,PA,2
17067,MYERSTOWN,PA,2
17068,NEW BLOOMFIELD,PA,2
17069,NEW BUFFALO,PA,2
17070,NEW CUMBERLAND,PA,2
17072,NEW KINGSTOWN,PA,2
17073,NEWMANSTOWN,PA,2
17074,NEWPORT,PA,2
17075,NEWTON HAMILTON,PA,2
17076,OAKLAND MILLS,PA,2
17077,JONESTOWN,PA,2
17078,PALMYRA,PA,2
17080,PILLOW,PA,2
17081,PLAINFIELD,PA,2
17082,PORT ROYAL,PA,2
17083,QUENTIN,PA,2
17084,REEDSVILLE,PA,2
17085,REXMONT,PA,2
17086,RICHFIELD,PA,2
17087,RICHLAND,PA,2
17088,SCHAEFFERSTOWN,PA,2
17090,SHERMANS DALE,PA,2
17094,MILLERSTOWN,PA,2
17097,WICONISCO,PA,2
17098,LYKENS,PA,2
17099,LEWISTOWN,PA,2
17101,UPTOWN,PA,2
17102,UPTOWN,PA,2
17103,UPTOWN,PA,2
17104,SWATARA,PA,2
17105,HARRISBURG,PA,2
17106,HARRISBURG,PA,2
17108,FEDERAL SQUARE,PA,2
17109,LOWER PAXTON,PA,2
17110,UPTOWN,PA,2
17111,SWATARA,PA,2
17112,LOWER PAXTON,PA,2
17113,STEELTON,PA,2
17129,HARRISBURG,PA,2
17201,CHAMBERSBURG,PA,2
17202,CHAMBERSBURG,PA,2
17210,AMBERSON,PA,2
17211,WARFORDSBURG,PA,2
17212,NEEDMORE,PA,2
17213,BLAIRS MILLS,PA,2
17214,BLUE RIDGE SUMMIT,PA,2
17215,BURNT CABINS,PA,2
17217,DRY RUN,PA,2
17219,DRY RUN,PA,2
17220,DRY RUN,PA,2
17221,FANNETTSBURG,PA,2
17222,FAYETTEVILLE,PA,2
17223,MC CONNELLSBURG,PA,2
17224,FORT LOUDON,PA,2
17225,GREENCASTLE,PA,2
17228,MC CONNELLSBURG,PA,2
17229,HUSTONTOWN,PA,2
17231,LEMASTERS,PA,2
17232,LURGAN,PA,2
17233,MC CONNELLSBURG,PA,2
17235,MARION,PA,2
17236,MERCERSBURG,PA,2
17237,MONT ALTO,PA,2
17238,NEEDMORE,PA,2
17239,SHADE GAP,PA,2
17240,NEWBURG,PA,2
17241,NEWVILLE,PA,2
17243,ORBISONIA,PA,2
17244,ORRSTOWN,PA,2
17246,PLEASANT HALL,PA,2
17247,QUINCY,PA,2
17249,ROCKHILL FURNACE,PA,2
17250,ROUZERVILLE,PA,2
17251,ROXBURY,PA,2
17252,SAINT THOMAS,PA,2
17253,SALTILLO,PA,2
17254,SCOTLAND,PA,2
17255,SHADE GAP,PA,2
17256,SHADY GROVE,PA,2
17257,SHIPPENSBURG,PA,2
17260,SHIRLEYSBURG,PA,2
17261,SOUTH MOUNTAIN,PA,2
17262,SPRING RUN,PA,2
17263,STATE LINE,PA,2
17264,THREE SPRINGS,PA,2
17265,UPPERSTRASBURG,PA,2
17266,SHIPPENSBURG,PA,2
17267,WARFORDSBURG,PA,2
17268,WAYNESBORO,PA,2
17271,WILLOW HILL,PA,2
17272,ZULLINGER,PA,2
17301,ABBOTTSTOWN,PA,2
17302,BROGUE,PA,2
17303,ARENDTSVILLE,PA,2
17304,ASPERS,PA,2
17306,BENDERSVILLE,PA,2
17307,BIGLERVILLE,PA,2
17309,BROGUE,PA,2
17310,CASHTOWN,PA,2
17311,CODORUS,PA,2
17312,CRALEY,PA,2
17313,DALLASTOWN,PA,2
17314,DELTA,PA,2
17315,DOVER,PA,2
17316,EAST BERLIN,PA,2
17317,EAST PROSPECT,PA,2
17318,EMIGSVILLE,PA,2
17319,ETTERS,PA,2
17320,FAIRFIELD,PA,2
17321,DELTA,PA,2
17322,FELTON,PA,2
17323,FRANKLINTOWN,PA,2
17324,ASPERS,PA,2
17325,GETTYSBURG,PA,2
17327,GLEN ROCK,PA,2
17329,GLEN ROCK,PA,2
17331,HANOVER,PA,2
17339,LEWISBERRY,PA,2
17340,LITTLESTOWN,PA,2
17342,LOGANVILLE,PA,2
17343,MC KNIGHTSTOWN,PA,2
17344,MC SHERRYSTOWN,PA,2
17345,MANCHESTER,PA,2
17347,MOUNT WOLF,PA,2
17349,NEW FREEDOM,PA,2
17350,NEW OXFORD,PA,2
17352,NEW PARK,PA,2
17353,FAIRFIELD,PA,2
17355,RAILROAD,PA,2
17356,RED LION,PA,2
17358,ROSSVILLE,PA,2
17360,SEVEN VALLEYS,PA,2
17361,SHREWSBURY,PA,2
17362,SPRING GROVE,PA,2
17363,STEWARTSTOWN,PA,2
17364,THOMASVILLE,PA,2
17365,LEWISBERRY,PA,2
17366,WINDSOR,PA,2
17368,WRIGHTSVILLE,PA,2
17370,YORK EAST PA S&DC,PA,2
17371,YORK NEW SALEM,PA,2
17372,YORK SPRINGS,PA,2
17401,YORK PA WEST SDC,PA,2
17402,YORK EAST PA S&DC,PA,2
17403,YORK PA WEST SDC,PA,2
17404,WEST YORK,PA,2
17405,DOWNTOWN YORK,PA,2
17406,YORK EAST PA S&DC,PA,2
17407,JACOBUS,PA,2
17408,YORK PA WEST SDC,PA,2
17501,AKRON,PA,2
17502,BAINBRIDGE,PA,2
17503,BART,PA,2
17504,BAUSMAN,PA,2
17505,BIRD IN HAND,PA,2
17506,BLUE BALL,PA,2
17507,BOWMANSVILLE,PA,2
17508,BROWNSTOWN,PA,2
17509,CHRISTIANA,PA,2
17512,COLUMBIA,PA,2
17516,CONESTOGA,PA,2
17517,DENVER,PA,2
17518,HOLTWOOD,PA,2
17519,EAST EARL,PA,2
17520,EAST PETERSBURG,PA,2
17521,ELM,PA,2
17522,EPHRATA,PA,2
17527,GAP,PA,2
17528,GOODVILLE,PA,2
17529,GORDONVILLE,PA,2
17532,HOLTWOOD,PA,2
17533,HOPELAND,PA,2
17534,INTERCOURSE,PA,2
17535,GAP,PA,2
17536,KIRKWOOD,PA,2
17537,LAMPETER,PA,2
17538,LANDISVILLE,PA,2
17540,LEOLA,PA,2
17543,LITITZ,PA,2
17545,MANHEIM,PA,2
17547,MARIETTA,PA,2
17550,MAYTOWN,PA,2
17551,MILLERSVILLE,PA,2
17552,MOUNT JOY,PA,2
17554,MOUNTVILLE,PA,2
17555,NARVON,PA,2
17557,NEW HOLLAND,PA,2
17560,NEW PROVIDENCE,PA,2
17562,PARADISE,PA,2
17563,PEACH BOTTOM,PA,2
17564,PENRYN,PA,2
17565,CONESTOGA,PA,2
17566,QUARRYVILLE,PA,2
17567,REAMSTOWN,PA,2
17568,REFTON,PA,2
17569,DENVER,PA,2
17570,RHEEMS,PA,2
17572,RONKS,PA,2
17575,SILVER SPRING,PA,2
17576,SMOKETOWN,PA,2
17578,DENVER,PA,2
17579,STRASBURG,PA,2
17580,TALMAGE,PA,2
17581,TERRE HILL,PA,2
17582,COLUMBIA,PA,2
17584,WILLOW STREET,PA,2
17585,WITMER,PA,2
17601,LANCASTER PA SDC,PA,2
17602,LANCASTER PA SDC,PA,2
17603,LANCASTER PA SDC,PA,2
17604,LANCASTER,PA,2
17605,EAST LANCASTER,PA,2
17606,NEFFSVILLE,PA,2
17607,ROHRERSTOWN,PA,2
17608,DOWNTOWN LANCASTER,PA,2
17701,NEWBERRY,PA,2
17702,SOUTH WILLIAMSPORT,PA,2
17703,CENTER CITY,PA,2
17720,ANTES FORT,PA,2
17721,AVIS,PA,2
17723,JERSEY SHORE,PA,2
17724,CANTON,PA,2
17726,CASTANEA,PA,2
17727,JERSEY SHORE,PA,2
17728,COGAN STATION,PA,2
17729,CROSS FORK,PA,2
17730,DEWART,PA,2
17731,EAGLES MERE,PA,2
17735,GROVER,PA,2
17737,HUGHESVILLE,PA,2
17739,JERSEY SHORE,PA,2
17740,JERSEY SHORE,PA,2
17742,HUGHESVILLE,PA,2
17744,LINDEN,PA,2
17745,LOCK HAVEN,PA,2
17747,LOGANTON,PA,2
17748,MC ELHATTAN,PA,2
17749,MC EWENSVILLE,PA,2
17750,MACKEYVILLE,PA,2
17751,LOCK HAVEN,PA,2
17752,MONTGOMERY,PA,2
17754,MONTOURSVILLE,PA,2
17756,MUNCY,PA,2
17758,MUNCY VALLEY,PA,2
17760,NORTH BEND,PA,2
17762,PICTURE ROCKS,PA,2
17763,RALSTON,PA,2
17764,RENOVO,PA,2
17765,CANTON,PA,2
17768,CANTON,PA,2
17769,JERSEY SHORE,PA,2
17771,TROUT RUN,PA,2
17772,TURBOTVILLE,PA,2
17774,UNITYVILLE,PA,2
17776,JERSEY SHORE,PA,2
17777,WATSONTOWN,PA,2
17778,RENOVO,PA,2
17779,WOOLRICH,PA,2
17801,SUNBURY,PA,2
17810,ALLENWOOD,PA,2
17812,BEAVER SPRINGS,PA,2
17813,BEAVERTOWN,PA,2
17814,BENTON,PA,2
17815,BLOOMSBURG,PA,2
17820,CATAWISSA,PA,2
17821,DANVILLE,PA,2
17823,DORNSIFE,PA,2
17824,ELYSBURG,PA,2
17827,FREEBURG,PA,2
17829,HARTLETON,PA,2
17830,HERNDON,PA,2
17831,HUMMELS WHARF,PA,2
17832,MARION HEIGHTS,PA,2
17833,KREAMER,PA,2
17834,KULPMONT,PA,2
17835,LAURELTON,PA,2
17836,SHAMOKIN,PA,2
17837,LEWISBURG,PA,2
17840,MOUNT CARMEL,PA,2
17841,MC CLURE,PA,2
17842,MIDDLEBURG,PA,2
17844,MIFFLINBURG,PA,2
17845,MIFFLINBURG,PA,2
17846,MILLVILLE,PA,2
17847,MILTON,PA,2
17850,MONTANDON,PA,2
17851,MOUNT CARMEL,PA,2
17853,MOUNT PLEASANT MILLS,PA,2
17855,NEW BERLIN,PA,2
17856,WEST MILTON,PA,2
17857,NORTHUMBERLAND,PA,2
17858,NUMIDIA,PA,2
17859,ORANGEVILLE,PA,2
17860,PAXINOS,PA,2
17861,PAXTONVILLE,PA,2
17862,PENNS CREEK,PA,2
17864,PORT TREVORTON,PA,2
17865,POTTS GROVE,PA,2
17866,SHAMOKIN,PA,2
17867,SHAMOKIN,PA,2
17868,RIVERSIDE,PA,2
17870,SELINSGROVE,PA,2
17872,SHAMOKIN,PA,2
17876,SELINSGROVE,PA,2
17878,BENTON,PA,2
17880,MILLMONT,PA,2
17881,SHAMOKIN,PA,2
17882,TROXELVILLE,PA,2
17884,WASHINGTONVILLE,PA,2
17885,WEIKERT,PA,2
17886,WEST MILTON,PA,2
17887,WHITE DEER,PA,2
17888,MOUNT CARMEL,PA,2
17889,WINFIELD,PA,2
17901,POTTSVILLE,PA,2
17920,ARISTES,PA,2
17921,ASHLAND,PA,2
17922,AUBURN,PA,2
17923,BRANCHDALE,PA,2
17925,NEW RINGGOLD,PA,2
17929,CRESSONA,PA,2
17930,CUMBOLA,PA,2
17931,FRACKVILLE,PA,2
17933,FRIEDENSBURG,PA,2
17934,FRACKVILLE,PA,2
17935,ASHLAND,PA,2
17936,GORDON,PA,2
17938,HEGINS,PA,2
17941,VALLEY VIEW,PA,2
17943,LAVELLE,PA,2
17944,LLEWELLYN,PA,2
17945,LOCUSTDALE,PA,2
17946,LOST CREEK,PA,2
17948,MAHANOY CITY,PA,2
17949,FRACKVILLE,PA,2
17951,MAR LIN,PA,2
17952,MARY D,PA,2
17953,MIDDLEPORT,PA,2
17954,MINERSVILLE,PA,2
17957,TOWER CITY,PA,2
17959,NEW PHILADELPHIA,PA,2
17960,NEW RINGGOLD,PA,2
17961,ORWIGSBURG,PA,2
17963,PINE GROVE,PA,2
17964,HEGINS,PA,2
17965,PORT CARBON,PA,2
17967,RINGTOWN,PA,2
17968,SACRAMENTO,PA,2
17970,SAINT CLAIR,PA,2
17972,POTTSVILLE,PA,2
17974,SELTZER,PA,2
17976,SHENANDOAH,PA,2
17978,SPRING GLEN,PA,2
17979,SUMMIT STATION,PA,2
17980,TOWER CITY,PA,2
17981,PINE GROVE,PA,2
17982,NEW RINGGOLD,PA,2
17983,VALLEY VIEW,PA,2
17985,RINGTOWN,PA,2
18002,LEHIGH VALLEY POSTAL STORE,PA,2
18011,ALBURTIS,PA,2
18012,AQUASHICOLA,PA,2
18013,BANGOR,PA,2
18014,BATH,PA,2
18015,BETHLEHEM,PA,2
18016,BETHLEHEM,PA,2
18017,BETHLEHEM AIRPORT,PA,2
18018,BETHLEHEM,PA,2
18020,BETHLEHEM AIRPORT,PA,2
18030,BOWMANSTOWN,PA,2
18031,BREINIGSVILLE,PA,2
18032,ALLENTOWN AIRPORT,PA,2
18034,CENTER VALLEY,PA,2
18035,CHERRYVILLE,PA,2
18036,COOPERSBURG,PA,2
18037,COPLAY,PA,2
18038,DANIELSVILLE,PA,2
18039,DURHAM,PA,2
18040,PALMER,PA,2
18041,EAST GREENVILLE,PA,2
18042,EASTON,PA,2
18043,PALMER,PA,2
18044,EASTON,PA,2
18045,PALMER,PA,2
18046,EAST TEXAS,PA,2
18049,EMMAUS,PA,2
18051,FOGELSVILLE,PA,2
18052,WHITEHALL,PA,2
18053,GERMANSVILLE,PA,2
18054,GREEN LANE,PA,2
18055,HELLERTOWN,PA,2
18056,HEREFORD,PA,2
18058,KUNKLETOWN,PA,2
18059,LAURYS STATION,PA,2
18060,LIMEPORT,PA,2
18062,MACUNGIE,PA,2
18063,MARTINS CREEK,PA,2
18064,NAZARETH,PA,2
18065,NEFFS,PA,2
18066,GERMANSVILLE,PA,2
18067,NORTHAMPTON,PA,2
18068,OLD ZIONSVILLE,PA,2
18069,OREFIELD,PA,2
18070,HEREFORD,PA,2
18071,PALMERTON,PA,2
18072,PEN ARGYL,PA,2
18073,RED HILL,PA,2
18074,PERKIOMENVILLE,PA,2
18076,RED HILL,PA,2
18077,RIEGELSVILLE,PA,2
18078,SCHNECKSVILLE,PA,2
18079,SLATEDALE,PA,2
18080,SLATINGTON,PA,2
18081,SPRINGTOWN,PA,2
18083,STOCKERTOWN,PA,2
18084,SUMNEYTOWN,PA,2
18085,TATAMY,PA,2
18086,WALNUTPORT,PA,2
18087,TREXLERTOWN,PA,2
18088,WALNUTPORT,PA,2
18091,WIND GAP,PA,2
18092,HEREFORD,PA,2
18101,ALLENTOWN AIRPORT,PA,2
18102,ALLENTOWN AIRPORT,PA,2
18103,ALLENTOWN AIRPORT,PA,2
18104,ALLENTOWN AIRPORT,PA,2
18105,ALLENTOWN,PA,2
18106,ALLENTOWN AIRPORT,PA,2
18109,ALLENTOWN AIRPORT,PA,2
18195,ALLENTOWN AIRPORT,PA,2
18201,HAZLETON,PA,2
18202,HAZLETON,PA,2
18210,ALBRIGHTSVILLE,PA,2
18211,ANDREAS,PA,2
18212,ASHFIELD,PA,2
18214,BARNESVILLE,PA,2
18216,BEAVER MEADOWS,PA,2
18218,COALDALE,PA,2
18219,CONYNGHAM,PA,2
18220,DELANO,PA,2
18221,DRIFTON,PA,2
18222,DRUMS,PA,2
18223,EBERVALE,PA,2
18224,FREELAND,PA,2
18225,HARLEIGH,PA,2
18229,JIM THORPE,PA,2
18230,JUNEDALE,PA,2
18231,KELAYRES,PA,2
18232,LANSFORD,PA,2
18234,LATTIMER MINES,PA,2
18235,LEHIGHTON,PA,2
18237,MCADOO,PA,2
18239,MILNESVILLE,PA,2
18240,NESQUEHONING,PA,2
18241,NUREMBERG,PA,2
18242,ONEIDA,PA,2
18244,PARRYVILLE,PA,2
18245,QUAKAKE,PA,2
18246,ROCK GLEN,PA,2
18247,SAINT JOHNS,PA,2
18248,SHEPPTON,PA,2
18249,HAZLETON,PA,2
18250,SUMMIT HILL,PA,2
18251,SYBERTSVILLE,PA,2
18252,TAMAQUA,PA,2
18254,TRESCKOW,PA,2
18255,WEATHERLY,PA,2
18256,WESTON,PA,2
18301,EAST STROUDSBURG,PA,2
18302,EAST STROUDSBURG,PA,2
18320,ANALOMINK,PA,2
18321,BARTONSVILLE,PA,2
18322,BRODHEADSVILLE,PA,2
18323,BUCK HILL FALLS,PA,2
18324,BUSHKILL,PA,2
18325,CANADENSIS,PA,2
18326,CRESCO,PA,2
18327,DELAWARE WATER GAP,PA,2
18328,DINGMANS FERRY,PA,2
18330,EFFORT,PA,2
18331,BRODHEADSVILLE,PA,2
18332,HENRYVILLE,PA,2
18333,KRESGEVILLE,PA,2
18334,LONG POND,PA,2
18335,MARSHALLS CREEK,PA,2
18336,MATAMORAS,PA,2
18337,MILFORD,PA,2
18340,MILLRIFT,PA,2
18342,CRESCO,PA,2
18343,MOUNT BETHEL,PA,2
18344,MOUNT POCONO,PA,2
18346,POCONO SUMMIT,PA,2
18347,POCONO LAKE,PA,2
18349,SWIFTWATER,PA,2
18350,POCONO PINES,PA,2
18351,PORTLAND,PA,2
18352,REEDERS,PA,2
18353,SAYLORSBURG,PA,2
18354,SCIOTA,PA,2
18355,SCOTRUN,PA,2
18356,SHAWNEE ON DELAWARE,PA,2
18357,SKYTOP,PA,2
18360,STROUDSBURG,PA,2
18370,SWIFTWATER,PA,2
18371,BUSHKILL,PA,2
18372,TANNERSVILLE,PA,2
18403,ARCHBALD,PA,2
18405,BEACH LAKE,PA,2
18407,CARBONDALE,PA,2
18410,CHINCHILLA,PA,2
18411,CLARKS SUMMIT,PA,2
18413,CLIFFORD,PA,2
18414,DALTON,PA,2
18415,DAMASCUS,PA,2
18416,MOSCOW,PA,2
18417,EQUINUNK,PA,2
18419,DALTON,PA,2
18420,FLEETVILLE,PA,2
18421,FOREST CITY,PA,2
18424,GOULDSBORO,PA,2
18425,GREELEY,PA,2
18426,GREENTOWN,PA,2
18427,HAMLIN,PA,2
18428,HAWLEY,PA,2
18430,FOREST CITY,PA,2
18431,HONESDALE,PA,2
18433,ARCHBALD,PA,2
18434,JESSUP,PA,2
18435,LACKAWAXEN,PA,2
18436,LAKE ARIEL,PA,2
18437,LAKE COMO,PA,2
18438,HAWLEY,PA,2
18439,LAKEWOOD,PA,2
18440,LA PLUME,PA,2
18441,NICHOLSON,PA,2
18443,MILANVILLE,PA,2
18444,MOSCOW,PA,2
18445,NEWFOUNDLAND,PA,2
18446,NICHOLSON,PA,2
18447,OLYPHANT,PA,2
18451,PAUPACK,PA,2
18452,OLYPHANT,PA,2
18453,FOREST CITY,PA,2
18454,POYNTELLE,PA,2
18455,LAKE COMO,PA,2
18456,PROMPTON,PA,2
18457,ROWLAND,PA,2
18458,HAWLEY,PA,2
18459,SOUTH CANAAN,PA,2
18460,NEWFOUNDLAND,PA,2
18461,LAKEWOOD,PA,2
18462,STARRUCCA,PA,2
18463,STERLING,PA,2
18464,TAFTON,PA,2
18465,SUSQUEHANNA,PA,2
18466,TOBYHANNA,PA,2
18469,DAMASCUS,PA,2
18470,FOREST CITY,PA,2
18471,WAVERLY,PA,2
18472,WAYMART,PA,2
18473,WHITE MILLS,PA,2
18501,DOWNTOWN SCRANTON,PA,2
18502,STEAMTOWN,PA,2
18503,SCRANTON,PA,2
18504,WEST SCRANTON,PA,2
18505,SCRANTON,PA,2
18507,TAYLOR,PA,2
18508,SCRANTON,PA,2
18509,SCRANTON,PA,2
18510,SCRANTON,PA,2
18512,DUNMORE,PA,2
18517,TAYLOR,PA,2
18518,TAYLOR,PA,2
18519,SCRANTON,PA,2
18602,BEAR CREEK NPU,PA,2
18603,BERWICK,PA,2
18610,BLAKESLEE,PA,2
18611,CAMBRA,PA,2
18612,DALLAS,PA,2
18614,DUSHORE,PA,2
18615,FALLS,PA,2
18616,DUSHORE,PA,2
18617,GLEN LYON,PA,2
18618,HARVEYS LAKE,PA,2
18619,DUSHORE,PA,2
18621,HUNLOCK CREEK,PA,2
18622,HUNTINGTON MILLS,PA,2
18623,LACEYVILLE,PA,2
18624,LAKE HARMONY,PA,2
18625,LAKE WINOLA,PA,2
18626,LAPORTE,PA,2
18627,LEHMAN,PA,2
18628,DUSHORE,PA,2
18629,MEHOOPANY,PA,2
18630,MESHOPPEN,PA,2
18631,MIFFLINVILLE,PA,2
18632,DUSHORE,PA,2
18634,NANTICOKE,PA,2
18635,NESCOPECK,PA,2
18636,HARVEYS LAKE,PA,2
18640,PITTSTON,PA,2
18641,DURYEA,PA,2
18642,DURYEA,PA,2
18643,PITTSTON,PA,2
18644,PITTSTON,PA,2
18651,PLYMOUTH,PA,2
18653,RANSOM,PA,2
18654,HARVEYS LAKE,PA,2
18655,SHICKSHINNY,PA,2
18656,DALLAS,PA,2
18657,TUNKHANNOCK,PA,2
18660,BERWICK,PA,2
18661,WHITE HAVEN,PA,2
18701,WILKES BARRE PA S&DC,PA,2
18702,WILKES BARRE PA S&DC,PA,2
18703,WILKES BARRE PA S&DC,PA,2
18704,KINGSTON,PA,2
18705,PLAINS,PA,2
18706,WILKES BARRE PA S&DC,PA,2
18707,MOUNTAIN TOP,PA,2
18708,SHAVERTOWN,PA,2
18709,LUZERNE,PA,2
18710,WILKES BARRE PA S&DC,PA,2
18773,WILKES BARRE PA S&DC,PA,2
18801,MONTROSE,PA,2
18810,ATHENS,PA,2
18812,BRACKNEY,PA,2
18813,BROOKLYN,PA,2
18814,BURLINGTON,PA,2
18816,DIMOCK,PA,2
18817,EAST SMITHFIELD,PA,2
18818,FRIENDSVILLE,PA,2
18821,GREAT BEND,PA,2
18822,HALLSTEAD,PA,2
18823,KINGSLEY,PA,2
18824,HOP BOTTOM,PA,2
18825,JACKSON,PA,2
18826,KINGSLEY,PA,2
18828,LAWTON,PA,2
18829,LE RAYSVILLE,PA,2
18830,LITTLE MEADOWS,PA,2
18831,MILAN,PA,2
18832,MONROETON,PA,2
18833,NEW ALBANY,PA,2
18834,NEW MILFORD,PA,2
18837,ROME,PA,2
18840,SAYRE,PA,2
18842,SOUTH GIBSON,PA,2
18843,SOUTH MONTROSE,PA,2
18844,MONTROSE,PA,2
18845,STEVENSVILLE,PA,2
18846,SUGAR RUN,PA,2
18847,SUSQUEHANNA,PA,2
18848,TOWANDA,PA,2
18850,TOWANDA,PA,2
18851,ROME,PA,2
18853,WYALUSING,PA,2
18854,WYSOX,PA,2
18901,DOYLESTOWN,PA,2
18902,DOYLESTOWN,PA,2
18910,BEDMINSTER,PA,2
18911,BLOOMING GLEN,PA,2
18912,BUCKINGHAM,PA,2
18913,CARVERSVILLE,PA,2
18914,CHALFONT,PA,2
18915,COLMAR,PA,2
18916,DOYLESTOWN,PA,2
18917,DUBLIN,PA,2
18918,EARLINGTON,PA,2
18920,ERWINNA,PA,2
18921,FERNDALE,PA,2
18922,FOREST GROVE,PA,2
18923,FOUNTAINVILLE,PA,2
18925,FURLONG,PA,2
18927,HILLTOWN,PA,2
18928,HOLICONG,PA,2
18929,JAMISON,PA,2
18930,KINTNERSVILLE,PA,2
18931,LAHASKA,PA,2
18932,COLMAR,PA,2
18933,POINT PLEASANT,PA,2
18934,MECHANICSVILLE,PA,2
18935,MILFORD SQUARE,PA,2
18936,MONTGOMERYVILLE,PA,2
18938,NEW HOPE,PA,2
18940,NEWTOWN,PA,2
18942,OTTSVILLE,PA,2
18943,PENNS PARK,PA,2
18944,PERKASIE,PA,2
18946,PINEVILLE,PA,2
18947,PIPERSVILLE,PA,2
18949,PLUMSTEADVILLE,PA,2
18950,POINT PLEASANT,PA,2
18951,QUAKERTOWN,PA,2
18953,REVERE,PA,2
18954,RICHBORO,PA,2
18955,RICHLANDTOWN,PA,2
18956,RUSHLAND,PA,2
18957,SALFORD,PA,2
18958,SALFORDVILLE,PA,2
18960,SELLERSVILLE,PA,2
18962,SILVERDALE,PA,2
18963,SOLEBURY,PA,2
18964,TELFORD,PA,2
18966,SOUTHAMPTON,PA,2
18968,SPINNERSTOWN,PA,2
18969,TELFORD,PA,2
18970,TRUMBAUERSVILLE,PA,2
18971,TYLERSPORT,PA,2
18972,UPPER BLACK EDDY,PA,2
18974,WARMINSTER,PA,2
18976,WARRINGTON,PA,2
18977,WASHINGTON CROSSING,PA,2
18979,WOXALL,PA,2
18980,WYCOMBE,PA,2
18981,ZIONHILL,PA,2
19001,ABINGTON,PA,2
19002,AMBLER,PA,2
19003,ARDMORE,PA,2
19004,BALA CYNWYD,PA,2
19006,HUNTINGDON VALLEY,PA,2
19007,BRISTOL,PA,2
19008,BROOMALL,PA,2
19009,BRYN ATHYN,PA,2
19010,BRYN MAWR,PA,2
19012,CHELTENHAM,PA,2
19013,CHESTER,PA,2
19014,ASTON,PA,2
19015,BROOKHAVEN,PA,2
19016,CHESTER,PA,2
19017,CHESTER HEIGHTS,PA,2
19018,CLIFTON HEIGHTS,PA,2
19020,BENSALEM,PA,2
19021,BENSALEM,PA,2
19022,CHESTER,PA,2
19023,DARBY,PA,2
19025,FORT WASHINGTON,PA,2
19026,DREXEL HILL,PA,2
19027,ELKINS PARK,PA,2
19028,EDGEMONT,PA,2
19029,ESSINGTON,PA,2
19030,FAIRLESS HILLS,PA,2
19031,FLOURTOWN,PA,2
19032,FOLCROFT,PA,2
19033,FOLSOM,PA,2
19034,FORT WASHINGTON,PA,2
19035,GLADWYNE,PA,2
19036,GLENOLDEN,PA,2
19037,GLEN RIDDLE LIMA,PA,2
19038,GLENSIDE,PA,2
19039,GRADYVILLE,PA,2
19040,HATBORO,PA,2
19041,ARDMORE,PA,2
19043,HOLMES,PA,2
19044,AMBLER,PA,2
19046,FOXCROFT SQUARE,PA,2
19047,LANGHORNE,PA,2
19050,LANSDOWNE,PA,2
19052,LENNI,PA,2
19053,FEASTERVILLE TREVOSE,PA,2
19054,LEVITTOWN,PA,2
19055,LEVITTOWN,PA,2
19056,LEVITTOWN,PA,2
19057,LEVITTOWN,PA,2
19058,LEVITTOWN,PA,2
19060,LINWOOD,PA,2
19061,BOOTHWYN,PA,2
19063,ELWYN,PA,2
19064,LANSDOWNE,PA,2
19065,MOYLAN,PA,2
19066,BALA CYNWYD,PA,2
19067,MORRISVILLE,PA,2
19070,MORTON,PA,2
19072,NARBERTH,PA,2
19073,NEWTOWN SQ CARRIER ANNEX,PA,2
19074,NORWOOD,PA,2
19075,FORT WASHINGTON,PA,2
19076,PROSPECT PARK,PA,2
19078,RIDLEY PARK,PA,2
19079,SHARON HILL,PA,2
19081,SWARTHMORE,PA,2
19082,UPPER DARBY,PA,2
19083,HAVERTOWN,PA,2
19085,SOUTHEASTERN PA S&DC,PA,2
19086,CHESTER,PA,2
19087,SOUTHEASTERN PA S&DC,PA,2
19090,WILLOW GROVE,PA,2
19094,RIDLEY PARK,PA,2
19095,JENKINTOWN,PA,2
19096,HAVERTOWN,PA,2
19101,PHILADELPHIA,PA,2
19102,PENN CENTER,PA,2
19103,MIDDLE CITY,PA,2
19104,PHILADELPHIA,PA,2
19105,WILLIAM PENN RETAIL,PA,2
19106,PHILADELPHIA,PA,2
19107,PHILADELPHIA,PA,2
19110,LAND TITLE BLDG,PA,2
19111,FOX CHASE,PA,2
19112,POINT BREEZE,PA,2
19113,NORWOOD,PA,2
19114,TORRESDALE,PA,2
19115,BUSTLETON,PA,2
19116,BUSTLETON,PA,2
19118,CHESTNUT HILL,PA,2
19119,GERMANTOWN,PA,2
19120,HUNTING PARK,PA,2
19121,NORTH PHILADELPHIA,PA,2
19122,SPRING GARDEN,PA,2
19123,SPRING GARDEN,PA,2
19124,FRANKFORD,PA,2
19125,KENSINGTON,PA,2
19126,LOGAN,PA,2
19127,MANAYUNK,PA,2
19128,ROXBOROUGH,PA,2
19129,EAST FALLS,PA,2
19130,FAIRMOUNT,PA,2
19131,WEST PARK,PA,2
19132,NORTH PHILADELPHIA,PA,2
19133,FAIRHILL,PA,2
19134,RICHMOND,PA,2
19135,TACONY,PA,2
19136,HOLMESBURG POSTAL STORE,PA,2
19137,BRIDESBURG,PA,2
19138,EAST GERMANTOWN,PA,2
19139,WEST MARKET,PA,2
19140,HUNTING PARK,PA,2
19141,LOGAN,PA,2
19142,PASCHALL,PA,2
19143,KINGSESSING,PA,2
19144,GERMANTOWN,PA,2
19145,POINT BREEZE,PA,2
19146,PASCHALL,PA,2
19147,PENNS LANDING,PA,2
19148,CASTLE,PA,2
19149,BOULEVARD,PA,2
19150,MARKET SQUARE,PA,2
19151,OVERBROOK,PA,2
19152,BUSTLETON,PA,2
19153,PASCHALL,PA,2
19154,TORRESDALE,PA,2
19155,HOLMESBURG POSTAL STORE,PA,2
19160,HUNTING PARK,PA,2
19176,PHILADELPHIA,PA,2
19301,PAOLI,PA,2
19310,ATGLEN,PA,2
19311,AVONDALE,PA,2
19312,BERWYN,PA,2
19316,BRANDAMORE,PA,2
19317,CHADDS FORD,PA,2
19318,WEST GROVE,PA,2
19319,CHEYNEY,PA,2
19320,COATESVILLE,PA,2
19330,COCHRANVILLE,PA,2
19331,GLEN MILLS CARRIER ANNEX,PA,2
19333,DEVON,PA,2
19335,DOWNINGTOWN,PA,2
19341,EXTON,PA,2
19342,GLEN MILLS,PA,2
19343,GLENMOORE,PA,2
19344,HONEY BROOK,PA,2
19346,KELTON,PA,2
19347,KEMBLESVILLE,PA,2
19348,KENNETT SQUARE,PA,2
19350,LANDENBERG,PA,2
19351,LEWISVILLE,PA,2
19352,LINCOLN UNIVERSITY,PA,2
19353,CPU LIONVILLE,PA,2
19354,LYNDELL,PA,2
19355,FRAZER,PA,2
19357,MENDENHALL,PA,2
19358,MODENA,PA,2
19360,KEMBLESVILLE,PA,2
19362,NOTTINGHAM,PA,2
19363,OXFORD,PA,2
19365,PARKESBURG,PA,2
19366,POCOPSON,PA,2
19367,POMEROY,PA,2
19369,SADSBURYVILLE,PA,2
19372,DOWNINGTOWN,PA,2
19373,GLEN MILLS CARRIER ANNEX,PA,2
19374,TOUGHKENAMON,PA,2
19375,UNIONVILLE,PA,2
19376,WAGONTOWN,PA,2
19380,GAY STREET,PA,2
19381,GAY STREET,PA,2
19382,SOUTHEASTERN PA S&DC,PA,2
19390,WEST GROVE,PA,2
19395,WESTTOWN,PA,2
19398,SOUTHEASTERN PA S&DC,PA,2
19399,SOUTHEASTERN PA S&DC,PA,2
19401,CONSHOHOCKEN CARRIER ANNEX,PA,2
19403,EAGLEVILLE CARRIER ANNEX,PA,2
19404,NORRISTOWN,PA,2
19405,BRIDGEPORT,PA,2
19406,KING OF PRUSSIA,PA,2
19407,AUDUBON,PA,2
19408,EAGLEVILLE,PA,2
19409,FAIRVIEW VILLAGE,PA,2
19421,BIRCHRUNVILLE,PA,2
19422,BLUE BELL,PA,2
19423,SKIPPACK,PA,2
19425,CHESTER SPRINGS,PA,2
19426,COLLEGEVILLE,PA,2
19428,CONSHOHOCKEN,PA,2
19430,CREAMERY,PA,2
19432,DEVAULT,PA,2
19435,FREDERICK,PA,2
19436,NORTH WALES,PA,2
19437,GWYNEDD VALLEY,PA,2
19438,HARLEYSVILLE,PA,2
19440,HATFIELD,PA,2
19442,KIMBERTON,PA,2
19443,KULPSVILLE,PA,2
19444,CONSHOHOCKEN CARRIER ANNEX,PA,2
19446,LANSDALE,PA,2
19450,LEDERACH,PA,2
19451,HARLEYSVILLE,PA,2
19453,SOUTHEASTERN PA S&DC,PA,2
19454,NORTH WALES,PA,2
19456,OAKS,PA,2
19457,PARKER FORD,PA,2
19460,PHOENIXVILLE,PA,2
19462,BLUE BELL,PA,2
19464,POTTSTOWN,PA,2
19465,POTTSTOWN,PA,2
19468,LIMERICK,PA,2
19470,SAINT PETERS,PA,2
19472,SASSAMANSVILLE,PA,2
19473,COLLEGEVILLE,PA,2
19474,SKIPPACK,PA,2
19475,SPRING CITY,PA,2
19477,NORTH WALES,PA,2
19478,ZIEGLERVILLE,PA,2
19480,UWCHLAND,PA,2
19481,VALLEY FORGE,PA,2
19482,VALLEY FORGE,PA,2
19484,KING OF PRUSSIA,PA,2
19486,WEST POINT,PA,2
19490,WORCESTER,PA,2
19492,ZIEGLERVILLE,PA,2
19501,ADAMSTOWN,PA,2
19503,BALLY,PA,2
19504,BARTO,PA,2
19505,BECHTELSVILLE,PA,2
19506,BERNVILLE,PA,2
19507,BETHEL,PA,2
19508,BIRDSBORO,PA,2
19510,BLANDON,PA,2
19511,BOWERS,PA,2
19512,BOYERTOWN,PA,2
19516,CENTERPORT,PA,2
19518,DOUGLASSVILLE,PA,2
19520,ELVERSON,PA,2
19522,FLEETWOOD,PA,2
19523,GEIGERTOWN,PA,2
19525,GILBERTSVILLE,PA,2
19526,HAMBURG,PA,2
19529,KEMPTON,PA,2
19530,KUTZTOWN,PA,2
19533,LEESPORT,PA,2
19534,HAMBURG,PA,2
19535,OLEY,PA,2
19536,LYON STATION,PA,2
19538,MAXATAWNY,PA,2
19539,MERTZTOWN,PA,2
19540,MOHNTON,PA,2
19541,MOHRSVILLE,PA,2
19543,MORGANTOWN,PA,2
19544,MOUNT AETNA,PA,2
19545,NEW BERLINVILLE,PA,2
19547,OLEY,PA,2
19548,PINE FORGE,PA,2
19549,PORT CLINTON,PA,2
19550,REHRERSBURG,PA,2
19551,ROBESONIA,PA,2
19554,SHARTLESVILLE,PA,2
19555,SHOEMAKERSVILLE,PA,2
19559,STRAUSSTOWN,PA,2
19560,TEMPLE,PA,2
19562,TOPTON,PA,2
19564,VIRGINVILLE,PA,2
19565,WERNERSVILLE,PA,2
19567,WOMELSDORF,PA,2
19601,READING PA SDC,PA,2
19602,READING STATION,PA,2
19603,READING PA SDC,PA,2
19604,READING PA SDC,PA,2
19605,READING PA SDC,PA,2
19606,READING STATION,PA,2
19607,SHILLINGTON,PA,2
19608,SINKING SPRING,PA,2
19609,WYOMISSING,PA,2
19610,READING PA SDC,PA,2
19611,READING PA SDC,PA,2
19612,READING PA SDC,PA,2
19701,BEAR,DE,2
19702,NEWARK CARRIER ANNEX,DE,2
19703,CLAYMONT,DE,2
19706,DELAWARE CITY,DE,2
19707,HOCKESSIN,DE,2
19708,KIRKWOOD,DE,2
19709,MIDDLETOWN,DE,2
19710,MONTCHANIN,DE,2
19711,CPU ZINGOS,DE,2
19713,NEWARK,DE,2
19714,NEWARK,DE,2
19715,FEDERAL,DE,2
19717,NEWARK,DE,2
19720,CENTERPOINT,DE,2
19730,ODESSA,DE,2
19731,PORT PENN,DE,2
19732,ROCKLAND,DE,2
19733,SAINT GEORGES,DE,2
19734,MIDDLETOWN,DE,2
19736,HOCKESSIN,DE,2
19801,RODNEY SQ,DE,2
19802,EDGEMOOR,DE,2
19803,TALLEYVILLE,DE,2
19804,NEWPORT,DE,2
19805,LANCASTER AVE,DE,2
19806,LANCASTER AVE,DE,2
19807,GREENVILLE,DE,2
19808,MARSHALLTON,DE,2
19809,EDGEMOOR,DE,2
19810,EDGEMOOR,DE,2
19850,WILMINGTON BOX,DE,2
19880,WILMINGTON BOX,DE,2
19899,RODNEY SQ,DE,2
19901,DOVER,DE,2
19902,DOVER AFB,DE,2
19903,DOVER,DE,2
19904,DOVER,DE,2
19905,DOVER,DE,2
19930,BETHANY BEACH,DE,2
19931,BETHEL,DE,2
19933,BRIDGEVILLE,DE,2
19934,CAMDEN WYOMING,DE,2
19936,CHESWOLD,DE,2
19938,CLAYTON,DE,2
19939,DAGSBORO,DE,2
19940,DELMAR,DE,2
19941,ELLENDALE,DE,2
19943,FELTON,DE,2
19944,SUSSEX COUNTY CARRIER ANNEX,DE,2
19945,FRANKFORD,DE,2
19946,FELTON,DE,2
19947,GEORGETOWN,DE,2
19950,GREENWOOD,DE,2
19951,GEORGETOWN,DE,2
19952,HARRINGTON,DE,2
19953,HARTLY,DE,2
19954,HOUSTON,DE,2
19955,KENTON,DE,2
19956,LAUREL,DE,2
19958,LEWES,DE,2
19960,LINCOLN,DE,2
19961,LITTLE CREEK,DE,2
19962,MAGNOLIA,DE,2
19963,MILFORD,DE,2
19964,MARYDEL,MD,2
19966,MILLSBORO,DE,2
19967,BETHANY BEACH,DE,2
19968,MILTON,DE,2
19969,NASSAU,DE,2
19970,BETHANY BEACH,DE,2
19971,REHOBOTH BEACH,DE,2
19973,SEAFORD,DE,2
19975,SELBYVILLE,DE,2
19977,SMYRNA,DE,2
19979,FELTON,DE,2
19980,WOODSIDE,DE,2
20001,LE DROIT PARK,DC,3
20002,NORTHEAST,DC,3
20003,SOUTHEAST,DC,3
20004,SECTION 4 CARRIER ANNEX,DC,3
20005,14TH ST,DC,3
20006,WARD PLACE CARRIER ANNEX,DC,3
20007,CALVERT,DC,3
20008,CLEVELAND PARK,DC,3
20009,14TH ST,DC,3
20010,COLUMBIA HEIGHTS,DC,3
20011,LAMMOND RIGGS,DC,3
20012,SECTION 12 CARRIER ANNEX,DC,3
20013,NATIONAL CAPITOL,DC,3
20015,NORTHWEST,DC,3
20016,FRIENDSHIP,DC,3
20017,BROOKLAND,DC,3
20018,CUSTOMS HOUSE,DC,3
20019,SECTION 19 CARRIER ANNEX,DC,3
20020,ANACOSTIA CARRIER ANNEX,MD,3
20024,SOUTHWEST,DC,3
20026,LENFANT PLAZA,DC,3
20027,GEORGETOWN,DC,3
20029,BENNING,DC,3
20030,FREDERICK DOUGLASS,DC,3
20032,BOLLING AFB,DC,3
20033,FARRAGUT,DC,3
20035,WASHINGTON SQUARE,DC,3
20036,22ND STREET,DC,3
20037,22ND STREET,DC,3
20038,MCPHERSON,DC,3
20039,LAMMOND RIGGS,DC,3
20040,BRIGHTWOOD,DC,3
20041,DULLES,VA,3
20043,MARTIN LUTHER KING JR,DC,3
20044,BENJAMIN FRANKLIN,DC,3
20045,SECTION 1 CARRIER ANNEX,DC,3
20056,14TH ST,DC,3
20090,WASHINGTON,DC,3
20091,NATIONAL CAPITOL,DC,3
20105,ALDIE,VA,3
20106,AMISSVILLE,VA,3
20108,DOWNTOWN MANASSAS,VA,3
20109,MANASSAS,VA,3
20110,MANASSAS,VA,3
20111,MANASSAS ANNEX,VA,3
20112,MANASSAS ANNEX,VA,3
20113,MANASSAS PARK,VA,3
20115,MARSHALL,VA,3
20116,MARSHALL,VA,3
20117,MIDDLEBURG,VA,3
20118,MIDDLEBURG,VA,3
20119,BRISTOW,VA,3
20120,SULLY STATION,VA,3
20121,CENTREVILLE,VA,3
20122,CENTREVILLE,VA,3
20124,CENTREVILLE,VA,3
20128,ORLEAN,VA,3
20129,LEESBURG,VA,3
20130,UPPERVILLE,VA,3
20131,PHILOMONT,VA,3
20132,PURCELLVILLE,VA,3
20134,PURCELLVILLE,VA,3
20135,BLUEMONT,VA,3
20136,BRISTOW,VA,3
20137,BROAD RUN,VA,3
20138,CALVERTON,VA,3
20139,CASANOVA,VA,3
20140,RECTORTOWN,VA,3
20141,PURCELLVILLE,VA,3
20142,ROUND HILL,VA,3
20143,CATHARPIN,VA,3
20144,DELAPLANE,VA,3
20146,ASHBURN,VA,3
20147,ASHBURN,VA,3
20148,ASHBURN,VA,3
20151,CHANTILLY,VA,3
20152,CHANTILLY,VA,3
20153,CHANTILLY,VA,3
20155,TRI CITY GAINESVILLE,VA,3
20156,GAINESVILLE,VA,3
20158,PURCELLVILLE,VA,3
20159,HAMILTON,VA,3
20160,CPU LINCOLN,VA,3
20164,STERLING,VA,3
20165,POTOMAC FALLS,VA,3
20166,POTOMAC FALLS,VA,3
20167,STERLING,VA,3
20168,HAYMARKET,VA,3
20169,TRI CITY GAINESVILLE,VA,3
20170,HERNDON,VA,3
20171,OAK HILL,VA,3
20172,HERNDON,VA,3
20175,LEESBURG ANNEX,VA,3
20176,LEESBURG,VA,3
20177,LEESBURG,VA,3
20178,DOWNTOWN LEESBURG,VA,3
20180,LOVETTSVILLE,VA,3
20181,BRISTOW,VA,3
20182,NOKESVILLE,VA,3
20184,UPPERVILLE,VA,3
20185,UPPERVILLE,VA,3
20186,WARRENTON CARRIER ANNEX,VA,3
20187,VINT HILL FARMS,VA,3
20188,WARRENTON,VA,3
20190,RESTON,VA,3
20191,RESTON,VA,3
20194,RESTON,VA,3
20195,RESTON,VA,3
20197,LOVETTSVILLE,VA,3
20198,THE PLAINS,VA,3
20601,WALDORF MD SDC,MD,3
20602,WALDORF MD SDC,MD,3
20603,SAINT CHARLES CENTER,MD,3
20604,WALDORF,MD,3
20606,ABELL,MD,3
20607,ACCOKEEK,MD,3
20608,HUGHESVILLE,MD,3
20609,AVENUE,MD,3
20610,BARSTOW,MD,3
20611,FAULKNER,MD,3
20612,BENEDICT,MD,3
20613,BRANDYWINE,MD,3
20615,BROOMES ISLAND,MD,3
20616,BRYANS ROAD,MD,3
20617,BRYANTOWN,MD,3
20618,BUSHWOOD,MD,3
20619,CALIFORNIA,MD,3
20620,CALLAWAY,MD,3
20621,CHAPTICO,MD,3
20622,CHARLOTTE HALL,MD,3
20623,BRANDYWINE,MD,3
20624,CLEMENTS,MD,3
20625,COBB ISLAND,MD,3
20626,COLTONS POINT,MD,3
20627,COMPTON,MD,3
20628,DAMERON,MD,3
20630,VALLEY LEE,MD,3
20632,FAULKNER,MD,3
20634,GREAT MILLS,MD,3
20636,HOLLYWOOD,MD,3
20637,HUGHESVILLE,MD,3
20639,HUNTINGTOWN,MD,3
20640,INDIAN HEAD,MD,3
20645,NEWBURG,MD,3
20646,LA PLATA,MD,3
20650,LEONARDTOWN,MD,3
20653,LEXINGTON PARK,MD,3
20656,LOVEVILLE,MD,3
20657,LUSBY,MD,3
20658,INDIAN HEAD,MD,3
20659,MECHANICSVILLE,MD,3
20660,MORGANZA,MD,3
20661,MOUNT VICTORIA,MD,3
20662,NANJEMOY,MD,3
20664,NEWBURG,MD,3
20667,LEXINGTON PARK,MD,3
20670,LEXINGTON PARK,MD,3
20674,PINEY POINT,MD,3
20675,POMFRET,MD,3
20676,PORT REPUBLIC,MD,3
20677,PORT TOBACCO,MD,3
20678,PRINCE FREDERICK,MD,3
20680,RIDGE,MD,3
20684,SAINT INIGOES,MD,3
20685,SAINT LEONARD,MD,3
20686,SAINT MARYS CITY,MD,3
20687,RIDGE,MD,3
20688,SOLOMONS,MD,3
20689,HUNTINGTOWN,MD,3
20690,VALLEY LEE,MD,3
20692,VALLEY LEE,MD,3
20693,WELCOME,MD,3
20695,WALDORF MD SDC,MD,3
20701,ANNAPOLIS JUNCTION,MD,3
20703,LANHAM SEABROOK,MD,3
20704,BELTSVILLE,MD,3
20705,BELTSVILLE,MD,3
20706,LANHAM SEABROOK,MD,3
20707,LAUREL CARRIER ANNEX,MD,3
20708,LAUREL CARRIER ANNEX,MD,3
20709,MONTPELIER,MD,3
20710,SOUTHERN MARYLAND MD S&DC,MD,3
20711,LOTHIAN,MD,3
20712,SOUTHERN MARYLAND MD S&DC,MD,3
20714,NORTH BEACH,MD,3
20715,BOWIE,MD,3
20716,MITCHELLVILLE,MD,3
20717,MITCHELLVILLE,MD,3
20718,BOWIE,MD,3
20719,WEST BOWIE,MD,3
20720,BOWIE,MD,3
20721,MITCHELLVILLE CARRIER ANNEX,MD,3
20722,BRENTWOOD,MD,3
20723,LAUREL CARRIER ANNEX,MD,3
20724,LAUREL CARRIER ANNEX,MD,3
20725,LAUREL,MD,3
20726,MONTPELIER,MD,3
20731,CAPITOL HEIGHTS,MD,3
20732,CHESAPEAKE BEACH,MD,3
20733,CHURCHTON,MD,3
20735,CLINTON,MD,3
20736,OWINGS,MD,3
20737,SOUTHERN MARYLAND MD S&DC,MD,3
20738,KENILWORTH,MD,3
20740,NORTH COLLEGE PARK,MD,3
20741,COLLEGE PARK,MD,3
20743,CAPITOL HEIGHTS,MD,3
20744,FORT WASHINGTON,MD,3
20745,OXON HILL,MD,3
20746,SUITLAND,MD,3
20747,DISTRICT HEIGHTS,MD,3
20748,TEMPLE HILLS,MD,3
20749,FORT WASHINGTON,MD,3
20750,OXON HILL,MD,3
20751,DEALE,MD,3
20752,SUITLAND,MD,3
20753,DISTRICT HEIGHTS,MD,3
20754,DUNKIRK,MD,3
20755,FORT GEORGE G MEADE,MD,3
20757,TEMPLE HILLS,MD,3
20758,FRIENDSHIP,MD,3
20759,FULTON,MD,3
20762,SUITLAND,MD,3
20763,SAVAGE,MD,3
20764,SHADY SIDE,MD,3
20765,GALESVILLE,MD,3
20768,GREENBELT,MD,3
20769,GLENN DALE,MD,3
20770,GREENBELT,MD,3
20772,UPPER MARLBORO,MD,3
20773,UPPER MARLBORO,MD,3
20774,LARGO,MD,3
20775,KETTERING,MD,3
20776,HARWOOD,MD,3
20777,HIGHLAND,MD,3
20778,SHADY SIDE,MD,3
20779,TRACYS LANDING,MD,3
20781,HYATTSVILLE,MD,3
20782,SOUTHERN MARYLAND MD S&DC,MD,3
20783,SOUTHERN MARYLAND MD S&DC,MD,3
20784,LANDOVER HILLS,MD,3
20785,LANDOVER,MD,3
20787,LANGLEY PARK,MD,3
20788,PRINCE GEORGES PLAZA,MD,3
20791,HAMPTON PARK,MD,3
20792,LARGO,MD,3
20794,JESSUP,MD,3
20812,GLEN ECHO,MD,3
20813,FRIENDSHIP HEIGHTS,MD,3
20814,WESTLAKE,MD,3
20815,WESTLAKE,MD,3
20816,WESTLAKE,MD,3
20817,WESTLAKE,MD,3
20818,CABIN JOHN,MD,3
20824,BETHESDA,MD,3
20825,CHEVY CHASE,MD,3
20827,WESTLAKE,MD,3
20830,OLNEY,MD,3
20832,OLNEY,MD,3
20833,BROOKEVILLE,MD,3
20837,POOLESVILLE,MD,3
20838,BARNESVILLE,MD,3
20839,POOLESVILLE,MD,3
20841,BOYDS,MD,3
20842,DICKERSON,MD,3
20847,PIKE,MD,3
20848,TWINBROOK,MD,3
20849,ROCKVILLE,MD,3
20850,ROCKVILLE,MD,3
20851,TWINBROOK,MD,3
20852,ROCKVILLE CARRIER ANNEX,MD,3
20853,TWINBROOK,MD,3
20854,POTOMAC,MD,3
20855,DERWOOD,MD,3
20859,POTOMAC,MD,3
20860,ASHTON,MD,3
20861,ASHTON,MD,3
20862,ASHTON,MD,3
20866,BURTONSVILLE,MD,3
20868,SPENCERVILLE,MD,3
20871,CLARKSBURG,MD,3
20872,DAMASCUS,MD,3
20874,GERMANTOWN,MD,3
20875,GERMANTOWN,MD,3
20876,GERMANTOWN,MD,3
20877,GAITHERSBURG,MD,3
20878,DIAMOND FARMS,MD,3
20879,MONTGOMERY VILLAGE,MD,3
20880,WASHINGTON GROVE,MD,3
20882,DAMASCUS,MD,3
20883,KENTLANDS,MD,3
20884,GAITHERSBURG,MD,3
20885,DIAMOND FARMS,MD,3
20886,MONTGOMERY VILLAGE,MD,3
20891,WHITE FLINT STATION,MD,3
20895,KENSINGTON,MD,3
20896,GARRETT PARK,MD,3
20898,SUBURBAN WINDOW SCV,MD,3
20901,SILVER SPRING CARRIER ANNEX,MD,3
20902,WHEATON,MD,3
20903,SILVER SPRING CARRIER ANNEX,MD,3
20904,SILVER SPRING CARRIER ANNEX,MD,3
20905,COLESVILLE,MD,3
20906,ASPEN HILL,MD,3
20907,SILVER SPRING,MD,3
20908,LEISURE WORLD FINANCE,MD,3
20910,SILVER SPRING,MD,3
20911,SILVER SPRING,MD,3
20912,TAKOMA PARK CARRIER ANNEX,MD,3
20913,TAKOMA PARK,MD,3
20914,COLESVILLE,MD,3
20915,WHEATON,MD,3
20916,ASPEN HILL,MD,3
20918,WOODMOOR,MD,3
21001,ABERDEEN,MD,3
21005,ABERDEEN PROVING GROUND,MD,3
21009,ABINGDON,MD,3
21010,ABERDEEN PROVING GROUND,MD,3
21012,ANNAPOLIS MD S&DC,MD,3
21013,BALDWIN,MD,3
21014,BEL AIR,MD,3
21015,BEL AIR,MD,3
21017,BELCAMP,MD,3
21018,BENSON,MD,3
21022,BROOKLANDVILLE,MD,3
21023,BUTLER,MD,3
21027,CHASE,MD,3
21028,CHURCHVILLE,MD,3
21029,CLARKSVILLE,MD,3
21030,COCKEYSVILLE HUNT VALLEY,MD,3
21031,COCKEYSVILLE HUNT VALLEY,MD,3
21032,ANNAPOLIS MD S&DC,MD,3
21034,DARLINGTON,MD,3
21035,ANNAPOLIS MD S&DC,MD,3
21036,CLARKSVILLE,MD,3
21037,EDGEWATER,MD,3
21040,EDGEWOOD,MD,3
21041,ELLICOTT CITY,MD,3
21042,ELLICOTT CITY,MD,3
21043,ELLICOTT CITY,MD,3
21044,AMERICAN CITIES,MD,3
21045,COLUMBIA MD SDC,MD,3
21046,COLUMBIA MD SDC,MD,3
21047,FALLSTON,MD,3
21048,FINKSBURG,MD,3
21050,FOREST HILL,MD,3
21051,FORK,MD,3
21052,DUNDALK SPARROWS POINT,MD,3
21053,FREELAND,MD,3
21054,GAMBRILLS,MD,3
21056,GIBSON ISLAND,MD,3
21057,BALDWIN,MD,3
21060,GLEN BURNIE,MD,3
21061,GLEN BURNIE,MD,3
21071,GLYNDON,MD,3
21074,HAMPSTEAD,MD,3
21075,ELKRIDGE,MD,3
21076,ELKRIDGE,MD,3
21077,ELKRIDGE,MD,3
21078,HAVRE DE GRACE,MD,3
21082,BALDWIN,MD,3
21084,JARRETTSVILLE,MD,3
21085,JOPPA,MD,3
21087,KINGSVILLE,MD,3
21090,LINTHICUM HEIGHTS,MD,3
21093,LUTHERVILLE TIMONIUM,MD,3
21094,LUTHERVILLE TIMONIUM,MD,3
21102,MANCHESTER,MD,3
21104,RANDALLSTOWN,MD,3
21105,MARYLAND LINE,MD,3
21106,MAYO,MD,3
21108,MILLERSVILLE,MD,3
21111,MONKTON,MD,3
21113,MILLERSVILLE,MD,3
21114,CROFTON,MD,3
21117,OWINGS MILLS,MD,3
21120,PARKTON,MD,3
21122,SEVERNA PARK MD S&DC,MD,3
21123,PASADENA,MD,3
21128,NOTTINGHAM,MD,3
21130,PERRYMAN,MD,3
21131,PHOENIX,MD,3
21132,PYLESVILLE,MD,3
21133,RANDALLSTOWN,MD,3
21136,REISTERSTOWN,MD,3
21139,RIDERWOOD,MD,3
21140,EDGEWATER,MD,3
21144,SEVERN,MD,3
21146,SEVERNA PARK MD S&DC,MD,3
21150,SIMPSONVILLE,MD,3
21152,SPARKS GLENCOE,MD,3
21153,STEVENSON,MD,3
21154,STREET,MD,3
21155,HAMPSTEAD,MD,3
21156,UPPER FALLS,MD,3
21157,WESTMINSTER,MD,3
21158,WESTMINSTER,MD,3
21160,STREET,MD,3
21161,WHITE HALL,MD,3
21162,NOTTINGHAM,MD,3
21163,RANDALLSTOWN,MD,3
21201,BALTIMORE MD E LEXINGTON SDC,MD,3
21202,BALTIMORE MD E LEXINGTON SDC,MD,3
21203,BALTIMORE,MD,3
21204,LOCH RAVEN,MD,3
21205,CLIFTON EAST END,MD,3
21206,RASPEBURG,MD,3
21207,GWYNN OAK,MD,3
21208,PIKESVILLE CARRIER ANNEX,MD,3
21209,MOUNT WASHINGTON,MD,3
21210,HAMPDEN ROLAND PARK,MD,3
21211,HAMPDEN ROLAND PARK,MD,3
21212,GOVANS,MD,3
21213,CLIFTON EAST END,MD,3
21214,HAMILTON,MD,3
21215,ARLINGTON,MD,3
21216,WALBROOK,MD,3
21217,DRUID,MD,3
21218,WAVERLY,MD,3
21219,DUNDALK SPARROWS POINT,MD,3
21220,MIDDLE RIVER,MD,3
21221,ESSEX,MD,3
21222,DUNDALK SPARROWS POINT,MD,3
21223,FRANKLIN,MD,3
21224,HIGHLANDTOWN,MD,3
21225,BROOKLYN CURTIS BAY,MD,3
21226,BROOKLYN SOUTH,MD,3
21227,HALETHORPE,MD,3
21228,CATONSVILLE,MD,3
21229,BALTIMORE MD E LEXINGTON SDC,MD,3
21230,BROOKLYN SOUTH,MD,3
21231,BALTIMORE MD E LEXINGTON SDC,MD,3
21234,PARKVILLE,MD,3
21236,NOTTINGHAM,MD,3
21237,ROSEDALE,MD,3
21239,NORTHWOOD,MD,3
21240,MILLERSVILLE,MD,3
21244,WINDSOR MILL,MD,3
21270,ARLINGTON,MD,3
21281,SOUTHEAST,MD,3
21282,PIKESVILLE,MD,3
21284,LOCH RAVEN,MD,3
21285,TOWSON,MD,3
21286,LOCH RAVEN,MD,3
21297,BALTIMORE,MD,3
21401,ANNAPOLIS MD S&DC,MD,3
21402,ANNAPOLIS MD S&DC,MD,3
21403,ANNAPOLIS MD S&DC,MD,3
21404,ANNAPOLIS,MD,3
21409,ANNAPOLIS MD S&DC,MD,3
21412,NAVAL ACADEMY,MD,3
21501,CUMBERLAND,MD,3
21502,CUMBERLAND,MD,3
21503,STATION A,MD,3
21504,LAVALE,MD,3
21505,CRESAPTOWN,MD,3
21520,ACCIDENT,MD,3
21521,BARTON,MD,3
21523,BLOOMINGTON,MD,3
21524,CORRIGANVILLE,MD,3
21528,ECKHART MINES,MD,3
21529,ELLERSLIE,MD,3
21530,FLINTSTONE,MD,3
21531,ACCIDENT,MD,3
21532,FROSTBURG,MD,3
21536,GRANTSVILLE,MD,3
21538,KITZMILLER,MD,3
21539,LONACONING,MD,3
21540,WESTERNPORT,MD,3
21541,MC HENRY,MD,3
21543,MIDLOTHIAN,MD,3
21545,FROSTBURG,MD,3
21550,MOUNTAIN LAKE PARK,MD,3
21555,OLDTOWN,MD,3
21556,PINTO,MD,3
21557,RAWLINGS,MD,3
21560,SPRING GAP,MD,3
21561,SWANTON,MD,3
21562,WESTERNPORT,MD,3
21601,EASTON,MD,3
21607,BARCLAY,MD,3
21609,BETHLEHEM,MD,3
21610,BETTERTON,MD,3
21612,BOZMAN,MD,3
21613,CAMBRIDGE,MD,3
21617,CENTREVILLE,MD,3
21619,CHESTER,MD,3
21620,CHESTERTOWN,MD,3
21622,CHURCH CREEK,MD,3
21623,CHURCH HILL,MD,3
21624,SAINT MICHAELS,MD,3
21625,CORDOVA,MD,3
21626,CAMBRIDGE,MD,3
21627,CAMBRIDGE,MD,3
21628,CRUMPTON,MD,3
21629,DENTON,MD,3
21631,EAST NEW MARKET,MD,3
21632,FEDERALSBURG,MD,3
21634,FISHING CREEK,MD,3
21635,GALENA,MD,3
21636,GOLDSBORO,MD,3
21638,GRASONVILLE,MD,3
21639,GREENSBORO,MD,3
21640,GOLDSBORO,MD,3
21641,HILLSBORO,MD,3
21643,HURLOCK,MD,3
21644,CHURCH HILL,MD,3
21645,KENNEDYVILLE,MD,3
21647,SAINT MICHAELS,MD,3
21648,WOOLFORD,MD,3
21649,MARYDEL,MD,3
21650,GALENA,MD,3
21651,MILLINGTON,MD,3
21652,BOZMAN,MD,3
21653,NEWCOMB,MD,3
21654,EASTON,MD,3
21655,PRESTON,MD,3
21657,QUEEN ANNE,MD,3
21658,QUEENSTOWN,MD,3
21659,HURLOCK,MD,3
21660,RIDGELY,MD,3
21661,ROCK HALL,MD,3
21662,ROYAL OAK,MD,3
21663,SAINT MICHAELS,MD,3
21664,SECRETARY,MD,3
21665,WITTMAN,MD,3
21666,STEVENSVILLE,MD,3
21667,WORTON,MD,3
21668,SUDLERSVILLE,MD,3
21669,TAYLORS ISLAND,MD,3
21670,TEMPLEVILLE,MD,3
21671,TILGHMAN,MD,3
21672,CAMBRIDGE,MD,3
21673,CAMBRIDGE,MD,3
21675,CAMBRIDGE,MD,3
21676,WITTMAN,MD,3
21677,WOOLFORD,MD,3
21678,WORTON,MD,3
21679,CENTREVILLE,MD,3
21701,FREDERICK,MD,3
21702,COLLEGE ESTATES,MD,3
21703,FREDERICK,MD,3
21704,FREDERICK,MD,3
21705,FREDERICK,MD,3
21710,ADAMSTOWN,MD,3
21711,BIG POOL,MD,3
21713,BOONSBORO,MD,3
21714,BRADDOCK HEIGHTS,MD,3
21715,BRUNSWICK,MD,3
21716,BRUNSWICK,MD,3
21717,BUCKEYSTOWN,MD,3
21718,BURKITTSVILLE,MD,3
21719,CASCADE,MD,3
21720,CAVETOWN,MD,3
21721,CHEWSVILLE,MD,3
21722,CLEAR SPRING,MD,3
21723,WOODBINE,MD,3
21727,EMMITSBURG,MD,3
21733,FAIRPLAY,MD,3
21734,FUNKSTOWN,MD,3
21737,GLENELG,MD,3
21738,GLENWOOD,MD,3
21740,HAGERSTOWN,MD,3
21741,HAGERSTOWN,MD,3
21742,NORTHERN,MD,3
21747,HAGERSTOWN,MD,3
21750,HANCOCK,MD,3
21754,NEW MARKET,MD,3
21755,JEFFERSON,MD,3
21756,KEEDYSVILLE,MD,3
21757,KEYMAR,MD,3
21758,BRUNSWICK,MD,3
21762,LIBERTYTOWN,MD,3
21765,LISBON,MD,3
21766,HANCOCK,MD,3
21767,MAUGANSVILLE,MD,3
21769,MIDDLETOWN,MD,3
21770,MONROVIA,MD,3
21771,MOUNT AIRY,MD,3
21773,MYERSVILLE,MD,3
21774,NEW MARKET,MD,3
21775,NEW MIDWAY,MD,3
21776,NEW WINDSOR,MD,3
21777,POINT OF ROCKS,MD,3
21778,ROCKY RIDGE,MD,3
21779,BOONSBORO,MD,3
21780,SABILLASVILLE,MD,3
21782,SHARPSBURG,MD,3
21783,SMITHSBURG,MD,3
21784,SYKESVILLE,MD,3
21787,TANEYTOWN,MD,3
21788,THURMONT,MD,3
21790,POINT OF ROCKS,MD,3
21791,UNION BRIDGE,MD,3
21793,WALKERSVILLE,MD,3
21794,SYKESVILLE,MD,3
21795,WILLIAMSPORT,MD,3
21797,WOODBINE,MD,3
21798,WOODSBORO,MD,3
21801,SALISBURY,MD,3
21802,ROUTE 13,MD,3
21803,MAIN STREET,MD,3
21804,SALISBURY,MD,3
21810,ALLEN,MD,3
21811,BERLIN,MD,3
21813,BISHOPVILLE,MD,3
21814,BIVALVE,MD,3
21817,CRISFIELD,MD,3
21821,DEAL ISLAND,MD,3
21822,EDEN,MD,3
21824,EWELL,MD,3
21826,FRUITLAND,MD,3
21829,GIRDLETREE,MD,3
21830,HEBRON,MD,3
21835,LINKWOOD,MD,3
21836,WESTOVER,MD,3
21837,MARDELA SPRINGS,MD,3
21838,CRISFIELD,MD,3
21840,NANTICOKE,MD,3
21841,NEWARK,MD,3
21842,OCEAN CITY,MD,3
21843,OCEAN CITY,MD,3
21849,PARSONSBURG,MD,3
21850,PITTSVILLE,MD,3
21851,POCOMOKE CITY,MD,3
21853,PRINCESS ANNE,MD,3
21856,QUANTICO,MD,3
21861,SHARPTOWN,MD,3
21862,OCEAN PINES,MD,3
21863,SNOW HILL,MD,3
21864,GIRDLETREE,MD,3
21865,SALISBURY,MD,3
21866,TYLERTON,MD,3
21867,UPPER FAIRMOUNT,MD,3
21869,MARDELA SPRINGS,MD,3
21871,PRINCESS ANNE,MD,3
21872,OCEAN PINES,MD,3
21874,WILLARDS,MD,3
21875,LAUREL,DE,3
21901,NORTH EAST,MD,3
21902,PERRY POINT,MD,3
21903,PERRYVILLE,MD,3
21904,PORT DEPOSIT,MD,3
21911,RISING SUN,MD,3
21912,WARWICK,MD,3
21913,CECILTON,MD,3
21914,CHARLESTOWN,MD,3
21915,CHESAPEAKE CITY,MD,3
21916,CHILDS,MD,3
21917,COLORA,MD,3
21918,CONOWINGO,MD,3
21919,EARLEVILLE,MD,3
21920,ELK MILLS,MD,3
21921,ELKTON,MD,3
21922,ELKTON,MD,3
21930,GEORGETOWN,MD,3
22003,ANNANDALE,VA,3
22009,BURKE,VA,3
22015,BURKE,VA,3
22025,WOODBRIDGE VA SDC,VA,3
22026,DUMFRIES,VA,3
22027,DUNN LORING,VA,3
22030,FAIRFAX,VA,3
22031,TURNPIKE,VA,3
22032,TURNPIKE,VA,3
22033,CHANTILLY,VA,3
22035,MERRIFIELD,VA,3
22038,FAIRFAX,VA,3
22039,FAIRFAX,VA,3
22040,FALLS CHURCH FINANCE,VA,3
22041,BAILEYS CROSSROADS,VA,3
22042,FALLS CHURCH 43 ANNEX,VA,3
22043,FALLS CHURCH 43 ANNEX,VA,3
22044,BAILEYS CROSSROADS,VA,3
22046,BAILEYS CROSSROADS,VA,3
22060,FORT BELVOIR,VA,3
22066,GREAT FALLS,VA,3
22079,LORTON,VA,3
22101,MC LEAN,VA,3
22102,WEST MCLEAN,VA,3
22103,WEST MCLEAN,VA,3
22106,CENTRAL MCLEAN DPOBU,VA,3
22116,MERRIFIELD,VA,3
22121,MOUNT VERNON,VA,3
22122,NEWINGTON,VA,3
22124,OAKTON,VA,3
22125,OCCOQUAN,VA,3
22134,QUANTICO,VA,3
22150,SPRINGFIELD,VA,3
22151,BURKE,VA,3
22152,WEST SPRINGFIELD,VA,3
22153,SPRINGFIELD,VA,3
22172,TRIANGLE,VA,3
22180,VIENNA,VA,3
22181,OAKTON,VA,3
22182,VIENNA,VA,3
22183,TYSONS SELF SERV PO,VA,3
22191,WOODBRIDGE,VA,3
22192,WOODBRIDGE VA SDC,VA,3
22193,WOODBRIDGE VA SDC,VA,3
22194,WOODBRIDGE,VA,3
22195,WOODBRIDGE VA SDC,VA,3
22199,LORTON,VA,3
22201,ARLINGTON,VA,3
22202,EADS CARRIER ANNEX,VA,3
22203,BUCKINGHAM,VA,3
22204,SOUTH,VA,3
22205,PRESTON KING,VA,3
22206,SHIRLINGTON,VA,3
22207,NORTH ARLINGTON,VA,3
22209,ROSSLYN CARRIER ANNEX,VA,3
22210,ARLINGTON,VA,3
22211,ARLINGTON,VA,3
22213,PRESTON KING,VA,3
22215,CRYSTAL CITY NEW,VA,3
22216,COURT HOUSE ARLINGTON,VA,3
22219,ROSSLYN,VA,3
22301,ALEXANDRIA,VA,3
22302,PARKFAIRFAX,VA,3
22303,JEFFERSON MANOR,VA,3
22304,FRANCONIA,VA,3
22305,ALEXANDRIA,VA,3
22306,COMMUNITY NEW,VA,3
22307,BELLEVIEW,VA,3
22308,ENGLESIDE,VA,3
22309,ENGLESIDE,VA,3
22310,FRANCONIA,VA,3
22311,LINCOLNIA,VA,3
22312,LINCOLNIA,VA,3
22313,ALEXANDRIA,VA,3
22314,MEMORIAL ANNEX,VA,3
22315,KINGSTOWNE,VA,3
22320,GEORGE MASON,VA,3
22401,FREDERICKSBURG,VA,3
22402,FREDERICKSBURG,VA,3
22403,CPU EARLS TRUE VALUE,VA,3
22404,FREDERICKSBURG,VA,3
22405,FALMOUTH,VA,3
22406,FALMOUTH,VA,3
22407,FREDERICKSBURG,VA,3
22408,FREDERICKSBURG,VA,3
22427,BOWLING GREEN,VA,3
22430,STAFFORD,VA,3
22432,BURGESS,VA,3
22433,LOCUST GROVE,VA,3
22435,CALLAO,VA,3
22436,CARET,VA,3
22437,CENTER CROSS,VA,3
22438,CHAMPLAIN,VA,3
22442,COLES POINT,VA,3
22443,COLONIAL BEACH,VA,3
22446,CORBIN,VA,3
22448,DAHLGREN,VA,3
22451,DOGUE,VA,3
22454,DUNNSVILLE,VA,3
22456,BURGESS,VA,3
22460,FARNHAM,VA,3
22463,GARRISONVILLE,VA,3
22469,HAGUE,VA,3
22471,HARTWOOD,VA,3
22472,HAYNESVILLE,VA,3
22473,HEATHSVILLE,VA,3
22476,CHAMPLAIN,VA,3
22480,IRVINGTON,VA,3
22481,JERSEY,VA,3
22482,KILMARNOCK,VA,3
22485,KING GEORGE,VA,3
22488,KINSALE,VA,3
22501,LADYSMITH,VA,3
22503,LANCASTER,VA,3
22504,TAPPAHANNOCK,VA,3
22507,LIVELY,VA,3
22508,LOCUST GROVE,VA,3
22509,TAPPAHANNOCK,VA,3
22511,CALLAO,VA,3
22513,MERRY POINT,VA,3
22514,BOWLING GREEN,VA,3
22517,MOLLUSK,VA,3
22520,MONTROSS,VA,3
22523,MORATTICO,VA,3
22524,MOUNT HOLLY,VA,3
22526,NINDE,VA,3
22528,LIVELY,VA,3
22529,OLDHAMS,VA,3
22530,OPHELIA,VA,3
22534,PARTLOW,VA,3
22535,PORT ROYAL,VA,3
22538,FREDERICKSBURG,VA,3
22539,REEDVILLE,VA,3
22542,RHOADESVILLE,VA,3
22545,RUBY,VA,3
22546,RUTHER GLEN,VA,3
22547,SEALSTON,VA,3
22548,SHARPS,VA,3
22551,SPOTSYLVANIA,VA,3
22553,SPOTSYLVANIA,VA,3
22554,STAFFORD,VA,3
22555,STAFFORD,VA,3
22556,STAFFORD,VA,3
22560,TAPPAHANNOCK,VA,3
22565,THORNBURG,VA,3
22567,UNIONVILLE,VA,3
22570,HAYNESVILLE,VA,3
22572,WARSAW,VA,3
22576,IRVINGTON,VA,3
22577,SANDY POINT,VA,3
22578,WHITE STONE,VA,3
22579,WICOMICO CHURCH,VA,3
22580,WOODFORD,VA,3
22601,WINCHESTER,VA,3
22602,WINCHESTER,VA,3
22603,WINCHESTER,VA,3
22604,DOWNTOWN WINCHESTER,VA,3
22610,BENTONVILLE,VA,3
22611,BERRYVILLE,VA,3
22620,BOYCE,VA,3
22623,FRONT ROYAL,VA,3
22624,CLEAR BROOK,VA,3
22625,CROSS JUNCTION,VA,3
22626,FISHERS HILL,VA,3
22627,FLINT HILL,VA,3
22630,FRONT ROYAL,VA,3
22637,CROSS JUNCTION,VA,3
22639,HUME,VA,3
22640,FRONT ROYAL,VA,3
22641,STRASBURG,VA,3
22642,LINDEN,VA,3
22643,LINDEN,VA,3
22644,MAURERTOWN,VA,3
22645,MIDDLETOWN,VA,3
22646,MILLWOOD,VA,3
22649,STEPHENS CITY,VA,3
22650,FRONT ROYAL,VA,3
22652,FORT VALLEY,VA,3
22654,STAR TANNERY,VA,3
22655,STEPHENS CITY,VA,3
22656,STEPHENSON,VA,3
22657,STRASBURG,VA,3
22660,MAURERTOWN,VA,3
22663,BOYCE,VA,3
22664,WOODSTOCK,VA,3
22701,CULPEPER,VA,3
22709,MADISON,VA,3
22711,MADISON,VA,3
22712,BEALETON,VA,3
22713,BOSTON,VA,3
22714,BRANDY STATION,VA,3
22715,BRIGHTWOOD,VA,3
22716,CULPEPER,VA,3
22718,CULPEPER,VA,3
22719,MADISON,VA,3
22720,SUMERDUCK,VA,3
22722,CULPEPER,VA,3
22723,HOOD,VA,3
22724,CULPEPER,VA,3
22725,BRIGHTWOOD,VA,3
22726,LIGNUM,VA,3
22727,MADISON,VA,3
22728,BEALETON,VA,3
22729,CULPEPER,VA,3
22730,MADISON,VA,3
22731,MADISON,VA,3
22732,MADISON,VA,3
22733,CULPEPER,VA,3
22734,BEALETON,VA,3
22735,CULPEPER,VA,3
22736,LIGNUM,VA,3
22737,RIXEYVILLE,VA,3
22738,MADISON,VA,3
22739,MIDLAND,VA,3
22740,SPERRYVILLE,VA,3
22741,CULPEPER,VA,3
22742,SUMERDUCK,VA,3
22743,MADISON,VA,3
22747,WASHINGTON,VA,3
22748,WOLFTOWN,VA,3
22749,BOSTON,VA,3
22801,HARRISONBURG,VA,3
22802,HARRISONBURG,VA,3
22803,DOWNTOWN HARRISONBURG,VA,3
22810,BASYE,VA,3
22811,BERGTON,VA,3
22812,BRIDGEWATER,VA,3
22815,BROADWAY,VA,3
22820,BROADWAY,VA,3
22821,DAYTON,VA,3
22824,EDINBURG,VA,3
22827,ELKTON,VA,3
22830,BROADWAY,VA,3
22831,DAYTON,VA,3
22832,HARRISONBURG,VA,3
22833,LACEY SPRING,VA,3
22834,HARRISONBURG,VA,3
22835,LURAY,VA,3
22840,MC GAHEYSVILLE,VA,3
22841,HARRISONBURG,VA,3
22842,MOUNT JACKSON,VA,3
22843,BRIDGEWATER,VA,3
22844,NEW MARKET,VA,3
22845,ORKNEY SPRINGS,VA,3
22846,HARRISONBURG,VA,3
22847,NEW MARKET,VA,3
22849,SHENANDOAH,VA,3
22850,HARRISONBURG,VA,3
22851,STANLEY,VA,3
22853,TIMBERVILLE,VA,3
22901,CHARLOTTESVILLE VA S&DC,VA,3
22902,CHARLOTTESVILLE VA S&DC,VA,3
22903,CHARLOTTESVILLE VA S&DC,VA,3
22905,BARRACKS ROAD,VA,3
22906,CHARLOTTESVILLE VA S&DC,VA,3
22911,CHARLOTTESVILLE VA S&DC,VA,3
22920,AFTON,VA,3
22922,ARRINGTON,VA,3
22923,BARBOURSVILLE,VA,3
22924,BATESVILLE,VA,3
22931,CHARLOTTESVILLE VA S&DC,VA,3
22932,CROZET,VA,3
22935,STANARDSVILLE,VA,3
22936,CHARLOTTESVILLE VA S&DC,VA,3
22937,CHARLOTTESVILLE VA S&DC,VA,3
22938,FABER,VA,3
22939,FISHERSVILLE,VA,3
22940,CHARLOTTESVILLE VA S&DC,VA,3
22942,GORDONSVILLE,VA,3
22943,GREENWOOD,VA,3
22945,IVY,VA,3
22946,CHARLOTTESVILLE VA S&DC,VA,3
22947,CHARLOTTESVILLE VA S&DC,VA,3
22948,LOCUST DALE,VA,3
22949,LOVINGSTON,VA,3
22952,LYNDHURST,VA,3
22957,ORANGE,VA,3
22958,NELLYSFORD,VA,3
22959,CHARLOTTESVILLE VA S&DC,VA,3
22960,ORANGE,VA,3
22963,PALMYRA,VA,3
22964,LOVINGSTON,VA,3
22965,QUINQUE,VA,3
22967,ROSELAND,VA,3
22968,RUCKERSVILLE,VA,3
22969,SCHUYLER,VA,3
22971,LOVINGSTON,VA,3
22972,GORDONSVILLE,VA,3
22973,STANARDSVILLE,VA,3
22974,CHARLOTTESVILLE VA S&DC,VA,3
22976,ROSELAND,VA,3
22980,PARK,VA,3
22987,WHITE HALL,VA,3
23001,ACHILLES,VA,3
23002,AMELIA COURT HOUSE,VA,3
23003,ARK,VA,3
23004,ARVONIA,VA,3
23005,ASHLAND,VA,3
23009,AYLETT,VA,3
23011,BARHAMSVILLE,VA,3
23015,BEAVERDAM,VA,3
23018,BENA,VA,3
23021,MATHEWS,VA,3
23022,BREMO BLUFF,VA,3
23023,SAINT STEPHENS CHURCH,VA,3
23024,BUMPASS,VA,3
23025,NORTH,VA,3
23027,CARTERSVILLE,VA,3
23030,CHARLES CITY,VA,3
23032,CHURCH VIEW,VA,3
23035,COBBS CREEK,VA,3
23038,COLUMBIA,VA,3
23039,CROZIER,VA,3
23040,CUMBERLAND,VA,3
23043,DELTAVILLE,VA,3
23045,MATHEWS,VA,3
23047,DOSWELL,VA,3
23050,COBBS CREEK,VA,3
23055,FORK UNION,VA,3
23056,FOSTER,VA,3
23058,GLEN ALLEN,VA,3
23059,GLEN ALLEN,VA,3
23060,GLEN ALLEN,VA,3
23061,GLOUCESTER,VA,3
23062,GLOUCESTER POINT,VA,3
23063,GOOCHLAND,VA,3
23064,GRIMSTEAD,VA,3
23065,GOOCHLAND,VA,3
23066,GWYNN,VA,3
23067,HADENSVILLE,VA,3
23068,HALLIEFORD,VA,3
23069,HANOVER,VA,3
23070,DELTAVILLE,VA,3
23071,HARTFIELD,VA,3
23072,HAYES,VA,3
23075,HIGHLAND SPRINGS,VA,3
23076,HUDGINS,VA,3
23079,URBANNA,VA,3
23083,JETERSVILLE,VA,3
23084,COLUMBIA,VA,3
23085,KING AND QUEEN COURT HOUSE,VA,3
23086,AYLETT,VA,3
23089,LANEXA,VA,3
23090,LIGHTFOOT,VA,3
23091,SHACKLEFORDS,VA,3
23092,HARTFIELD,VA,3
23093,LOUISA,VA,3
23102,MAIDENS,VA,3
23103,MANAKIN SABOT,VA,3
23106,AYLETT,VA,3
23108,SHACKLEFORDS,VA,3
23109,MATHEWS,VA,3
23110,MATTAPONI,VA,3
23111,ATLEE,VA,3
23112,GENITO,VA,3
23113,BRANDERMILL,VA,3
23114,MIDLOTHIAN,VA,3
23115,MILLERS TAVERN,VA,3
23116,ATLEE,VA,3
23117,MINERAL,VA,3
23119,MATHEWS,VA,3
23120,GENITO,VA,3
23123,NEW CANTON,VA,3
23124,NEW KENT,VA,3
23125,MATHEWS,VA,3
23126,NEWTOWN,VA,3
23127,NORGE,VA,3
23128,NORTH,VA,3
23129,MAIDENS,VA,3
23130,MATHEWS,VA,3
23131,ORDINARY,VA,3
23138,MATHEWS,VA,3
23139,POWHATAN,VA,3
23140,PROVIDENCE FORGE,VA,3
23141,QUINTON,VA,3
23146,ROCKVILLE,VA,3
23147,RUTHVILLE,VA,3
23148,SAINT STEPHENS CHURCH,VA,3
23149,SALUDA,VA,3
23150,SANDSTON,VA,3
23153,GOOCHLAND,VA,3
23154,WARE NECK,VA,3
23156,SHACKLEFORDS,VA,3
23161,SAINT STEPHENS CHURCH,VA,3
23162,STUDLEY,VA,3
23163,MATHEWS,VA,3
23168,TOANO,VA,3
23169,TOPPING,VA,3
23170,LOUISA,VA,3
23175,URBANNA,VA,3
23176,TOPPING,VA,3
23177,AYLETT,VA,3
23178,WARE NECK,VA,3
23180,URBANNA,VA,3
23181,SHACKLEFORDS,VA,3
23183,WHITE MARSH,VA,3
23184,WICOMICO,VA,3
23185,WILLIAMSBURG,VA,3
23187,WILLIAMSBURG,VA,3
23188,MONTICELLO,VA,3
23192,MONTPELIER,VA,3
23218,CAPITOL,VA,3
23219,RICHMOND VA S&DC,VA,3
23220,RICHMOND VA S&DC,VA,3
23221,WESTHAMPTON,VA,3
23222,BELLEVUE,VA,3
23223,EAST END,VA,3
23224,SOUTHSIDE,VA,3
23225,FOREST HILL,VA,3
23226,WESTHAMPTON,VA,3
23227,BELLEVUE,VA,3
23228,LAKESIDE,VA,3
23229,REGENCY,VA,3
23230,WEST END,VA,3
23231,MONTROSE HEIGHTS,VA,3
23233,RIDGE,VA,3
23234,AMPTHILL,VA,3
23235,BON AIR,VA,3
23236,POCOSHOCK CREEK,VA,3
23237,AMPTHILL,VA,3
23238,RIDGE,VA,3
23241,CENTRAL RICHMOND,VA,3
23242,RIDGE,VA,3
23250,MONTROSE HEIGHTS,VA,3
23255,REGENCY,VA,3
23260,RICHMOND VA S&DC,VA,3
23261,RICHMOND VA S&DC,VA,3
23285,RICHMOND VA S&DC,VA,3
23294,REGENCY,VA,3
23301,ACCOMAC,VA,3
23302,ASSAWOMAN,VA,3
23303,ATLANTIC,VA,3
23304,BATTERY PARK,VA,3
23306,BELLE HAVEN,VA,3
23307,NASSAWADOX,VA,3
23308,BLOXOM,VA,3
23310,CAPE CHARLES,VA,3
23313,CAPEVILLE,VA,3
23314,CARROLLTON,VA,3
23315,CARRSVILLE,VA,3
23316,CHERITON,VA,3
23320,CHESAPEAKE,VA,3
23321,JOLLIFF,VA,3
23322,GREAT BRIDGE,VA,3
23323,DEEP CREEK,VA,3
23324,NORFOLK VA S&DC,VA,3
23325,INDIAN RIVER,VA,3
23327,CHESAPEAKE,VA,3
23328,GREAT BRIDGE,VA,3
23336,CHINCOTEAGUE ISLAND,VA,3
23337,CHINCOTEAGUE ISLAND,VA,3
23341,CRADDOCKVILLE,VA,3
23347,EASTVILLE,VA,3
23350,EXMORE,VA,3
23354,FRANKTOWN,VA,3
23356,HORNTOWN,VA,3
23357,ACCOMAC,VA,3
23358,PAINTER,VA,3
23359,BLOXOM,VA,3
23389,HARBORTON,VA,3
23395,HORNTOWN,VA,3
23397,ISLE OF WIGHT,VA,3
23398,JAMESVILLE,VA,3
23401,KELLER,VA,3
23404,LOCUSTVILLE,VA,3
23405,MACHIPONGO,VA,3
23407,MAPPSVILLE,VA,3
23408,MARIONVILLE,VA,3
23409,BLOXOM,VA,3
23410,MELFA,VA,3
23412,NELSONIA,VA,3
23413,NASSAWADOX,VA,3
23414,NELSONIA,VA,3
23415,NEW CHURCH,VA,3
23416,OAK HALL,VA,3
23417,ONANCOCK,VA,3
23418,ONLEY,VA,3
23420,PAINTER,VA,3
23421,PARKSLEY,VA,3
23422,PUNGOTEAGUE,VA,3
23423,QUINBY,VA,3
23424,RESCUE,VA,3
23426,BLOXOM,VA,3
23427,SAXIS,VA,3
23430,SMITHFIELD,VA,3
23431,SMITHFIELD,VA,3
23432,CHUCKATUCK,VA,3
23433,CRITTENDEN,VA,3
23434,SUFFOLK,VA,3
23435,DRIVER,VA,3
23436,DRIVER,VA,3
23437,HOLLAND,VA,3
23438,HOLLAND,VA,3
23439,SUFFOLK,VA,3
23440,TANGIER,VA,3
23441,TASLEY,VA,3
23442,OAK HALL,VA,3
23443,TOWNSEND,VA,3
23450,VIRGINIA BEACH,VA,3
23451,SEAPINES CARRIER ANNEX,VA,3
23452,VIRGINIA BEACH,VA,3
23453,PRINCESS ANNE,VA,3
23454,HILLTOP OCEANA,VA,3
23455,BAYSIDE,VA,3
23456,PRINCESS ANNE,VA,3
23457,BACKBAY,VA,3
23462,WITCHDUCK,VA,3
23464,ACREDALE ANNEX,VA,3
23466,WITCHDUCK,VA,3
23467,ACREDALE,VA,3
23471,BAYSIDE,VA,3
23480,WACHAPREAGUE,VA,3
23483,ATLANTIC,VA,3
23486,WILLIS WHARF,VA,3
23487,WINDSOR,VA,3
23488,OAK HALL,VA,3
23501,NORFOLK VA S&DC,VA,3
23502,THOMAS CORNER,VA,3
23503,OCEAN VIEW,VA,3
23504,NORFOLK VA S&DC,VA,3
23505,WRIGHT,VA,3
23507,NORFOLK VA S&DC,VA,3
23508,MILAN,VA,3
23509,LAFAYETTE,VA,3
23510,NORFOLK VA S&DC,VA,3
23511,NAVAL BASE,VA,3
23513,NORVIEW,VA,3
23514,CUSTOMHOUSE,VA,3
23517,DEBREE,VA,3
23518,L C PAGE,VA,3
23523,BERKLEY,VA,3
23541,THOMAS CORNER,VA,3
23601,WARWICK,VA,3
23602,DENBIGH,VA,3
23603,LEE HALL,VA,3
23604,FORT EUSTIS,VA,3
23605,HAMPTON VA S&DC,VA,3
23606,HIDENWOOD,VA,3
23607,NEWPORT NEWS,VA,3
23608,PATRICK HENRY,VA,3
23609,DENBIGH,VA,3
23612,OYSTER POINT,VA,3
23651,PHOEBUS,VA,3
23661,HAMPTON VA S&DC,VA,3
23662,HAMPTON VA S&DC,VA,3
23663,PHOEBUS,VA,3
23664,RIVERDALE,VA,3
23665,HAMPTON VA S&DC,VA,3
23666,HAMPTON VA S&DC,VA,3
23669,HAMPTON VA S&DC,VA,3
23670,HAMPTON VA S&DC,VA,3
23690,COAST GUARD FINANCE UNIT,VA,3
23691,GRAFTON,VA,3
23692,GRAFTON,VA,3
23693,GRAFTON,VA,3
23694,LACKEY,VA,3
23696,SEAFORD,VA,3
23701,OLIVE,VA,3
23702,PORTSMOUTH,VA,3
23703,CHURCHLAND,VA,3
23704,PORTSMOUTH,VA,3
23705,PORTSIDE,VA,3
23707,PORTSMOUTH,VA,3
23801,FORT LEE,VA,3
23803,PETERSBURG,VA,3
23804,PETERSBURG,VA,3
23805,PETERSBURG,VA,3
23821,ALBERTA,VA,3
23824,BLACKSTONE,VA,3
23827,BOYKINS,VA,3
23828,BRANCHVILLE,VA,3
23829,CAPRON,VA,3
23830,CARSON,VA,3
23831,CHESTER,VA,3
23832,CHESTERFIELD,VA,3
23833,CHURCH ROAD,VA,3
23834,COLONIAL HEIGHTS,VA,3
23836,CHESTER,VA,3
23837,COURTLAND,VA,3
23838,CHESTERFIELD,VA,3
23839,WAKEFIELD,VA,3
23840,DEWITT,VA,3
23841,DINWIDDIE,VA,3
23842,DISPUTANTA,VA,3
23843,DOLPHIN,VA,3
23844,CAPRON,VA,3
23845,EBONY,VA,3
23846,WAKEFIELD,VA,3
23847,EMPORIA,VA,3
23850,CHURCH ROAD,VA,3
23851,FRANKLIN,VA,3
23856,FREEMAN,VA,3
23857,GASBURG,VA,3
23860,HOPEWELL,VA,3
23866,IVOR,VA,3
23867,JARRATT,VA,3
23868,LAWRENCEVILLE,VA,3
23872,MC KENNEY,VA,3
23874,NEWSOMS,VA,3
23875,PRINCE GEORGE,VA,3
23876,ALBERTA,VA,3
23878,SEDLEY,VA,3
23879,EMPORIA,VA,3
23881,SPRING GROVE,VA,3
23882,STONY CREEK,VA,3
23883,SURRY,VA,3
23884,SUSSEX,VA,3
23885,SUTHERLAND,VA,3
23887,LAWRENCEVILLE,VA,3
23888,WAKEFIELD,VA,3
23889,ALBERTA,VA,3
23890,WAVERLY,VA,3
23893,LAWRENCEVILLE,VA,3
23894,CHURCH ROAD,VA,3
23897,JARRATT,VA,3
23898,IVOR,VA,3
23899,CLAREMONT,VA,3
23901,FARMVILLE,VA,3
23915,BASKERVILLE,VA,3
23917,BOYDTON,VA,3
23919,BRACEY,VA,3
23920,BRODNAX,VA,3
23921,BUCKINGHAM,VA,3
23922,BURKEVILLE,VA,3
23923,CHARLOTTE COURT HOUSE,VA,3
23924,CHASE CITY,VA,3
23927,CLARKSVILLE,VA,3
23930,CREWE,VA,3
23934,CHARLOTTE COURT HOUSE,VA,3
23936,DILLWYN,VA,3
23937,CHARLOTTE COURT HOUSE,VA,3
23938,DUNDAS,VA,3
23939,EVERGREEN,VA,3
23942,BURKEVILLE,VA,3
23944,KENBRIDGE,VA,3
23947,KEYSVILLE,VA,3
23950,LA CROSSE,VA,3
23952,VICTORIA,VA,3
23954,BURKEVILLE,VA,3
23955,NOTTOWAY,VA,3
23958,PAMPLIN,VA,3
23959,CHARLOTTE COURT HOUSE,VA,3
23960,FARMVILLE,VA,3
23962,CHARLOTTE COURT HOUSE,VA,3
23963,PAMPLIN,VA,3
23964,CHASE CITY,VA,3
23966,FARMVILLE,VA,3
23967,CHARLOTTE COURT HOUSE,VA,3
23968,CHASE CITY,VA,3
23970,SOUTH HILL,VA,3
23974,VICTORIA,VA,3
23976,CHASE CITY,VA,3
24001,DOWNTOWN ROANOKE,VA,3
24002,DOWNTOWN ROANOKE,VA,3
24003,DOWNTOWN ROANOKE,VA,3
24004,DOWNTOWN ROANOKE,VA,3
24005,DOWNTOWN ROANOKE,VA,3
24006,DOWNTOWN ROANOKE,VA,3
24007,DOWNTOWN ROANOKE,VA,3
24008,DOWNTOWN ROANOKE,VA,3
24009,DOWNTOWN ROANOKE,VA,3
24010,DOWNTOWN ROANOKE,VA,3
24011,ROANOKE CARRIER ANNEX,VA,3
24012,ROANOKE CARRIER ANNEX,VA,3
24013,ROANOKE CARRIER ANNEX,VA,3
24014,ROANOKE CARRIER ANNEX,VA,3
24015,GRANDIN ROAD,VA,3
24016,ROANOKE CARRIER ANNEX,VA,3
24017,MELROSE,VA,3
24018,CAVE SPRING,VA,3
24019,HOLLINS,VA,3
24020,HOLLINS,VA,3
24022,ROANOKE,VA,3
24023,ROANOKE,VA,3
24024,ROANOKE,VA,3
24025,ROANOKE,VA,3
24026,ROANOKE,VA,3
24027,ROANOKE,VA,3
24028,ROANOKE,VA,3
24029,ROANOKE,VA,3
24030,ROANOKE,VA,3
24031,ROANOKE,VA,3
24032,ROANOKE,VA,3
24033,ROANOKE,VA,3
24034,ROANOKE,VA,3
24035,ROANOKE,VA,3
24036,ROANOKE,VA,3
24037,ROANOKE,VA,3
24038,ROANOKE,VA,3
24053,ARARAT,VA,3
24054,AXTON,VA,3
24055,BASSETT,VA,3
24058,BELSPRING,VA,3
24059,BENT MOUNTAIN,VA,3
24060,BLACKSBURG,VA,3
24062,BLACKSBURG,VA,3
24063,DOWNTOWN BLACKSBURG,VA,3
24064,BLUE RIDGE,VA,3
24065,BOONES MILL,VA,3
24066,BUCHANAN,VA,3
24067,CALLAWAY,VA,3
24068,CHRISTIANSBURG,VA,3
24069,CASCADE,VA,3
24070,CATAWBA,VA,3
24072,CHECK,VA,3
24073,CHRISTIANSBURG,VA,3
24076,CLAUDVILLE,VA,3
24077,CLOVERDALE,VA,3
24078,COLLINSVILLE,VA,3
24079,COPPER HILL,VA,3
24082,CRITZ,VA,3
24083,DALEVILLE,VA,3
24084,DUBLIN,VA,3
24085,EAGLE ROCK,VA,3
24086,EGGLESTON,VA,3
24087,ELLISTON,VA,3
24088,FERRUM,VA,3
24089,COLLINSVILLE,VA,3
24090,FINCASTLE,VA,3
24091,FLOYD,VA,3
24092,GLADE HILL,VA,3
24093,GLEN LYN,VA,3
24095,GOODVIEW,VA,3
24101,CPU SMITH MOUNTAIN,VA,3
24102,HENRY,VA,3
24104,HUDDLESTON,VA,3
24105,INDIAN VALLEY,VA,3
24111,MC COY,VA,3
24112,MARTINSVILLE,VA,3
24114,CENTRAL MARTINSVILLE,VA,3
24115,MARTINSVILLE,VA,3
24120,MEADOWS OF DAN,VA,3
24121,MONETA,VA,3
24122,MONTVALE,VA,3
24124,NARROWS,VA,3
24126,NEWBERN,VA,3
24127,NEW CASTLE,VA,3
24128,NEWPORT,VA,3
24129,RADFORD,VA,3
24131,GAP MILLS,WV,3
24132,PARROTT,VA,3
24133,PATRICK SPRINGS,VA,3
24134,PEARISBURG,VA,3
24136,PEMBROKE,VA,3
24137,PENHOOK,VA,3
24138,PILOT,VA,3
24139,PITTSVILLE,VA,3
24141,RADFORD,VA,3
24143,RADFORD,VA,3
24146,REDWOOD,VA,3
24147,RICH CREEK,VA,3
24148,RIDGEWAY,VA,3
24149,RINER,VA,3
24150,RIPPLEMEAD,VA,3
24151,ROCKY MOUNT,VA,3
24153,SALEM,VA,3
24161,PITTSVILLE,VA,3
24162,SHAWSVILLE,VA,3
24165,SPENCER,VA,3
24167,PEARISBURG,VA,3
24168,BASSETT,VA,3
24171,STUART,VA,3
24174,THAXTON,VA,3
24175,TROUTVILLE,VA,3
24176,UNION HALL,VA,3
24177,VESTA,VA,3
24179,VINTON,VA,3
24184,WIRTZ,VA,3
24185,WOOLWINE,VA,3
24201,BRISTOL,VA,3
24202,BRISTOL,VA,3
24203,BRISTOL,VA,3
24209,DOMINION,VA,3
24210,ABINGDON,VA,3
24211,ABINGDON,VA,3
24212,ABINGDON,VA,3
24216,APPALACHIA,VA,3
24217,HONAKER,VA,3
24218,BEN HUR,VA,3
24219,BIG STONE GAP,VA,3
24220,HAYSI,VA,3
24221,BLACKWATER,VA,3
24224,CASTLEWOOD,VA,3
24225,CLEVELAND,VA,3
24226,CLINCHCO,VA,3
24228,CLINTWOOD,VA,3
24230,COEBURN,VA,3
24236,DAMASCUS,VA,3
24237,NORA,VA,3
24239,DAVENPORT,VA,3
24243,DRYDEN,VA,3
24244,DUFFIELD,VA,3
24245,DUNGANNON,VA,3
24246,EAST STONE GAP,VA,3
24248,EWING,VA,3
24250,GATE CITY,VA,3
24251,GATE CITY,VA,3
24256,HAYSI,VA,3
24258,GATE CITY,VA,3
24260,HONAKER,VA,3
24263,JONESVILLE,VA,3
24265,KEOKEE,VA,3
24266,LEBANON,VA,3
24269,CLINCHCO,VA,3
24270,GATE CITY,VA,3
24271,NICKELSVILLE,VA,3
24272,NORA,VA,3
24273,NORTON,VA,3
24277,PENNINGTON GAP,VA,3
24279,POUND,VA,3
24280,ROSEDALE,VA,3
24281,EWING,VA,3
24282,PENNINGTON GAP,VA,3
24283,CASTLEWOOD,VA,3
24290,GATE CITY,VA,3
24292,DAMASCUS,VA,3
24293,WISE,VA,3
24301,PULASKI,VA,3
24311,ATKINS,VA,3
24312,AUSTINVILLE,VA,3
24313,BARREN SPRINGS,VA,3
24314,BASTIAN,VA,3
24315,BLAND,VA,3
24316,CHILHOWIE,VA,3
24317,CANA,VA,3
24318,CERES,VA,3
24319,CHILHOWIE,VA,3
24322,RURAL RETREAT,VA,3
24323,CROCKETT,VA,3
24324,DRAPER,VA,3
24325,DUGSPUR,VA,3
24326,ELK CREEK,VA,3
24327,EMORY,VA,3
24328,FANCY GAP,VA,3
24330,FRIES,VA,3
24333,GALAX,VA,3
24340,GLADE SPRING,VA,3
24343,HILLSVILLE,VA,3
24347,HIWASSEE,VA,3
24348,INDEPENDENCE,VA,3
24350,AUSTINVILLE,VA,3
24351,LAMBSBURG,VA,3
24352,LAUREL FORK,VA,3
24354,MARION,VA,3
24360,MAX MEADOWS,VA,3
24361,GLADE SPRING,VA,3
24363,MOUTH OF WILSON,VA,3
24366,ROCKY GAP,VA,3
24368,RURAL RETREAT,VA,3
24370,SALTVILLE,VA,3
24374,RURAL RETREAT,VA,3
24375,SUGAR GROVE,VA,3
24377,CHILHOWIE,VA,3
24378,TROUTDALE,VA,3
24380,WILLIS,VA,3
24381,GALAX,VA,3
24382,WYTHEVILLE,VA,3
24401,STAUNTON,VA,3
24402,STAUNTON,VA,3
24411,AUGUSTA SPRINGS,VA,3
24412,BACOVA,VA,3
24413,BLUE GRASS,VA,3
24415,BROWNSBURG,VA,3
24416,BUENA VISTA,VA,3
24421,CHURCHVILLE,VA,3
24422,CLIFTON FORGE,VA,3
24426,COVINGTON,VA,3
24430,CRAIGSVILLE,VA,3
24431,CRIMORA,VA,3
24432,CHURCHVILLE,VA,3
24433,DOE HILL,VA,3
24435,FAIRFIELD,VA,3
24437,MOUNT SIDNEY,VA,3
24438,IRON GATE,VA,3
24439,GOSHEN,VA,3
24440,GREENVILLE,VA,3
24441,GROTTOES,VA,3
24442,MC DOWELL,VA,3
24445,HOT SPRINGS,VA,3
24448,IRON GATE,VA,3
24450,LEXINGTON,VA,3
24457,LOW MOOR,VA,3
24458,MC DOWELL,VA,3
24459,MIDDLEBROOK,VA,3
24460,MILLBORO,VA,3
24463,MINT SPRING,VA,3
24464,MONTEBELLO,VA,3
24465,MONTEREY,VA,3
24467,MOUNT SIDNEY,VA,3
24469,NEW HOPE,VA,3
24471,GROTTOES,VA,3
24472,GREENVILLE,VA,3
24473,ROCKBRIDGE BATHS,VA,3
24474,SELMA,VA,3
24476,GREENVILLE,VA,3
24477,STUARTS DRAFT,VA,3
24479,CHURCHVILLE,VA,3
24482,VERONA,VA,3
24483,FAIRFIELD,VA,3
24484,HOT SPRINGS,VA,3
24485,CHURCHVILLE,VA,3
24486,WEYERS CAVE,VA,3
24487,MILLBORO,VA,3
24501,LYNCHBURG,VA,3
24502,FORT HILL,VA,3
24503,LYNCHBURG,VA,3
24504,LYNCHBURG,VA,3
24505,COURTHOUSE LYNCHBURG,VA,3
24506,LYNCHBURG,VA,3
24517,ALTAVISTA,VA,3
24520,ALTON,VA,3
24521,AMHERST,VA,3
24522,APPOMATTOX,VA,3
24523,BEDFORD,VA,3
24526,BIG ISLAND,VA,3
24527,BLAIRS,VA,3
24528,BROOKNEAL,VA,3
24529,BUFFALO JUNCTION,VA,3
24530,CALLANDS,VA,3
24531,CHATHAM,VA,3
24533,CLIFFORD,VA,3
24534,CLOVER,VA,3
24535,CLUSTER SPRINGS,VA,3
24536,COLEMAN FALLS,VA,3
24538,CONCORD,VA,3
24539,CRYSTAL HILL,VA,3
24540,DANVILLE,VA,3
24541,DANVILLE,VA,3
24543,COURTHOUSE DANVILLE,VA,3
24549,DRY FORK,VA,3
24550,EVINGTON,VA,3
24551,FOREST,VA,3
24553,GLADSTONE,VA,3
24554,GLADYS,VA,3
24555,GLASGOW,VA,3
24556,GOODE,VA,3
24557,GRETNA,VA,3
24558,HALIFAX,VA,3
24562,SCOTTSVILLE,VA,3
24563,HURT,VA,3
24565,CHATHAM,VA,3
24566,BLAIRS,VA,3
24569,GLADYS,VA,3
24570,LOWRY,VA,3
24571,LYNCH STATION,VA,3
24572,MADISON HEIGHTS,VA,3
24574,MONROE,VA,3
24576,NARUNA,VA,3
24577,NATHALIE,VA,3
24578,NATURAL BRIDGE,VA,3
24579,NATURAL BRIDGE STATION,VA,3
24580,NELSON,VA,3
24581,WINGINA,VA,3
24586,RINGGOLD,VA,3
24588,RUSTBURG,VA,3
24589,SCOTTSBURG,VA,3
24590,SCOTTSVILLE,VA,3
24592,SOUTH BOSTON,VA,3
24593,SPOUT SPRING,VA,3
24594,SUTHERLIN,VA,3
24595,AMHERST,VA,3
24597,VERNON HILL,VA,3
24598,VIRGILINA,VA,3
24599,WINGINA,VA,3
24601,AMONATE,VA,3
24602,BANDY,VA,3
24603,BIG ROCK,VA,3
24604,BISHOP,VA,3
24605,BLUEFIELD,VA,3
24606,BOISSEVAIN,VA,3
24607,BREAKS,VA,3
24608,TAZEWELL,VA,3
24609,CEDAR BLUFF,VA,3
24612,DORAN,VA,3
24613,FALLS MILLS,VA,3
24614,GRUNDY,VA,3
24619,HORSEPEN,VA,3
24620,HURLEY,VA,3
24622,CEDAR BLUFF,VA,3
24624,KEEN MOUNTAIN,VA,3
24627,MAVISDALE,VA,3
24628,MAXIE,VA,3
24630,NORTH TAZEWELL,VA,3
24631,OAKWOOD,VA,3
24634,PILGRIMS KNOB,VA,3
24635,POCAHONTAS,VA,3
24637,POUNDING MILL,VA,3
24639,RAVEN,VA,3
24641,RICHLANDS,VA,3
24646,ROWE,VA,3
24649,SWORDS CREEK,VA,3
24651,TAZEWELL,VA,3
24656,GRUNDY,VA,3
24657,RICHLANDS,VA,3
24658,WOLFORD,VA,3
24701,BLUEFIELD,WV,3
24712,ATHENS,WV,3
24714,LASHMEET,WV,3
24715,BRAMWELL,WV,3
24716,BUD,WV,3
24719,COVEL,WV,3
24724,BRAMWELL,WV,3
24726,BUD,WV,3
24729,LASHMEET,WV,3
24731,KEGLEY,WV,3
24732,KELLYSVILLE,WV,3
24733,LASHMEET,WV,3
24736,MATOAKA,WV,3
24737,MONTCALM,WV,3
24738,NEMOURS,WV,3
24739,PRINCETON,WV,3
24740,PRINCETON,WV,3
24747,ROCK,WV,3
24801,WELCH,WV,3
24808,ANAWALT,WV,3
24811,AVONDALE,WV,3
24813,WAR,WV,3
24815,BERWIND,WV,3
24816,BIG SANDY,WV,3
24817,BRADSHAW,WV,3
24818,BRENTON,WV,3
24822,CLEAR FORK,WV,3
24823,COAL MOUNTAIN,WV,3
24826,CUCUMBER,WV,3
24827,CYCLONE,WV,3
24828,DAVY,WV,3
24829,NORTHFORK,WV,3
24830,ELBERT,WV,3
24831,NORTHFORK,WV,3
24834,OCEANA,WV,3
24836,GARY,WV,3
24839,HANOVER,WV,3
24843,RODERFIELD,WV,3
24844,IAEGER,WV,3
24845,IKES FORK,WV,3
24846,PANTHER,WV,3
24847,ITMANN,WV,3
24848,JENKINJONES,WV,3
24849,JESSE,WV,3
24850,JOLO,WV,3
24851,JUSTICE,WV,3
24853,KIMBALL,WV,3
24854,CPU KOPPERSTON UNIT,WV,3
24857,OCEANA,WV,3
24860,JESSE,WV,3
24861,MAYBEURY,WV,3
24862,PANTHER,WV,3
24866,NEWHALL,WV,3
24867,NEW RICHMOND,WV,3
24868,NORTHFORK,WV,3
24869,IAEGER,WV,3
24870,OCEANA,WV,3
24871,PAGETON,WV,3
24872,PANTHER,WV,3
24873,PAYNESVILLE,WV,3
24874,PINEVILLE,WV,3
24878,PREMIER,WV,3
24879,RAYSAL,WV,3
24880,ROCK VIEW,WV,3
24881,RODERFIELD,WV,3
24882,SIMON,WV,3
24884,SQUIRE,WV,3
24887,SWITCHBACK,WV,3
24888,THORPE,WV,3
24892,WAR,WV,3
24894,WARRIORMINE,WV,3
24895,WILCOE,WV,3
24898,WYOMING,WV,3
24901,LEWISBURG,WV,3
24910,ALDERSON,WV,3
24915,GREEN BANK,WV,3
24916,ALDERSON,WV,3
24918,BALLARD,WV,3
24920,BARTOW,WV,3
24924,BUCKEYE,WV,3
24925,CALDWELL,WV,3
24927,GREEN BANK,WV,3
24931,CRAWLEY,WV,3
24934,DUNMORE,WV,3
24935,FOREST HILL,WV,3
24938,FRANKFORD,WV,3
24941,GAP MILLS,WV,3
24943,ALDERSON,WV,3
24944,GREEN BANK,WV,3
24945,GREENVILLE,WV,3
24946,HILLSBORO,WV,3
24951,LINDSIDE,WV,3
24954,MARLINTON,WV,3
24957,MAXWELTON,WV,3
24962,ALDERSON,WV,3
24963,PETERSTOWN,WV,3
24966,RENICK,WV,3
24970,RONCEVERTE,WV,3
24974,UNION,WV,3
24976,ALDERSON,WV,3
24977,ALDERSON,WV,3
24981,TALCOTT,WV,3
24983,UNION,WV,3
24984,GAP MILLS,WV,3
24985,TALCOTT,WV,3
24986,WHITE SULPHUR SPRINGS,WV,3
24991,WILLIAMSBURG,WV,3
24993,UNION,WV,3
25002,BOOMER,WV,3
25003,ALUM CREEK,WV,3
25005,AMMA,WV,3
25007,ARNETT,WV,3
25008,WHITESVILLE,WV,3
25009,NELLIS,WV,3
25011,BANCROFT,WV,3
25015,BELLE,WV,3
25019,BICKMORE,WV,3
25021,BIM,WV,3
25022,BLAIR,WV,3
25024,BLOOMINGROSE,WV,3
25025,CHARLESTON,WV,3
25026,BLUE CREEK,WV,3
25028,VAN,WV,3
25030,CLENDENIN,WV,3
25031,BOOMER,WV,3
25033,BUFFALO,WV,3
25035,CABIN CREEK,WV,3
25036,CANNELTON,WV,3
25039,CEDAR GROVE,WV,3
25040,CHARLTON HEIGHTS,WV,3
25043,CLAY,WV,3
25044,CLEAR CREEK,WV,3
25045,CLENDENIN,WV,3
25047,CLOTHIER,WV,3
25048,WHITESVILLE,WV,3
25049,COMFORT,WV,3
25051,COSTA,WV,3
25053,DANVILLE,WV,3
25054,DAWES,WV,3
25057,MOUNT CARBON,WV,3
25059,DIXIE,WV,3
25060,DOROTHY,WV,3
25061,DRYBRANCH,WV,3
25062,NAOMA,WV,3
25063,DUCK,WV,3
25064,DUNBAR,WV,3
25067,EAST BANK,WV,3
25070,ELEANOR,WV,3
25071,ELKVIEW,WV,3
25075,ESKDALE,WV,3
25076,ETHEL,WV,3
25079,FALLING ROCK,WV,3
25081,FOSTER,WV,3
25082,FRAZIERS BOTTOM,WV,3
25083,GALLAGHER,WV,3
25085,GAULEY BRIDGE,WV,3
25086,GLASGOW,WV,3
25088,CLENDENIN,WV,3
25090,GLEN FERRIS,WV,3
25093,GORDON,WV,3
25102,HANDLEY,WV,3
25103,HANSFORD,WV,3
25106,HENDERSON,WV,3
25107,HERNSHAW,WV,3
25108,HEWETT,WV,3
25109,HOMETOWN,WV,3
25110,HUGHESTON,WV,3
25111,INDORE,WV,3
25112,INSTITUTE,WV,3
25113,IVYDALE,WV,3
25114,JEFFREY,WV,3
25115,MOUNT CARBON,WV,3
25118,KIMBERLY,WV,3
25119,KINCAID,WV,3
25121,LAKE,WV,3
25123,LEON,WV,3
25124,KENNA,WV,3
25125,LIZEMORES,WV,3
25126,LONDON,WV,3
25130,MADISON,WV,3
25132,MAMMOTH,WV,3
25133,MAYSEL,WV,3
25134,MIAMI,WV,3
25136,MONTGOMERY,WV,3
25139,MOUNT CARBON,WV,3
25140,NAOMA,WV,3
25141,CLAY,WV,3
25142,NELLIS,WV,3
25143,NITRO,WV,3
25148,ORGAS,WV,3
25149,OTTAWA,WV,3
25154,PEYTONA,WV,3
25156,PINCH,WV,3
25159,POCA,WV,3
25160,CEDAR GROVE,WV,3
25161,POWELLTON,WV,3
25162,PRATT,WV,3
25164,PROCIOUS,WV,3
25165,RACINE,WV,3
25168,RED HOUSE,WV,3
25169,NELLIS,WV,3
25173,ROBSON,WV,3
25174,ROCK CREEK,WV,3
25177,SAINT ALBANS,WV,3
25181,SETH,WV,3
25183,SHARPLES,WV,3
25186,SMITHERS,WV,3
25193,SYLVESTER,WV,3
25201,TAD,WV,3
25202,ALUM CREEK,WV,3
25203,TURTLE CREEK,WV,3
25204,TWILIGHT,WV,3
25205,UNEEDA,WV,3
25206,VAN,WV,3
25208,WHARTON,WV,3
25209,WHITESVILLE,WV,3
25211,WIDEN,WV,3
25213,WINFIELD,WV,3
25214,WINIFREDE,WV,3
25231,KENNA,WV,3
25234,ARNOLDSBURG,WV,3
25235,CHLOE,WV,3
25239,COTTAGEVILLE,WV,3
25241,EVANS,WV,3
25243,GANDEEVILLE,WV,3
25244,GAY,WV,3
25247,HARTFORD,WV,3
25248,KENNA,WV,3
25251,LEFT HAND,WV,3
25252,LE ROY,WV,3
25253,LETART,WV,3
25259,LEFT HAND,WV,3
25260,MASON,WV,3
25261,ARNOLDSBURG,WV,3
25262,MILLWOOD,WV,3
25264,COTTAGEVILLE,WV,3
25265,NEW HAVEN,WV,3
25266,NEWTON,WV,3
25267,NORMANTOWN,WV,3
25268,ARNOLDSBURG,WV,3
25270,SPENCER,WV,3
25271,RIPLEY,WV,3
25275,SANDYVILLE,WV,3
25276,SPENCER,WV,3
25285,WALLBACK,WV,3
25286,WALTON,WV,3
25287,MASON,WV,3
25301,CHARLESTON,WV,3
25302,CHARLESTON,WV,3
25303,SOUTH CHARLESTON,WV,3
25304,CHARLESTON,WV,3
25305,CHARLESTON,WV,3
25306,CHARLESTON,WV,3
25309,SOUTH CHARLESTON,WV,3
25311,CHARLESTON,WV,3
25312,SISSONVILLE,WV,3
25313,CROSS LANES,WV,3
25314,CHARLESTON,WV,3
25315,CHARLESTON,WV,3
25320,SISSONVILLE,WV,3
25321,CHARLESTON,WV,3
25322,CHARLESTON,WV,3
25323,CHARLESTON,WV,3
25324,CHARLESTON,WV,3
25325,CHARLESTON,WV,3
25326,CHARLESTON,WV,3
25327,CHARLESTON,WV,3
25328,CHARLESTON,WV,3
25329,CHARLESTON,WV,3
25330,CHARLESTON,WV,3
25331,CHARLESTON,WV,3
25332,CHARLESTON,WV,3
25333,CHARLESTON,WV,3
25334,CHARLESTON,WV,3
25335,CHARLESTON,WV,3
25336,CHARLESTON,WV,3
25337,CHARLESTON,WV,3
25338,CHARLESTON,WV,3
25339,CHARLESTON,WV,3
25356,CROSS LANES,WV,3
25357,STATION C,WV,3
25358,SOUTHRIDGE CENTRE,WV,3
25360,SISSONVILLE,WV,3
25361,CHARLESTON,WV,3
25362,STONEWALL,WV,3
25364,KANAWHA CITY,WV,3
25365,MARMET,WV,3
25375,TOWN CENTER,WV,3
25387,SOUTH CHARLESTON,WV,3
25401,MARTINSBURG WV SDC,WV,3
25402,MARTINSBURG WV SDC,WV,3
25403,MARTINSBURG WV SDC,WV,3
25404,MARTINSBURG WV SDC,WV,3
25405,MARTINSBURG WV SDC,WV,3
25411,BERKELEY SPRINGS,WV,3
25413,BUNKER HILL,WV,3
25414,CHARLES TOWN,WV,3
25419,FALLING WATERS,WV,3
25420,GERRARDSTOWN,WV,3
25421,INWOOD,WV,3
25422,GREAT CACAPON,WV,3
25423,HARPERS FERRY,WV,3
25425,HARPERS FERRY,WV,3
25427,HEDGESVILLE,WV,3
25428,INWOOD,WV,3
25430,KEARNEYSVILLE,WV,3
25431,PAW PAW,WV,3
25432,HARPERS FERRY,WV,3
25434,PAW PAW,WV,3
25437,PAW PAW,WV,3
25438,RANSON,WV,3
25441,RIPPON,WV,3
25442,SHENANDOAH JUNCTION,WV,3
25443,SHEPHERDSTOWN,WV,3
25444,SLANESVILLE,WV,3
25446,SUMMIT POINT,WV,3
25501,ALKOL,WV,3
25502,APPLE GROVE,WV,3
25503,APPLE GROVE,WV,3
25504,BARBOURSVILLE,WV,3
25505,BIG CREEK,WV,3
25506,BRANCHLAND,WV,3
25507,CEREDO,WV,3
25508,CHAPMANVILLE,WV,3
25510,CULLODEN,WV,3
25511,DUNLOW,WV,3
25512,EAST LYNN,WV,3
25514,FORT GAY,WV,3
25515,GALLIPOLIS FERRY,WV,3
25517,GENOA,WV,3
25520,APPLE GROVE,WV,3
25521,GRIFFITHSVILLE,WV,3
25523,HAMLIN,WV,3
25524,HARTS,WV,3
25526,HURRICANE,WV,3
25529,ALKOL,WV,3
25530,KENOVA,WV,3
25534,RANGER,WV,3
25535,LAVALETTE,WV,3
25537,BARBOURSVILLE,WV,3
25540,MIDKIFF,WV,3
25541,MILTON,WV,3
25544,BRANCHLAND,WV,3
25545,BARBOURSVILLE,WV,3
25547,PECKS MILL,WV,3
25550,POINT PLEASANT,WV,3
25555,PRICHARD,WV,3
25557,RANGER,WV,3
25559,SALT ROCK,WV,3
25560,SCOTT DEPOT,WV,3
25562,SHOALS,WV,3
25564,SOD,WV,3
25565,ALKOL,WV,3
25567,SUMERCO,WV,3
25569,TEAYS,WV,3
25570,WAYNE,WV,3
25571,WEST HAMLIN,WV,3
25573,HAMLIN,WV,3
25601,LOGAN,WV,3
25606,ACCOVILLE,WV,3
25607,AMHERSTDALE,WV,3
25608,BAISDEN,WV,3
25611,BRUNO,WV,3
25612,LOGAN,WV,3
25614,LOGAN,WV,3
25617,DAVIN,WV,3
25621,GILBERT,WV,3
25624,HENLAWSON,WV,3
25625,HOLDEN,WV,3
25628,KISTLER,WV,3
25630,LORADO,WV,3
25632,LOGAN,WV,3
25634,MALLORY,WV,3
25635,MAN,WV,3
25637,MOUNT GAY,WV,3
25638,OMAR,WV,3
25639,PEACH CREEK,WV,3
25644,SARAH ANN,WV,3
25646,STOLLINGS,WV,3
25647,SWITZER,WV,3
25649,VERDUNVILLE,WV,3
25650,VERNER,WV,3
25651,WHARNCLIFFE,WV,3
25652,WHITMAN,WV,3
25653,WILKINSON,WV,3
25654,LOGAN,WV,3
25661,WILLIAMSON,WV,3
25666,BREEDEN,WV,3
25667,CHATTAROY,WV,3
25669,CRUM,WV,3
25670,DELBARTON,WV,3
25671,DINGESS,WV,3
25672,EDGARTON,WV,3
25674,KERMIT,WV,3
25676,LENORE,WV,3
25678,MATEWAN,WV,3
25685,NAUGATUCK,WV,3
25688,NORTH MATEWAN,WV,3
25690,RAGLAND,WV,3
25691,RAWL,WV,3
25692,RED JACKET,WV,3
25696,VARNEY,WV,3
25699,WILSONDALE,WV,3
25701,HUNTINGTON WV S&DC,WV,3
25702,GUYANDOTTE,WV,3
25703,DOWNTOWN HUNTINGTON,WV,3
25704,HUNTINGTON WV S&DC,WV,3
25705,BEVERLY HILLS,WV,3
25706,DOWNTOWN HUNTINGTON,WV,3
25707,DOWNTOWN HUNTINGTON,WV,3
25708,DOWNTOWN HUNTINGTON,WV,3
25709,DOWNTOWN HUNTINGTON,WV,3
25710,DOWNTOWN HUNTINGTON,WV,3
25711,DOWNTOWN HUNTINGTON,WV,3
25712,DOWNTOWN HUNTINGTON,WV,3
25713,DOWNTOWN HUNTINGTON,WV,3
25714,DOWNTOWN HUNTINGTON,WV,3
25715,DOWNTOWN HUNTINGTON,WV,3
25716,DOWNTOWN HUNTINGTON,WV,3
25717,DOWNTOWN HUNTINGTON,WV,3
25718,DOWNTOWN HUNTINGTON,WV,3
25719,DOWNTOWN HUNTINGTON,WV,3
25720,DOWNTOWN HUNTINGTON,WV,3
25721,DOWNTOWN HUNTINGTON,WV,3
25722,DOWNTOWN HUNTINGTON,WV,3
25723,DOWNTOWN HUNTINGTON,WV,3
25724,DOWNTOWN HUNTINGTON,WV,3
25725,DOWNTOWN HUNTINGTON,WV,3
25726,DOWNTOWN HUNTINGTON,WV,3
25727,DOWNTOWN HUNTINGTON,WV,3
25728,DOWNTOWN HUNTINGTON,WV,3
25729,DOWNTOWN HUNTINGTON,WV,3
25772,HUNTINGTON WV S&DC,WV,3
25773,HUNTINGTON WV S&DC,WV,3
25774,HUNTINGTON WV S&DC,WV,3
25775,HUNTINGTON WV S&DC,WV,3
25776,HUNTINGTON WV S&DC,WV,3
25777,HUNTINGTON WV S&DC,WV,3
25778,HUNTINGTON WV S&DC,WV,3
25779,HUNTINGTON WV S&DC,WV,3
25801,BECKLEY,WV,3
25802,BECKLEY,WV,3
25810,ALLEN JUNCTION,WV,3
25811,STEPHENSON,WV,3
25812,ANSTED,WV,3
25813,BEAVER,WV,3
25817,BOLT,WV,3
25818,BRADLEY,WV,3
25820,SPANISHBURG,WV,3
25823,COAL CITY,WV,3
25825,COOL RIDGE,WV,3
25826,CORINNE,WV,3
25827,CRAB ORCHARD,WV,3
25831,DANESE,WV,3
25832,DANIELS,WV,3
25836,ECCLES,WV,3
25837,EDMOND,WV,3
25839,FAIRDALE,WV,3
25840,FAYETTEVILLE,WV,3
25841,COOL RIDGE,WV,3
25843,COOL RIDGE,WV,3
25844,GLEN DANIEL,WV,3
25845,GLEN FORK,WV,3
25846,GLEN JEAN,WV,3
25848,GLEN ROGERS,WV,3
25849,LESTER,WV,3
25851,HARPER,WV,3
25853,HELEN,WV,3
25854,HICO,WV,3
25855,HILLTOP,WV,3
25857,JOSEPHINE,WV,3
25862,LANSING,WV,3
25864,LAYLAND,WV,3
25865,LESTER,WV,3
25866,LOCHGELLY,WV,3
25868,LOOKOUT,WV,3
25870,MULLENS,WV,3
25871,MABSCOTT,WV,3
25873,MAC ARTHUR,WV,3
25875,MC GRAWS,WV,3
25876,MC GRAWS,WV,3
25878,MIDWAY,WV,3
25879,MINDEN,WV,3
25880,BECKLEY,WV,3
25882,MULLENS,WV,3
25901,OAK HILL,WV,3
25902,COOL RIDGE,WV,3
25904,PAX,WV,3
25906,PINEY VIEW,WV,3
25907,PRINCE,WV,3
25908,PRINCEWICK,WV,3
25909,PROSPERITY,WV,3
25911,RALEIGH,WV,3
25915,RHODELL,WV,3
25916,GLEN FORK,WV,3
25917,SCARBRO,WV,3
25918,SHADY SPRING,WV,3
25919,SKELTON,WV,3
25920,SOPHIA,WV,3
25921,SOPHIA,WV,3
25922,SPANISHBURG,WV,3
25927,STANAFORD,WV,3
25928,STEPHENSON,WV,3
25932,SURVEYOR,WV,3
25936,GLEN JEAN,WV,3
25938,VICTOR,WV,3
25942,LOOKOUT,WV,3
25943,ALLEN JUNCTION,WV,3
25951,HINTON,WV,3
25958,CHARMCO,WV,3
25962,RAINELLE,WV,3
25966,MEADOW BRIDGE,WV,3
25969,JUMPING BRANCH,WV,3
25971,LERONA,WV,3
25972,LESLIE,WV,3
25976,MEADOW BRIDGE,WV,3
25977,MEADOW CREEK,WV,3
25978,HINTON,WV,3
25979,PIPESTEM,WV,3
25981,QUINWOOD,WV,3
25984,RUPERT,WV,3
25985,SANDSTONE,WV,3
25986,SPRING DALE,WV,3
25989,WHITE OAK,WV,3
26003,DOWNTOWN WHEELING,WV,3
26030,BEECH BOTTOM,WV,3
26031,BENWOOD,WV,3
26032,BETHANY,WV,3
26033,CAMERON,WV,3
26034,CHESTER,WV,3
26035,COLLIERS,WV,3
26036,DALLAS,WV,3
26037,FOLLANSBEE,WV,3
26038,GLEN DALE,WV,3
26039,CAMERON,WV,3
26040,MCMECHEN,WV,3
26041,MOUNDSVILLE,WV,3
26047,NEW CUMBERLAND,WV,3
26050,CHESTER,WV,3
26055,MOUNDSVILLE,WV,3
26056,NEW MANCHESTER,WV,3
26058,SHORT CREEK,WV,3
26059,TRIADELPHIA,WV,3
26060,VALLEY GROVE,WV,3
26062,COVE,WV,3
26070,WELLSBURG,WV,3
26074,WHEELING,WV,3
26075,WINDSOR HEIGHTS,WV,3
26101,PARKERSBURG CARRIER ANNEX,WV,3
26102,SIMMONS,WV,3
26103,FORT NEAL,WV,3
26104,NORTH PARKERSBURG,WV,3
26105,GRAND CENTRAL MALL,WV,3
26133,BELLEVILLE,WV,3
26134,BELMONT,WV,3
26136,BIG BEND,WV,3
26137,BIG SPRINGS,WV,3
26138,GRANTSVILLE,WV,3
26141,GRANTSVILLE,WV,3
26142,DAVISVILLE,WV,3
26143,ELIZABETH,WV,3
26146,FRIENDLY,WV,3
26147,GRANTSVILLE,WV,3
26148,GRANTSVILLE,WV,3
26149,MIDDLEBOURNE,WV,3
26150,MINERAL WELLS,WV,3
26151,GRANTSVILLE,WV,3
26152,GRANTSVILLE,WV,3
26155,NEW MARTINSVILLE,WV,3
26159,PADEN CITY,WV,3
26160,ELIZABETH,WV,3
26161,CAIRO,WV,3
26162,NEW MARTINSVILLE,WV,3
26164,RAVENSWOOD,WV,3
26167,READER,WV,3
26169,MINERAL WELLS,WV,3
26170,SAINT MARYS,WV,3
26175,SISTERSVILLE,WV,3
26178,SMITHVILLE,WV,3
26180,PARKERSBURG CARRIER ANNEX,WV,3
26181,PARKERSBURG CARRIER ANNEX,WV,3
26184,WAVERLY,WV,3
26187,WILLIAMSTOWN,WV,3
26201,BUCKHANNON,WV,3
26202,FENWICK,WV,3
26203,ERBACON,WV,3
26205,CRAIGSVILLE,WV,3
26206,COWEN,WV,3
26208,COWEN,WV,3
26209,SNOWSHOE DPOBU,WV,3
26210,ADRIAN,WV,3
26215,WALKERSVILLE,WV,3
26217,DIANA,WV,3
26218,FRENCH CREEK,WV,3
26222,CPU HACKER VALLEY,WV,3
26224,HELVETIA,WV,3
26228,WALKERSVILLE,WV,3
26229,LORENTZ,WV,3
26230,PICKENS,WV,3
26234,WALKERSVILLE,WV,3
26236,WALKERSVILLE,WV,3
26237,BUCKHANNON,WV,3
26238,BUCKHANNON,WV,3
26241,ELKINS,WV,3
26250,BELINGTON,WV,3
26253,BEVERLY,WV,3
26254,BOWDEN,WV,3
26257,COALTON,WV,3
26259,DAILEY,WV,3
26260,DAVIS,WV,3
26261,RICHWOOD,WV,3
26263,DRYFORK,WV,3
26264,DURBIN,WV,3
26266,UPPERGLADE,WV,3
26267,BUCKHANNON,WV,3
26268,BOWDEN,WV,3
26269,HAMBLETON,WV,3
26270,HARMAN,WV,3
26271,HENDRICKS,WV,3
26273,HUTTONSVILLE,WV,3
26275,JUNIOR,WV,3
26276,KERENS,WV,3
26278,MABIE,WV,3
26280,MILL CREEK,WV,3
26282,VALLEY HEAD,WV,3
26283,MONTROSE,WV,3
26285,COALTON,WV,3
26287,PARSONS,WV,3
26288,WEBSTER SPRINGS,WV,3
26289,DAVIS,WV,3
26291,SLATYFORK,WV,3
26292,THOMAS,WV,3
26293,VALLEY BEND,WV,3
26294,VALLEY HEAD,WV,3
26296,HARMAN,WV,3
26298,BERGOO,WV,3
26301,CLARKSBURG,WV,3
26302,CLARKSBURG,WV,3
26320,ALMA,WV,3
26321,ALUM BRIDGE,WV,3
26323,ANMOORE,WV,3
26325,AUBURN,WV,3
26327,PULLMAN,WV,3
26330,BRIDGEPORT,WV,3
26335,BURNSVILLE,WV,3
26337,CAIRO,WV,3
26338,WESTON,WV,3
26339,WEST UNION,WV,3
26342,TROY,WV,3
26343,WALKERSVILLE,WV,3
26346,ELLENBORO,WV,3
26347,FLEMINGTON,WV,3
26348,FOLSOM,WV,3
26349,GALLOWAY,WV,3
26351,GLENVILLE,WV,3
26354,CPU STA #A,WV,3
26361,GYPSY,WV,3
26362,HARRISVILLE,WV,3
26366,LUMBERPORT,WV,3
26369,HEPZIBAH,WV,3
26372,HORNER,WV,3
26374,NEWBURG,WV,3
26376,IRELAND,WV,3
26377,JACKSONBURG,WV,3
26378,JANE LEW,WV,3
26384,BURNSVILLE,WV,3
26385,LOST CREEK,WV,3
26386,LUMBERPORT,WV,3
26404,MEADOWBROOK,WV,3
26405,MOATSVILLE,WV,3
26408,CLARKSBURG,WV,3
26410,NEWBURG,WV,3
26411,WEST UNION,WV,3
26412,GLENVILLE,WV,3
26415,PENNSBORO,WV,3
26416,PHILIPPI,WV,3
26419,PINE GROVE,WV,3
26421,PULLMAN,WV,3
26422,REYNOLDSVILLE,WV,3
26424,ROSEMONT,WV,3
26425,ROWLESBURG,WV,3
26426,SALEM,WV,3
26430,SAND FORK,WV,3
26431,SHINNSTON,WV,3
26434,WEST UNION,WV,3
26435,SIMPSON,WV,3
26436,SMITHBURG,WV,3
26437,SMITHFIELD,WV,3
26438,SPELTER,WV,3
26440,GRAFTON,WV,3
26443,TROY,WV,3
26444,NEWBURG,WV,3
26447,WALKERSVILLE,WV,3
26448,WALLACE,WV,3
26451,WEST MILFORD,WV,3
26452,WESTON,WV,3
26456,WEST UNION,WV,3
26463,WYATT,WV,3
26501,MORGANTOWN WV S&DC,WV,3
26504,STAR CITY,WV,3
26505,MORGANTOWN WV S&DC,WV,3
26506,MORGANTOWN WV S&DC,WV,3
26507,CPU MOUNTAINEER,WV,3
26508,MORGANTOWN WV S&DC,WV,3
26519,KINGWOOD,WV,3
26520,ARTHURDALE,WV,3
26521,BLACKSVILLE,WV,3
26524,REEDSVILLE,WV,3
26525,BRUCETON MILLS,WV,3
26527,CASSVILLE,WV,3
26531,DELLSLOW,WV,3
26534,GRANVILLE,WV,3
26537,KINGWOOD,WV,3
26541,MAIDSVILLE,WV,3
26542,MASONTOWN,WV,3
26543,MORGANTOWN WV S&DC,WV,3
26544,PENTRESS,WV,3
26546,MORGANTOWN WV S&DC,WV,3
26547,REEDSVILLE,WV,3
26554,FAIRMONT,WV,3
26555,CPU MONONGAH,WV,3
26559,BARRACKVILLE,WV,3
26560,RIVESVILLE,WV,3
26562,MANNINGTON,WV,3
26563,CAROLINA,WV,3
26566,COLFAX,WV,3
26568,ENTERPRISE,WV,3
26570,FAIRVIEW,WV,3
26571,FARMINGTON,WV,3
26572,FOUR STATES,WV,3
26574,GRANT TOWN,WV,3
26575,HUNDRED,WV,3
26576,IDAMAY,WV,3
26578,KINGMONT,WV,3
26581,LITTLETON,WV,3
26582,MANNINGTON,WV,3
26585,MANNINGTON,WV,3
26587,MANNINGTON,WV,3
26588,RIVESVILLE,WV,3
26590,MANNINGTON,WV,3
26591,WORTHINGTON,WV,3
26601,SUTTON,WV,3
26610,BIRCH RIVER,WV,3
26611,SUTTON,WV,3
26615,SUTTON,WV,3
26617,DILLE,WV,3
26619,SUTTON,WV,3
26621,FLATWOODS,WV,3
26623,FRAMETOWN,WV,3
26624,GASSAWAY,WV,3
26627,FLATWOODS,WV,3
26629,LITTLE BIRCH,WV,3
26631,GASSAWAY,WV,3
26636,ROSEDALE,WV,3
26638,ROSEDALE,WV,3
26651,SUMMERSVILLE,WV,3
26656,BELVA,WV,3
26660,CALVIN,WV,3
26662,CANVAS,WV,3
26667,DRENNEN,WV,3
26671,GILBOA,WV,3
26675,KESLERS CROSS LANES,WV,3
26676,LEIVASY,WV,3
26678,MOUNT LOOKOUT,WV,3
26679,MOUNT NEBO,WV,3
26680,NALLEN,WV,3
26681,NETTIE,WV,3
26684,MOUNT NEBO,WV,3
26690,GAULEY BRIDGE,WV,3
26691,SUMMERSVILLE,WV,3
26704,AUGUSTA,WV,3
26705,AURORA,WV,3
26707,BAYARD,WV,3
26710,BURLINGTON,WV,3
26711,CAPON BRIDGE,WV,3
26714,AUGUSTA,WV,3
26716,EGLON,WV,3
26717,ELK GARDEN,WV,3
26719,FORT ASHBY,WV,3
26720,GORMANIA,WV,3
26722,GREEN SPRING,WV,3
26726,KEYSER,WV,3
26731,BURLINGTON,WV,3
26739,MOUNT STORM,WV,3
26743,NEW CREEK,WV,3
26750,KEYSER,WV,3
26753,RIDGELEY,WV,3
26755,RIO,WV,3
26757,ROMNEY,WV,3
26761,AUGUSTA,WV,3
26763,GREEN SPRING,WV,3
26764,TERRA ALTA,WV,3
26767,RIDGELEY,WV,3
26801,BAKER,WV,3
26802,BRANDYWINE,WV,3
26804,CIRCLEVILLE,WV,3
26807,FRANKLIN,WV,3
26808,HIGH VIEW,WV,3
26810,LOST CITY,WV,3
26812,MATHIAS,WV,3
26814,RIVERTON,WV,3
26815,SUGAR GROVE,WV,3
26817,BLOOMERY,WV,3
26818,MOOREFIELD,WV,3
26823,CAPON SPRINGS,WV,3
26833,MAYSVILLE,WV,3
26836,MOOREFIELD,WV,3
26838,MOOREFIELD,WV,3
26845,OLD FIELDS,WV,3
26847,PETERSBURG,WV,3
26851,WARDENSVILLE,WV,3
26852,PURGITSVILLE,WV,3
26855,CABINS,WV,3
26865,YELLOW SPRING,WV,3
26866,FRANKLIN,WV,3
26884,SENECA ROCKS,WV,3
26886,ONEGO,WV,3
27006,ADVANCE,NC,3
27007,ARARAT,NC,3
27009,BELEWS CREEK,NC,3
27010,BETHANIA,NC,3
27011,BOONVILLE,NC,3
27012,CLEMMONS,NC,3
27013,CLEVELAND,NC,3
27014,COOLEEMEE,NC,3
27016,DANBURY,NC,3
27017,DOBSON,NC,3
27018,EAST BEND,NC,3
27019,GERMANTON,NC,3
27020,HAMPTONVILLE,NC,3
27021,KING,NC,3
27022,LAWSONVILLE,NC,3
27023,LEWISVILLE,NC,3
27024,LOWGAP,NC,3
27025,MADISON,NC,3
27027,MAYODAN,NC,3
27028,MOCKSVILLE,NC,3
27030,MOUNT AIRY,NC,3
27040,PFAFFTOWN,NC,3
27041,PILOT MOUNTAIN,NC,3
27042,BELEWS CREEK,NC,3
27043,PINNACLE,NC,3
27045,RURAL HALL,NC,3
27046,SANDY RIDGE,NC,3
27047,EAST BEND,NC,3
27048,STONEVILLE,NC,3
27049,TOAST,NC,3
27050,TOBACCOVILLE,NC,3
27051,WALKERTOWN,NC,3
27052,WALNUT COVE,NC,3
27053,WESTFIELD,NC,3
27054,WOODLEAF,NC,3
27055,YADKINVILLE,NC,3
27101,WINSTON SALEM NC SDC,NC,3
27102,WINSTON SALEM NC SDC,NC,3
27103,MANOR,NC,3
27104,MANOR,NC,3
27105,WINSTON SALEM NC SDC,NC,3
27106,NORTH POINT,NC,3
27107,WAUGHTOWN,NC,3
27113,CENTER CITY,NC,3
27114,MANOR,NC,3
27115,WINSTON SALEM NC SDC,NC,3
27116,NORTH POINT,NC,3
27117,WAUGHTOWN,NC,3
27120,CENTER CITY,NC,3
27127,WAUGHTOWN,NC,3
27130,HANES MALL,NC,3
27201,ALAMANCE,NC,3
27202,GIBSONVILLE,NC,3
27203,ASHEBORO,NC,3
27204,ASHEBORO,NC,3
27205,ASHEBORO,NC,3
27207,BEAR CREEK,NC,3
27208,BENNETT,NC,3
27209,BISCOE,NC,3
27212,YANCEYVILLE,NC,3
27213,BONLEE,NC,3
27214,BROWNS SUMMIT,NC,3
27215,BURLINGTON,NC,3
27216,BURLINGTON,NC,3
27217,BURLINGTON,NC,3
27228,BYNUM,NC,3
27229,CANDOR,NC,3
27230,CEDAR FALLS,NC,3
27231,CEDAR GROVE,NC,3
27233,CLIMAX,NC,3
27235,COLFAX,NC,3
27239,DENTON,NC,3
27242,CANDOR,NC,3
27243,EFLAND,NC,3
27244,ELON,NC,3
27247,ETHER,NC,3
27248,FRANKLINVILLE,NC,3
27249,GIBSONVILLE,NC,3
27252,GOLDSTON,NC,3
27253,GRAHAM,NC,3
27256,GULF,NC,3
27258,HAW RIVER,NC,3
27259,HIGHFALLS,NC,3
27260,HIGH POINT NC S&DC,NC,3
27261,HIGH POINT NC S&DC,NC,3
27262,EMERYWOOD,NC,3
27263,ARCHDALE,NC,3
27264,ARCHDALE,NC,3
27265,HIGH POINT NC S&DC,NC,3
27278,HILLSBOROUGH,NC,3
27281,JACKSON SPRINGS,NC,3
27282,JAMESTOWN,NC,3
27283,JULIAN,NC,3
27284,KERNERSVILLE,NC,3
27285,KERNERSVILLE,NC,3
27288,EDEN,NC,3
27289,EDEN,NC,3
27291,LEASBURG,NC,3
27292,LEXINGTON,NC,3
27293,LEXINGTON,NC,3
27295,LEXINGTON,NC,3
27298,LIBERTY,NC,3
27299,LINWOOD,NC,3
27301,MC LEANSVILLE,NC,3
27302,MEBANE,NC,3
27305,MILTON,NC,3
27306,MOUNT GILEAD,NC,3
27310,OAK RIDGE,NC,3
27311,PELHAM,NC,3
27312,PITTSBORO,NC,3
27313,PLEASANT GARDEN,NC,3
27314,PROSPECT HILL,NC,3
27315,PELHAM,NC,3
27316,ASHEBORO,NC,3
27317,RANDLEMAN,NC,3
27320,REIDSVILLE,NC,3
27323,REIDSVILLE,NC,3
27325,ROBBINS,NC,3
27326,PELHAM,NC,3
27330,SANFORD,NC,3
27331,SANFORD,NC,3
27332,SANFORD,NC,3
27340,SAXAPAHAW,NC,3
27341,ROBBINS,NC,3
27342,SEDALIA,NC,3
27343,SEMORA,NC,3
27344,SILER CITY,NC,3
27349,SNOW CAMP,NC,3
27350,RANDLEMAN,NC,3
27351,SOUTHMONT,NC,3
27355,LIBERTY,NC,3
27356,STAR,NC,3
27357,STOKESDALE,NC,3
27358,SUMMERFIELD,NC,3
27359,GRAHAM,NC,3
27360,THOMASVILLE,NC,3
27361,THOMASVILLE,NC,3
27370,TRINITY,NC,3
27371,TROY,NC,3
27373,WALLBURG,NC,3
27374,WELCOME,NC,3
27375,WENTWORTH,NC,3
27376,WEST END,NC,3
27377,WHITSETT,NC,3
27379,YANCEYVILLE,NC,3
27401,GREENSBORO,NC,3
27402,GREENSBORO,NC,3
27403,GREENSBORO,NC,3
27404,FRIENDLY,NC,3
27405,SUMMIT,NC,3
27406,SPRING VALLEY,NC,3
27407,WESTSIDE ANNEX,NC,3
27408,GREENSBORO,NC,3
27409,PLEASANT RIDGE ANNEX,NC,3
27410,WESTSIDE ANNEX,NC,3
27415,SUMMIT,NC,3
27416,SPRING VALLEY,NC,3
27417,HILLTOP FINANCE,NC,3
27419,GUILFORD,NC,3
27420,GREENSBORO,NC,3
27425,GUILFORD,NC,3
27427,FOUR SEASONS,NC,3
27429,GREENSBORO,NC,3
27435,GREENSBORO,NC,3
27438,BATTLEGROUND,NC,3
27455,GREENSBORO,NC,3
27501,ANGIER,NC,3
27502,APEX,NC,3
27503,BAHAMA,NC,3
27504,BENSON,NC,3
27505,BROADWAY,NC,3
27506,BUIES CREEK,NC,3
27507,BULLOCK,NC,3
27508,BUNN,NC,3
27509,BUTNER,NC,3
27510,CARRBORO,NC,3
27511,CARY NC SDC,NC,3
27512,CARY NC SDC,NC,3
27513,CARY NC SDC,NC,3
27514,CHAPEL HILL,NC,3
27515,CHAPEL HILL,NC,3
27516,CARRBORO,NC,3
27517,CHAPEL HILL,NC,3
27518,CARY NC SDC,NC,3
27519,ACADEMY ST,NC,3
27520,CLAYTON,NC,3
27521,COATS,NC,3
27522,CREEDMOOR,NC,3
27523,APEX,NC,3
27524,FOUR OAKS,NC,3
27525,FRANKLINTON,NC,3
27526,FUQUAY VARINA,NC,3
27527,CLAYTON,NC,3
27528,CLAYTON,NC,3
27529,GARNER,NC,3
27530,GOLDSBORO,NC,3
27532,BERKELEY,NC,3
27533,GOLDSBORO,NC,3
27534,BERKELEY,NC,3
27536,HENDERSON,NC,3
27537,HENDERSON,NC,3
27539,APEX ANNEX,NC,3
27540,FUQUAY VARINA,NC,3
27541,HURDLE MILLS,NC,3
27542,KENLY,NC,3
27543,KIPLING,NC,3
27544,KITTRELL,NC,3
27545,KNIGHTDALE,NC,3
27546,LILLINGTON,NC,3
27549,LOUISBURG,NC,3
27551,MACON,NC,3
27552,MAMERS,NC,3
27553,MANSON,NC,3
27555,MICRO,NC,3
27556,MIDDLEBURG,NC,3
27557,MIDDLESEX,NC,3
27559,MONCURE,NC,3
27560,MORRISVILLE,NC,3
27562,NEW HILL,NC,3
27563,NORLINA,NC,3
27565,OXFORD,NC,3
27568,PINE LEVEL,NC,3
27569,PRINCETON,NC,3
27570,RIDGEWAY,NC,3
27571,ROLESVILLE,NC,3
27572,ROUGEMONT,NC,3
27573,ROXBORO,NC,3
27574,ROXBORO,NC,3
27576,SELMA,NC,3
27577,SMITHFIELD,NC,3
27581,STEM,NC,3
27582,STOVALL,NC,3
27583,TIMBERLAKE,NC,3
27584,TOWNSVILLE,NC,3
27586,MACON,NC,3
27587,WAKE FOREST,NC,3
27588,WAKE FOREST,NC,3
27589,WARRENTON,NC,3
27591,WENDELL,NC,3
27592,WILLOW SPRING,NC,3
27593,WILSONS MILLS,NC,3
27594,WISE,NC,3
27596,YOUNGSVILLE,NC,3
27597,ZEBULON,NC,3
27601,SUNNYBROOK,NC,3
27602,CENTURY,NC,3
27603,AVENT FERRY RALEIGH,NC,3
27604,BRENTWOOD,NC,3
27605,CAPITOL,NC,3
27606,AVENT FERRY RALEIGH,NC,3
27607,AVENT FERRY RALEIGH,NC,3
27608,CAPITOL,NC,3
27609,NORTH RIDGE,NC,3
27610,SUNNYBROOK,NC,3
27611,CAPITOL,NC,3
27612,HILBURN ANNEX,NC,3
27613,HILBURN ANNEX,NC,3
27614,NORTH RIDGE,NC,3
27615,NORTH RIDGE,NC,3
27616,BRENTWOOD,NC,3
27617,WESTGATE,NC,3
27619,NORTH HILLS,NC,3
27620,SUNNYBROOK,NC,3
27622,NORTH HILLS,NC,3
27623,WESTGATE,NC,3
27624,NORTH RIDGE,NC,3
27626,CAPITOL,NC,3
27627,AVENT FERRY RALEIGH,NC,3
27628,FIVE POINTS,NC,3
27629,BRENTWOOD,NC,3
27636,METHOD,NC,3
27650,OBERLIN VILLAGE,NC,3
27658,MILLBROOK,NC,3
27661,NEUSE,NC,3
27675,WESTGATE,NC,3
27701,EAST DURHAM,NC,3
27702,DURHAM,NC,3
27703,EAST DURHAM,NC,3
27704,ENO VALLEY,NC,3
27705,WEST DURHAM,NC,3
27707,CPU SHEPARD STATION,NC,3
27709,RESEARCH TRIANGLE PARK,NC,3
27712,ENO VALLEY,NC,3
27713,RESEARCH TRIANGLE PARK,NC,3
27715,WEST DURHAM,NC,3
27717,SHANNON PLAZA,NC,3
27722,ENO VALLEY,NC,3
27801,ROCKY MOUNT ANNEX,NC,3
27802,ROCKY MOUNT,NC,3
27803,ROCKY MOUNT,NC,3
27804,ROCKY MOUNT ANNEX,NC,3
27805,AULANDER,NC,3
27806,AURORA,NC,3
27807,BAILEY,NC,3
27808,BATH,NC,3
27809,BATTLEBORO,NC,3
27810,BELHAVEN,NC,3
27811,BELLARTHUR,NC,3
27812,BETHEL,NC,3
27813,BLACK CREEK,NC,3
27814,BLOUNTS CREEK,NC,3
27816,CASTALIA,NC,3
27817,CHOCOWINITY,NC,3
27818,COMO,NC,3
27819,CONETOE,NC,3
27820,CONWAY,NC,3
27821,AURORA,NC,3
27822,ELM CITY,NC,3
27823,ENFIELD,NC,3
27824,ENGELHARD,NC,3
27825,EVERETTS,NC,3
27826,ENGELHARD,NC,3
27827,FALKLAND,NC,3
27828,FARMVILLE,NC,3
27829,FARMVILLE,NC,3
27830,FREMONT,NC,3
27831,GARYSBURG,NC,3
27832,GASTON,NC,3
27833,SOUTH MEMORIAL,NC,3
27834,SOUTH MEMORIAL,NC,3
27835,GREENVILLE,NC,3
27836,ECU STATION,NC,3
27837,GRIMESLAND,NC,3
27839,HALIFAX,NC,3
27840,HAMILTON,NC,3
27841,HASSELL,NC,3
27842,HENRICO,NC,3
27843,HOBGOOD,NC,3
27844,HOLLISTER,NC,3
27845,JACKSON,NC,3
27846,JAMESVILLE,NC,3
27847,KELFORD,NC,3
27849,LEWISTON WOODVILLE,NC,3
27850,LITTLETON,NC,3
27851,LUCAMA,NC,3
27852,MACCLESFIELD,NC,3
27853,JACKSON,NC,3
27855,MURFREESBORO,NC,3
27856,NASHVILLE,NC,3
27857,OAK CITY,NC,3
27858,GREENVILLE,NC,3
27860,BELHAVEN,NC,3
27861,PARMELE,NC,3
27862,PENDLETON,NC,3
27863,PIKEVILLE,NC,3
27864,PINETOPS,NC,3
27865,PINETOWN,NC,3
27866,JACKSON,NC,3
27867,POTECASI,NC,3
27868,RED OAK,NC,3
27869,RICH SQUARE,NC,3
27870,ROANOKE RAPIDS,NC,3
27871,ROBERSONVILLE,NC,3
27872,ROXOBEL,NC,3
27873,SARATOGA,NC,3
27874,SCOTLAND NECK,NC,3
27875,ENGELHARD,NC,3
27876,JACKSON,NC,3
27877,SEVERN,NC,3
27878,SHARPSBURG,NC,3
27879,SIMPSON,NC,3
27880,BAILEY,NC,3
27881,SPEED,NC,3
27882,SPRING HOPE,NC,3
27883,STANTONSBURG,NC,3
27884,STOKES,NC,3
27885,ENGELHARD,NC,3
27886,TARBORO,NC,3
27887,TILLERY,NC,3
27888,WALSTONBURG,NC,3
27889,WASHINGTON,NC,3
27890,ROANOKE RAPIDS,NC,3
27891,WHITAKERS,NC,3
27892,WILLIAMSTON,NC,3
27893,CPU BRENTWOOD BUNN ASSOC.,NC,3
27894,WILSON,NC,3
27895,PARKWOOD,NC,3
27896,WILSON,NC,3
27897,RICH SQUARE,NC,3
27906,ELIZABETH CITY,NC,3
27907,ELIZABETH CITY,NC,3
27909,ELIZABETH CITY,NC,3
27910,AHOSKIE,NC,3
27915,AVON,NC,3
27916,AYDLETT,NC,3
27917,BARCO,NC,3
27919,BELVIDERE,NC,3
27920,BUXTON,NC,3
27921,CAMDEN,NC,3
27922,COFIELD,NC,3
27923,COINJOCK,NC,3
27924,COLERAIN,NC,3
27925,COLUMBIA,NC,3
27926,CORAPEAKE,NC,3
27927,COROLLA,NC,3
27928,CRESWELL,NC,3
27929,BARCO,NC,3
27932,EDENTON,NC,3
27935,EURE,NC,3
27936,FRISCO,NC,3
27937,GATES,NC,3
27938,GATESVILLE,NC,3
27939,GRANDY,NC,3
27941,HARBINGER,NC,3
27942,HARRELLSVILLE,NC,3
27943,HATTERAS,NC,3
27944,HERTFORD,NC,3
27946,HERTFORD,NC,3
27947,JARVISBURG,NC,3
27948,KILL DEVIL HILLS,NC,3
27949,CPU DUCK,NC,3
27950,KNOTTS ISLAND,NC,3
27953,MANNS HARBOR,NC,3
27954,MANTEO,NC,3
27956,MAPLE,NC,3
27957,MERRY HILL,NC,3
27958,MOYOCK,NC,3
27959,NAGS HEAD,NC,3
27960,OCRACOKE,NC,3
27962,PLYMOUTH,NC,3
27964,KITTY HAWK,NC,3
27965,GRANDY,NC,3
27966,GRANDY,NC,3
27967,POWELLSVILLE,NC,3
27968,RODANTHE,NC,3
27969,RODUCO,NC,3
27970,CRESWELL,NC,3
27972,RODANTHE,NC,3
27973,CAMDEN,NC,3
27974,CAMDEN,NC,3
27976,SOUTH MILLS,NC,3
27978,MANNS HARBOR,NC,3
27979,SUNBURY,NC,3
27980,HERTFORD,NC,3
27981,WANCHESE,NC,3
27982,RODANTHE,NC,3
27983,WINDSOR,NC,3
27985,WINFALL,NC,3
27986,WINTON,NC,3
28001,ALBEMARLE,NC,3
28002,ALBEMARLE,NC,3
28006,ALEXIS,NC,3
28007,ANSONVILLE,NC,3
28009,BADIN,NC,3
28010,NORTH LAKE,NC,3
28012,BELMONT,NC,3
28016,BESSEMER CITY,NC,3
28017,BOILING SPRINGS,NC,3
28018,BOSTIC,NC,3
28019,CAROLEEN,NC,3
28020,CASAR,NC,3
28021,CHERRYVILLE,NC,3
28023,CHINA GROVE,NC,3
28024,CLIFFSIDE,NC,3
28025,CONCORD,NC,3
28026,CONCORD,NC,3
28027,CONCORD PKWY,NC,3
28031,CORNELIUS,NC,3
28032,BELMONT,NC,3
28033,CROUSE,NC,3
28034,DALLAS,NC,3
28036,DAVIDSON,NC,3
28037,DENVER,NC,3
28038,EARL,NC,3
28039,EAST SPENCER,NC,3
28040,ELLENBORO,NC,3
28041,FAITH,NC,3
28042,FALLSTON,NC,3
28043,FOREST CITY,NC,3
28052,GASTONIA,NC,3
28053,GASTONIA,NC,3
28054,NEW HOPE,NC,3
28055,NEW HOPE,NC,3
28056,NEW HOPE,NC,3
28070,HUNTERSVILLE,NC,3
28071,GOLD HILL,NC,3
28072,GRANITE QUARRY,NC,3
28073,GROVER,NC,3
28074,HARRIS,NC,3
28075,HARRISBURG,NC,3
28076,HENRIETTA,NC,3
28077,HIGH SHOALS,NC,3
28078,HUNTERSVILLE,NC,3
28079,INDIAN TRAIL,NC,3
28080,IRON STATION,NC,3
28081,KANNAPOLIS,NC,3
28082,KANNAPOLIS,NC,3
28083,KANNAPOLIS,NC,3
28086,KINGS MOUNTAIN,NC,3
28088,LANDIS,NC,3
28089,LATTIMORE,NC,3
28090,LAWNDALE,NC,3
28091,LILESVILLE,NC,3
28092,LINCOLNTON,NC,3
28093,LINCOLNTON,NC,3
28097,LOCUST,NC,3
28098,LOWELL,NC,3
28101,MC ADENVILLE,NC,3
28102,MC FARLAN,NC,3
28103,MARSHVILLE,NC,3
28104,MATTHEWS,NC,3
28105,MATTHEWS,NC,3
28106,MATTHEWS,NC,3
28107,MIDLAND,NC,3
28108,MINERAL SPRINGS,NC,3
28109,MISENHEIMER,NC,3
28110,MONROE ANNEX,NC,3
28111,MONROE,NC,3
28112,MONROE ANNEX,NC,3
28114,MOORESBORO,NC,3
28115,MOORESVILLE,NC,3
28117,NORTH LAKE,NC,3
28119,MORVEN,NC,3
28120,MOUNT HOLLY,NC,3
28123,MOUNT MOURNE,NC,3
28124,MOUNT PLEASANT,NC,3
28125,MOORESVILLE,NC,3
28126,NEWELL,NC,3
28127,NEW LONDON,NC,3
28128,NORWOOD,NC,3
28129,OAKBORO,NC,3
28130,PAW CREEK,NC,3
28133,PEACHLAND,NC,3
28134,PINEVILLE,NC,3
28135,POLKTON,NC,3
28136,POLKVILLE,NC,3
28137,RICHFIELD,NC,3
28138,ROCKWELL,NC,3
28139,RUTHERFORDTON,NC,3
28144,SALISBURY,NC,3
28145,SALISBURY,NC,3
28146,SALISBURY,NC,3
28147,SALISBURY,NC,3
28150,SHELBY,NC,3
28151,SHELBY,NC,3
28152,SHELBY,NC,3
28159,SPENCER,NC,3
28160,RUTHERFORDTON,NC,3
28163,STANFIELD,NC,3
28164,MOUNT HOLLY,NC,3
28166,TROUTMAN,NC,3
28167,RUTHERFORDTON,NC,3
28168,VALE,NC,3
28169,WACO,NC,3
28170,WADESBORO,NC,3
28173,WAXHAW,NC,3
28174,WINGATE,NC,3
28201,CHARLOTTE NC LPC,NC,3
28202,CPU TWO WACHOVIA CENTER,NC,3
28203,DOWNTOWN CHARLOTTE,NC,3
28204,DOWNTOWN CHARLOTTE,NC,3
28205,INDEPENDENCE ANNEX,NC,3
28206,30TH STREET,NC,3
28207,INDEPENDENCE ANNEX,NC,3
28208,CHARLOTTE NC WESTSIDE SDC,NC,3
28209,MINUET ANNEX,NC,3
28210,MINUET ANNEX,NC,3
28211,INDEPENDENCE ANNEX,NC,3
28212,IDLEWILD,NC,3
28213,NORTH TRYON,NC,3
28214,CHARLOTTE NC WESTSIDE SDC,NC,3
28215,PLAZA CHARLOTTE,NC,3
28216,OAKDALE,NC,3
28217,CHARLOTTE NC WESTSIDE SDC,NC,3
28218,MIDWOOD,NC,3
28219,AIRPORT,NC,3
28220,PARK ROAD,NC,3
28221,DERITA,NC,3
28222,RANDOLPH,NC,3
28224,STARMOUNT,NC,3
28226,BALLANTYNE,NC,3
28227,MINT HILL,NC,3
28229,IDLEWILD,NC,3
28230,DOWNTOWN CHARLOTTE,NC,3
28231,DOWNTOWN CHARLOTTE,NC,3
28232,DOWNTOWN CHARLOTTE,NC,3
28233,DOWNTOWN CHARLOTTE,NC,3
28234,DOWNTOWN CHARLOTTE,NC,3
28235,DOWNTOWN CHARLOTTE,NC,3
28236,DOWNTOWN CHARLOTTE,NC,3
28237,DOWNTOWN CHARLOTTE,NC,3
28241,STEELE CREEK,NC,3
28247,CARMEL ROAD,NC,3
28256,NORTH TRYON,NC,3
28262,NORTHEAST,NC,3
28266,FREEDOM,NC,3
28269,WT HARRIS,NC,3
28270,BALLANTYNE CARRIERS,NC,3
28271,SOUTH PROVIDENCE NEW,NC,3
28272,CHARLOTTE NC LPC,NC,3
28273,STEELE CREEK,NC,3
28277,BALLANTYNE,NC,3
28278,STEELE CREEK,NC,3
28297,JIM RICHARDSON,NC,3
28299,MIDWOOD,NC,3
28301,CPU EAST FAYETTEVILLE,NC,3
28302,FAYETTEVILLE,NC,3
28303,EUTAW,NC,3
28304,HIGHLAND,NC,3
28305,HAYMOUNT,NC,3
28306,LAKEDALE,NC,3
28307,FORT BRAGG,NC,3
28309,LAFAYETTE,NC,3
28311,TOKAY ANNEX,NC,3
28312,TOKAY ANNEX,NC,3
28314,CLIFFDALE,NC,3
28315,ABERDEEN,NC,3
28318,AUTRYVILLE,NC,3
28320,BLADENBORO,NC,3
28323,BUNNLEVEL,NC,3
28325,CALYPSO,NC,3
28326,CAMERON,NC,3
28327,CARTHAGE,NC,3
28328,CLINTON,NC,3
28329,CLINTON,NC,3
28330,CORDOVA,NC,3
28331,CUMBERLAND,NC,3
28332,DUBLIN,NC,3
28333,DUDLEY,NC,3
28334,DUNN,NC,3
28335,DUNN,NC,3
28337,ELIZABETHTOWN,NC,3
28338,ELLERBE,NC,3
28339,DUNN,NC,3
28340,FAIRMONT,NC,3
28341,FAISON,NC,3
28342,FALCON,NC,3
28343,GIBSON,NC,3
28344,DUNN,NC,3
28345,HAMLET,NC,3
28347,HOFFMAN,NC,3
28348,HOPE MILLS,NC,3
28349,KENANSVILLE,NC,3
28350,LAKEVIEW,NC,3
28351,LAUREL HILL,NC,3
28352,LAURINBURG,NC,3
28353,LAURINBURG,NC,3
28355,LEMON SPRINGS,NC,3
28356,LINDEN,NC,3
28357,HOPE MILLS,NC,3
28358,LUMBERTON,NC,3
28359,LUMBERTON,NC,3
28360,LUMBERTON,NC,3
28362,MARIETTA,NC,3
28363,HOFFMAN,NC,3
28364,MAXTON,NC,3
28365,MOUNT OLIVE,NC,3
28366,NEWTON GROVE,NC,3
28367,NORMAN,NC,3
28368,OLIVIA,NC,3
28369,FAIRMONT,NC,3
28370,PINEHURST,NC,3
28371,HOPE MILLS,NC,3
28372,PEMBROKE,NC,3
28373,PINEBLUFF,NC,3
28374,PINEHURST,NC,3
28375,PROCTORVILLE,NC,3
28376,RAEFORD,NC,3
28377,RED SPRINGS,NC,3
28378,REX,NC,3
28379,ROCKINGHAM,NC,3
28380,ROCKINGHAM,NC,3
28382,ROSEBORO,NC,3
28383,ROWLAND,NC,3
28384,SAINT PAULS,NC,3
28385,SALEMBURG,NC,3
28386,RED SPRINGS,NC,3
28387,SOUTHERN PINES,NC,3
28388,SOUTHERN PINES,NC,3
28390,SPRING LAKE,NC,3
28391,STEDMAN,NC,3
28392,SAINT PAULS,NC,3
28393,TURKEY,NC,3
28394,VASS,NC,3
28395,WADE,NC,3
28396,WAGRAM,NC,3
28398,WARSAW,NC,3
28399,ELIZABETHTOWN,NC,3
28401,WILMINGTON,NC,3
28402,WILMINGTON,NC,3
28403,AZALEA,NC,3
28404,MAGNOLIA,NC,3
28405,DOGWOOD,NC,3
28406,AZALEA,NC,3
28408,MYRTLE GROVE,NC,3
28409,MYRTLE GROVE,NC,3
28411,MAGNOLIA,NC,3
28412,MYRTLE GROVE,NC,3
28420,ASH,NC,3
28421,ATKINSON,NC,3
28422,BOLIVIA,NC,3
28423,BOLTON,NC,3
28424,BRUNSWICK,NC,3
28425,BURGAW,NC,3
28428,CAROLINA BEACH,NC,3
28429,CASTLE HAYNE,NC,3
28430,CERRO GORDO,NC,3
28431,CHADBOURN,NC,3
28432,CLARENDON,NC,3
28433,CLARKTON,NC,3
28434,COUNCIL,NC,3
28435,CURRIE,NC,3
28436,DELCO,NC,3
28438,EVERGREEN,NC,3
28439,FAIR BLUFF,NC,3
28441,GARLAND,NC,3
28442,HALLSBORO,NC,3
28443,HAMPSTEAD,NC,3
28444,HARRELLS,NC,3
28445,CPU TOPSAIL BEACH,NC,3
28447,IVANHOE,NC,3
28448,KELLY,NC,3
28449,KURE BEACH,NC,3
28450,LAKE WACCAMAW,NC,3
28451,LELAND,NC,3
28452,LONGWOOD,NC,3
28453,MAGNOLIA,NC,3
28454,BURGAW,NC,3
28455,NAKINA,NC,3
28456,RIEGELWOOD,NC,3
28457,ROCKY POINT,NC,3
28458,ROSE HILL,NC,3
28459,SHALLOTTE,NC,3
28460,SNEADS FERRY,NC,3
28461,CPU BALD HEAD ISLAND,NC,3
28462,SUPPLY,NC,3
28463,TABOR CITY,NC,3
28464,TEACHEY,NC,3
28465,CPU OAK ISLAND,NC,3
28466,WALLACE,NC,3
28467,SOUTH BRUNSWICK,NC,3
28468,SOUTH BRUNSWICK,NC,3
28469,SOUTH BRUNSWICK,NC,3
28470,SHALLOTTE,NC,3
28472,WHITEVILLE,NC,3
28478,WILLARD,NC,3
28479,WINNABOW,NC,3
28480,WRIGHTSVILLE BEACH,NC,3
28501,KINSTON,NC,3
28502,KINSTON,NC,3
28503,PLAZA KINSTON,NC,3
28504,KINSTON,NC,3
28508,ALBERTSON,NC,3
28509,ALLIANCE,NC,3
28510,ARAPAHOE,NC,3
28511,ATLANTIC,NC,3
28512,ATLANTIC BEACH,NC,3
28513,AYDEN,NC,3
28515,BAYBORO,NC,3
28516,BEAUFORT,NC,3
28518,BEULAVILLE,NC,3
28519,BRIDGETON,NC,3
28520,CEDAR ISLAND,NC,3
28521,BEULAVILLE,NC,3
28522,COMFORT,NC,3
28523,COVE CITY,NC,3
28524,DAVIS,NC,3
28525,DEEP RUN,NC,3
28526,DOVER,NC,3
28527,ERNUL,NC,3
28528,GLOUCESTER,NC,3
28529,GRANTSBORO,NC,3
28530,GRIFTON,NC,3
28531,HARKERS ISLAND,NC,3
28532,CHERRY POINT,NC,3
28537,HOBUCKEN,NC,3
28538,HOOKERTON,NC,3
28539,HUBERT,NC,3
28540,JACKSONVILLE,NC,3
28541,JACKSONVILLE,NC,3
28543,JACKSONVILLE,NC,3
28544,BRYNN MARR,NC,3
28546,BRYNN MARR,NC,3
28547,BRYNN MARR,NC,3
28551,LA GRANGE,NC,3
28552,HOBUCKEN,NC,3
28553,HARKERS ISLAND,NC,3
28554,MAURY,NC,3
28555,MAYSVILLE,NC,3
28556,MERRITT,NC,3
28557,MOREHEAD CITY,NC,3
28560,NEW BERN,NC,3
28561,NEW BERN,NC,3
28562,NEW BERN,NC,3
28563,DOWNTOWN NEW BERN,NC,3
28564,NEUSE FOREST,NC,3
28570,NEWPORT,NC,3
28571,ORIENTAL,NC,3
28572,PINK HILL,NC,3
28573,POLLOCKSVILLE,NC,3
28574,RICHLANDS,NC,3
28575,ATLANTIC BEACH,NC,3
28577,SEALEVEL,NC,3
28578,LA GRANGE,NC,3
28579,SMYRNA,NC,3
28580,SNOW HILL,NC,3
28581,SEALEVEL,NC,3
28582,SWANSBORO,NC,3
28583,STONEWALL,NC,3
28584,SWANSBORO,NC,3
28585,TRENTON,NC,3
28586,VANCEBORO,NC,3
28587,BAYBORO,NC,3
28589,SMYRNA,NC,3
28590,WINTERVILLE,NC,3
28594,EMERALD ISLE,NC,3
28601,HICKORY,NC,3
28602,HICKORY,NC,3
28603,CPU BETHLEHEM REALTY,NC,3
28604,BANNER ELK,NC,3
28605,BLOWING ROCK,NC,3
28606,BOOMER,NC,3
28607,BOONE,NC,3
28609,CATAWBA,NC,3
28610,CLAREMONT,NC,3
28611,COLLETTSVILLE,NC,3
28612,CONNELLY SPRINGS,NC,3
28613,CONOVER,NC,3
28615,CRESTON,NC,3
28616,CROSSNORE,NC,3
28617,CRUMPLER,NC,3
28618,DEEP GAP,NC,3
28619,DREXEL,NC,3
28621,ELKIN,NC,3
28622,ELK PARK,NC,3
28623,ENNICE,NC,3
28624,FERGUSON,NC,3
28625,STATESVILLE,NC,3
28626,BOONE,NC,3
28627,GLADE VALLEY,NC,3
28628,GLEN ALPINE,NC,3
28629,GLENDALE SPRINGS,NC,3
28630,GRANITE FALLS,NC,3
28631,GRASSY CREEK,NC,3
28634,HARMONY,NC,3
28635,HAYS,NC,3
28636,HIDDENITE,NC,3
28637,HILDEBRAN,NC,3
28638,HUDSON,NC,3
28640,JEFFERSON,NC,3
28641,JONAS RIDGE,NC,3
28642,JONESVILLE,NC,3
28643,LANSING,NC,3
28644,LAUREL SPRINGS,NC,3
28645,LENOIR,NC,3
28646,LINVILLE,NC,3
28647,LINVILLE FALLS,NC,3
28649,MC GRADY,NC,3
28650,MAIDEN,NC,3
28651,MILLERS CREEK,NC,3
28652,MINNEAPOLIS,NC,3
28653,MONTEZUMA,NC,3
28654,MORAVIAN FALLS,NC,3
28655,MORGANTON,NC,3
28657,NEWLAND,NC,3
28658,NEWTON,NC,3
28659,NORTH WILKESBORO,NC,3
28660,HARMONY,NC,3
28661,PATTERSON,NC,3
28662,PINEOLA,NC,3
28663,PINEY CREEK,NC,3
28664,PLUMTREE,NC,3
28665,PURLEAR,NC,3
28666,ICARD,NC,3
28667,RHODHISS,NC,3
28668,HAYS,NC,3
28669,ROARING RIVER,NC,3
28670,RONDA,NC,3
28671,RUTHERFORD COLLEGE,NC,3
28672,SPARTA,NC,3
28673,SHERRILLS FORD,NC,3
28675,SPARTA,NC,3
28676,STATE ROAD,NC,3
28677,STATESVILLE,NC,3
28678,STONY POINT,NC,3
28679,SUGAR GROVE CARRIERS,NC,3
28680,MORGANTON,NC,3
28681,TAYLORSVILLE,NC,3
28682,SHERRILLS FORD,NC,3
28683,STATE ROAD,NC,3
28684,BOONE,NC,3
28685,HAYS,NC,3
28687,CPU DOWNTOWN POSTAL UNIT,NC,3
28688,TURNERSBURG,NC,3
28689,HARMONY,NC,3
28690,VALDESE,NC,3
28691,VALLE CRUCIS,NC,3
28692,VILAS,NC,3
28693,LANSING,NC,3
28694,WEST JEFFERSON,NC,3
28697,WILKESBORO,NC,3
28698,ZIONVILLE,NC,3
28699,SCOTTS,NC,3
28701,ALEXANDER,NC,3
28702,ALMOND,NC,3
28704,ARDEN,NC,3
28705,BAKERSVILLE,NC,3
28707,BALSAM,NC,3
28708,BALSAM GROVE,NC,3
28709,BARNARDSVILLE,NC,3
28710,BAT CAVE,NC,3
28711,BLACK MOUNTAIN,NC,3
28712,BREVARD,NC,3
28713,BRYSON CITY,NC,3
28714,BURNSVILLE,NC,3
28715,CANDLER,NC,3
28716,CANTON,NC,3
28717,CASHIERS,NC,3
28718,CEDAR MOUNTAIN,NC,3
28719,CHEROKEE,NC,3
28720,LAKE LURE,NC,3
28721,CLYDE,NC,3
28722,COLUMBUS,NC,3
28723,CULLOWHEE,NC,3
28724,DANA,NC,3
28725,DILLSBORO,NC,3
28726,EAST FLAT ROCK,NC,3
28727,EDNEYVILLE,NC,3
28728,ENKA,NC,3
28729,ETOWAH,NC,3
28730,FAIRVIEW,NC,3
28731,EAST FLAT ROCK,NC,3
28732,FLETCHER,NC,3
28733,FONTANA DAM,NC,3
28734,FRANKLIN,NC,3
28735,FAIRVIEW,NC,3
28736,GLENVILLE,NC,3
28737,MARION,NC,3
28738,HAZELWOOD,NC,3
28739,HENDERSONVILLE ANNEX,NC,3
28740,BURNSVILLE,NC,3
28741,HIGHLANDS,NC,3
28742,HORSE SHOE,NC,3
28743,HOT SPRINGS,NC,3
28744,FRANKLIN,NC,3
28745,LAKE JUNALUSKA,NC,3
28746,LAKE LURE,NC,3
28747,LAKE TOXAWAY,NC,3
28748,LEICESTER,NC,3
28749,LITTLE SWITZERLAND,NC,3
28750,LYNN,NC,3
28751,MAGGIE VALLEY,NC,3
28752,MARION,NC,3
28753,MARSHALL CARRIERS,NC,3
28754,MARS HILL,NC,3
28755,BURNSVILLE,NC,3
28756,COLUMBUS,NC,3
28757,MONTREAT,NC,3
28758,MOUNTAIN HOME,NC,3
28759,HORSE SHOE,NC,3
28760,NAPLES,NC,3
28761,NEBO,NC,3
28762,OLD FORT,NC,3
28763,OTTO,NC,3
28765,PENLAND,NC,3
28766,PENROSE,NC,3
28768,BREVARD,NC,3
28770,RIDGECREST,NC,3
28771,ROBBINSVILLE,NC,3
28772,ROSMAN,NC,3
28773,SALUDA,NC,3
28774,SAPPHIRE,NC,3
28775,HIGHLANDS,NC,3
28776,SKYLAND,NC,3
28777,SPRUCE PINE,NC,3
28778,SWANNANOA,NC,3
28779,SYLVA,NC,3
28781,ANDREWS,NC,3
28782,TRYON,NC,3
28783,CULLOWHEE,NC,3
28784,ZIRCONIA,NC,3
28785,WAYNESVILLE,NC,3
28786,WAYNESVILLE,NC,3
28787,WEAVERVILLE,NC,3
28788,SYLVA,NC,3
28789,WHITTIER,NC,3
28790,SALUDA,NC,3
28791,HENDERSONVILLE ANNEX,NC,3
28792,HENDERSONVILLE ANNEX,NC,3
28793,CPU FOUR SEASONS,NC,3
28801,ASHEVILLE NC S&DC,NC,3
28802,DOWNTOWN ASHEVILLE,NC,3
28803,LONDON RD ANNEX,NC,3
28804,ASHEVILLE NC S&DC,NC,3
28805,LONDON RD ANNEX,NC,3
28806,ASHEVILLE NC S&DC,NC,3
28813,BILTMORE,NC,3
28814,GRACE,NC,3
28815,OTEEN,NC,3
28816,WEST ASHEVILLE,NC,3
28901,ANDREWS,NC,3
28902,BRASSTOWN,NC,3
28903,CULBERSON,NC,3
28904,HAYESVILLE,NC,3
28905,MARBLE,NC,3
28906,MURPHY,NC,3
28909,HAYESVILLE,NC,3
29001,ALCOLU,SC,3
29002,BALLENTINE,SC,3
29003,BAMBERG,SC,3
29006,BATESBURG LEESVILLE,SC,3
29009,BETHUNE,SC,3
29010,BISHOPVILLE,SC,3
29014,BLACKSTOCK,SC,3
29015,BLAIR,SC,3
29016,BLYTHEWOOD,SC,3
29018,BOWMAN,SC,3
29020,KING HAIGLER,SC,3
29021,CAMDEN,SC,3
29030,CAMERON,SC,3
29031,CARLISLE,SC,3
29032,BETHUNE,SC,3
29033,CAYCE WEST COLUMBIA,SC,3
29036,CHAPIN,SC,3
29037,SALUDA,SC,3
29038,BAMBERG,SC,3
29039,CORDOVA,SC,3
29040,DALZELL,SC,3
29041,DAVIS STATION,SC,3
29042,DENMARK,SC,3
29044,EASTOVER,SC,3
29045,ELGIN,SC,3
29046,ELLIOTT,SC,3
29047,ELLOREE,SC,3
29048,EUTAWVILLE,SC,3
29051,GABLE,SC,3
29052,EASTOVER,SC,3
29053,GASTON,SC,3
29054,GILBERT,SC,3
29055,GREAT FALLS,SC,3
29056,GREELEYVILLE,SC,3
29058,HEATH SPRINGS,SC,3
29059,HOLLY HILL,SC,3
29061,HOPKINS,SC,3
29062,HORATIO,SC,3
29063,IRMO,SC,3
29065,JENKINSVILLE,SC,3
29067,KERSHAW,SC,3
29069,LAMAR,SC,3
29070,BATESBURG LEESVILLE,SC,3
29071,DOWNTOWN LEXINGTON,SC,3
29072,LEXINGTON,SC,3
29073,LEXINGTON,SC,3
29074,LIBERTY HILL,SC,3
29075,CHAPIN,SC,3
29078,LUGOFF,SC,3
29079,LYDIA,SC,3
29080,LYNCHBURG,SC,3
29081,EHRHARDT,SC,3
29082,EHRHARDT,SC,3
29101,BETHUNE,SC,3
29102,MANNING,SC,3
29104,MAYESVILLE,SC,3
29105,BATESBURG LEESVILLE,SC,3
29107,NEESES,SC,3
29108,NEWBERRY,SC,3
29111,NEW ZION,SC,3
29112,NORTH,SC,3
29113,DENMARK,SC,3
29114,OLANTA,SC,3
29115,ORANGEBURG,SC,3
29116,ORANGEBURG,SC,3
29118,ORANGEBURG,SC,3
29122,PEAK,SC,3
29123,PELION,SC,3
29125,PINEWOOD,SC,3
29126,POMARIA,SC,3
29127,PROSPERITY,SC,3
29128,REMBERT,SC,3
29129,BATESBURG LEESVILLE,SC,3
29130,RIDGEWAY,SC,3
29133,ORANGEBURG,SC,3
29135,SAINT MATTHEWS,SC,3
29137,SALLEY,SC,3
29138,SALUDA,SC,3
29142,SANTEE,SC,3
29145,NEWBERRY,SC,3
29146,SPRINGFIELD,SC,3
29147,STATE PARK,SC,3
29148,SUMMERTON,SC,3
29150,SUMTER,SC,3
29151,SUMTER,SC,3
29152,SHAW AFB,SC,3
29153,SUMTER,SC,3
29154,SUMTER,SC,3
29160,SWANSEA,SC,3
29161,TIMMONSVILLE,SC,3
29162,TURBEVILLE,SC,3
29163,VANCE,SC,3
29164,WAGENER,SC,3
29166,BATESBURG LEESVILLE,SC,3
29168,WEDGEFIELD,SC,3
29169,CAYCE WEST COLUMBIA,SC,3
29170,CAYCE WEST COLUMBIA,SC,3
29171,CAYCE WEST COLUMBIA,SC,3
29172,CAYCE WEST COLUMBIA,SC,3
29175,KERSHAW,SC,3
29177,WHITE ROCK,SC,3
29178,WHITMIRE,SC,3
29180,WINNSBORO,SC,3
29201,COLUMBIA SC S&DC,SC,3
29202,COLUMBIA SC S&DC,SC,3
29203,COLUMBIA SC S&DC,SC,3
29204,COLUMBIA SC S&DC,SC,3
29205,COLUMBIA SC S&DC,SC,3
29206,FOREST ACRES,SC,3
29207,FORT JACKSON,SC,3
29209,LEESBURG,SC,3
29210,DUTCH FORK,SC,3
29211,CAPITOL,SC,3
29212,DUTCH FORK,SC,3
29221,DUTCH FORK,SC,3
29223,NORTHEAST,SC,3
29224,NORTHEAST,SC,3
29229,SANDHILLS,SC,3
29230,EAU CLAIRE,SC,3
29240,EDGEWOOD,SC,3
29250,FIVE POINTS,SC,3
29260,FOREST ACRES,SC,3
29290,LEESBURG,SC,3
29301,WESTSIDE,SC,3
29302,SPARTANBURG,SC,3
29303,SPARTANBURG,SC,3
29304,SPARTANBURG,SC,3
29305,SPARTANBURG,SC,3
29306,SPARTANBURG,SC,3
29307,SPARTANBURG,SC,3
29316,BOILING SPRINGS,SC,3
29320,ARCADIA,SC,3
29321,BUFFALO,SC,3
29322,CAMPOBELLO,SC,3
29323,CHESNEE,SC,3
29324,CLIFTON,SC,3
29325,CLINTON,SC,3
29329,CONVERSE,SC,3
29330,COWPENS,SC,3
29331,CROSS ANCHOR,SC,3
29332,CROSS HILL,SC,3
29333,DRAYTON,SC,3
29334,DUNCAN,SC,3
29335,ENOREE,SC,3
29336,FAIRFOREST,SC,3
29338,FINGERVILLE,SC,3
29340,GAFFNEY,SC,3
29341,GAFFNEY,SC,3
29342,GAFFNEY,SC,3
29346,GLENDALE,SC,3
29348,GRAMLING,SC,3
29349,INMAN,SC,3
29351,CLINTON,SC,3
29353,JONESVILLE,SC,3
29355,CLINTON,SC,3
29356,LANDRUM,SC,3
29360,LAURENS,SC,3
29364,LOCKHART,SC,3
29365,LYMAN,SC,3
29368,MAYO,SC,3
29369,MOORE,SC,3
29370,MOUNTVILLE,SC,3
29372,PACOLET,SC,3
29373,PACOLET MILLS,SC,3
29374,PAULINE,SC,3
29375,REIDVILLE,SC,3
29376,ROEBUCK,SC,3
29377,STARTEX,SC,3
29378,UNA,SC,3
29379,UNION,SC,3
29384,WATERLOO,SC,3
29385,LYMAN,SC,3
29386,WHITE STONE,SC,3
29388,WOODRUFF,SC,3
29401,EAST BAY,SC,3
29402,CHARLESTON,SC,3
29403,EAST BAY,SC,3
29404,CROSS COUNTY,SC,3
29405,PINEHAVEN,SC,3
29406,NORTH CHARLESTON,SC,3
29407,SAINT ANDREWS,SC,3
29410,NORTH CHARLESTON,SC,3
29412,JAMES ISLAND,SC,3
29413,EAST BAY,SC,3
29414,ASHLEY RIVER,SC,3
29415,PINEHAVEN,SC,3
29416,ASHLEY RIVER,SC,3
29417,SAINT ANDREWS,SC,3
29418,CROSS COUNTY,SC,3
29419,NORTH CHARLESTON,SC,3
29420,CROSS COUNTY,SC,3
29422,JAMES ISLAND,SC,3
29423,CROSS COUNTY,SC,3
29426,ADAMS RUN,SC,3
29429,AWENDAW,SC,3
29431,BONNEAU,SC,3
29432,BRANCHVILLE,SC,3
29434,CORDESVILLE,SC,3
29435,COTTAGEVILLE,SC,3
29436,CROSS,SC,3
29437,DORCHESTER,SC,3
29438,EDISTO ISLAND,SC,3
29439,FOLLY BEACH,SC,3
29440,GEORGETOWN,SC,3
29442,GEORGETOWN,SC,3
29445,GOOSE CREEK,SC,3
29446,GREEN POND,SC,3
29448,HARLEYVILLE,SC,3
29449,HOLLYWOOD,SC,3
29450,HUGER,SC,3
29451,ISLE OF PALMS,SC,3
29452,JACKSONBORO,SC,3
29453,JAMESTOWN,SC,3
29455,JOHNS ISLAND,SC,3
29456,LADSON,SC,3
29457,JOHNS ISLAND,SC,3
29458,MC CLELLANVILLE,SC,3
29461,MONCKS CORNER,SC,3
29464,MOUNT PLEASANT,SC,3
29465,MOUNT PLEASANT,SC,3
29466,MOUNT PLEASANT,SC,3
29468,PINEVILLE,SC,3
29469,MONCKS CORNER,SC,3
29470,RAVENEL,SC,3
29471,REEVESVILLE,SC,3
29472,RIDGEVILLE,SC,3
29474,COTTAGEVILLE,SC,3
29475,RUFFIN,SC,3
29476,RUSSELLVILLE,SC,3
29477,SAINT GEORGE,SC,3
29479,SAINT STEPHEN,SC,3
29481,RUFFIN,SC,3
29482,ISLE OF PALMS,SC,3
29483,SUMMERVILLE,SC,3
29484,SUMMERVILLE,SC,3
29485,OAKBROOK,SC,3
29486,SUMMERVILLE,SC,3
29487,WADMALAW ISLAND,SC,3
29488,WALTERBORO,SC,3
29492,NORTH CHARLESTON,SC,3
29493,WILLIAMS,SC,3
29501,FLORENCE,SC,3
29502,FLORENCE,SC,3
29503,FEDERAL FLORENCE,SC,3
29504,SOUTH FLORENCE,SC,3
29505,FLORENCE,SC,3
29506,FLORENCE,SC,3
29510,ANDREWS,SC,3
29511,AYNOR,SC,3
29512,BENNETTSVILLE,SC,3
29516,BENNETTSVILLE,SC,3
29518,CADES,SC,3
29519,CENTENARY,SC,3
29520,CHERAW,SC,3
29525,CLIO,SC,3
29526,CONWAY,SC,3
29527,CONWAY,SC,3
29528,CONWAY,SC,3
29530,COWARD,SC,3
29532,DARLINGTON,SC,3
29536,DILLON,SC,3
29540,DARLINGTON,SC,3
29541,EFFINGHAM,SC,3
29543,FORK,SC,3
29544,AYNOR,SC,3
29545,GREEN SEA,SC,3
29546,GRESHAM,SC,3
29547,DILLON,SC,3
29550,HARTSVILLE,SC,3
29551,HARTSVILLE,SC,3
29554,HEMINGWAY,SC,3
29555,JOHNSONVILLE,SC,3
29556,KINGSTREE,SC,3
29560,LAKE CITY,SC,3
29563,LAKE VIEW,SC,3
29564,LANE,SC,3
29565,LATTA,SC,3
29566,LITTLE RIVER,SC,3
29567,DILLON,SC,3
29568,LONGS,SC,3
29569,LORIS,SC,3
29570,MC COLL,SC,3
29571,MARION,SC,3
29572,LIVE OAK,SC,3
29574,MULLINS,SC,3
29575,SURFSIDE BEACH,SC,3
29576,MURRELLS INLET,SC,3
29577,MYRTLE BEACH,SC,3
29578,MYRTLE BEACH,SC,3
29579,CAROLINA FOREST,SC,3
29580,NESMITH,SC,3
29581,NICHOLS,SC,3
29582,CPU CHERRY GROVE BEACH,SC,3
29583,PAMPLICO,SC,3
29584,PATRICK,SC,3
29585,PAWLEYS ISLAND,SC,3
29587,SURFSIDE BEACH,SC,3
29588,SOCASTEE,SC,3
29589,RAINS,SC,3
29590,SALTERS,SC,3
29591,SCRANTON,SC,3
29592,LATTA,SC,3
29593,BENNETTSVILLE,SC,3
29594,TATUM,SC,3
29596,CHERAW CARRIER ANNEX,SC,3
29597,NORTH MYRTLE BEACH,SC,3
29598,COASTAL,SC,3
29601,GREENVILLE SC DOWNTOWN SDC,SC,3
29602,GREENVILLE SC DOWNTOWN SDC,SC,3
29603,GREENVILLE SC DOWNTOWN SDC,SC,3
29604,STATION A,SC,3
29605,GREENVILLE SC DOWNTOWN SDC,SC,3
29606,PLEASANTBURG,SC,3
29607,PLEASANTBURG,SC,3
29608,PARK PLACE,SC,3
29609,GREENVILLE SC DOWNTOWN SDC,SC,3
29610,BEREA,SC,3
29611,BEREA,SC,3
29612,GREER,SC,3
29615,KEITH D OGLESBY,SC,3
29616,KEITH D OGLESBY,SC,3
29617,BEREA,SC,3
29620,ABBEVILLE,SC,3
29621,ANDERSON,SC,3
29622,ANDERSON,SC,3
29623,NORTH ANDERSON,SC,3
29624,ANDERSON,SC,3
29625,ANDERSON,SC,3
29626,ANDERSON,SC,3
29627,BELTON,SC,3
29628,CALHOUN FALLS,SC,3
29630,CENTRAL,SC,3
29631,CLEMSON,SC,3
29633,CLEMSON,SC,3
29635,CLEVELAND,SC,3
29636,CONESTEE,SC,3
29638,DONALDS,SC,3
29639,DUE WEST,SC,3
29640,EASLEY,SC,3
29641,EASLEY,SC,3
29642,EASLEY,SC,3
29643,FAIR PLAY,SC,3
29644,FOUNTAIN INN,SC,3
29645,GRAY COURT,SC,3
29646,GREENWOOD,SC,3
29648,MAGNOLIA,SC,3
29649,GREENWOOD,SC,3
29650,GREER,SC,3
29651,GREER,SC,3
29652,GREER,SC,3
29653,HODGES,SC,3
29654,HONEA PATH,SC,3
29655,IVA,SC,3
29656,LA FRANCE,SC,3
29657,LIBERTY,SC,3
29658,LONG CREEK,SC,3
29659,LOWNDESVILLE,SC,3
29661,MARIETTA,SC,3
29662,MAULDIN,SC,3
29664,MOUNTAIN REST,SC,3
29665,NEWRY,SC,3
29666,NINETY SIX,SC,3
29667,LIBERTY,SC,3
29669,PELZER,SC,3
29670,PENDLETON,SC,3
29671,PICKENS,SC,3
29672,SENECA,SC,3
29673,CPU POWDERSVILLE,SC,3
29675,RICHLAND,SC,3
29676,SALEM,SC,3
29677,SANDY SPRINGS,SC,3
29678,SENECA,SC,3
29679,SENECA,SC,3
29680,FAIRVIEW,SC,3
29681,SIMPSONVILLE,SC,3
29682,SIX MILE,SC,3
29683,SLATER,SC,3
29684,IVA,SC,3
29685,PICKENS,SC,3
29686,SALEM,SC,3
29687,TAYLORS,SC,3
29688,TIGERVILLE,SC,3
29689,TOWNVILLE,SC,3
29690,TRAVELERS REST,SC,3
29691,WALHALLA,SC,3
29692,WARE SHOALS,SC,3
29693,WESTMINSTER,SC,3
29696,WEST UNION,SC,3
29697,WILLIAMSTON,SC,3
29702,BLACKSBURG,SC,3
29703,BOWLING GREEN,SC,3
29704,CATAWBA,SC,3
29706,CHESTER,SC,3
29707,FORT MILL,SC,3
29708,FORT MILL,SC,3
29709,CHESTERFIELD,SC,3
29710,CLOVER,SC,3
29712,EDGEMOOR,SC,3
29714,FORT LAWN,SC,3
29715,FORT MILL,SC,3
29716,FORT MILL,SC,3
29717,HICKORY GROVE,SC,3
29718,JEFFERSON,SC,3
29720,LANCASTER,SC,3
29721,LANCASTER,SC,3
29726,MC CONNELLS,SC,3
29727,CHESTERFIELD,SC,3
29728,PAGELAND,SC,3
29729,LANCASTER,SC,3
29730,ROCK HILL,SC,3
29731,ROCK HILL,SC,3
29732,CHERRY ROAD,SC,3
29741,CHESTERFIELD,SC,3
29742,SHARON,SC,3
29743,SMYRNA,SC,3
29744,VAN WYCK,SC,3
29745,YORK,SC,3
29801,AIKEN,SC,3
29802,AIKEN,SC,3
29803,SUMMERALL,SC,3
29804,SUMMERALL,SC,3
29805,AIKEN,SC,3
29809,NEW ELLENTON,SC,3
29810,ALLENDALE,SC,3
29812,BARNWELL,SC,3
29813,HILDA,SC,3
29816,BATH,SC,3
29817,BLACKVILLE,SC,3
29819,BRADLEY,SC,3
29821,CLARKS HILL,SC,3
29822,CLEARWATER,SC,3
29824,EDGEFIELD,SC,3
29826,ELKO,SC,3
29827,FAIRFAX,SC,3
29828,GLOVERVILLE,SC,3
29829,GRANITEVILLE,SC,3
29831,JACKSON,SC,3
29832,JOHNSTON,SC,3
29834,LANGLEY,SC,3
29835,MC CORMICK,SC,3
29836,ALLENDALE,SC,3
29838,CLARKS HILL,SC,3
29839,MONTMORENCI,SC,3
29840,MOUNT CARMEL,SC,3
29841,NORTH AUGUSTA,SC,3
29842,NORTH AUGUSTA,SC,3
29843,DENMARK,SC,3
29844,PARKSVILLE,SC,3
29845,PLUM BRANCH,SC,3
29846,SYCAMORE,SC,3
29847,TRENTON,SC,3
29848,TROY,SC,3
29849,ULMER,SC,3
29850,VAUCLUSE,SC,3
29851,WARRENVILLE,SC,3
29853,WILLISTON,SC,3
29856,WINDSOR,SC,3
29860,NORTH AUGUSTA,SC,3
29861,NORTH AUGUSTA,SC,3
29901,BEAUFORT,SC,3
29902,BURTON,SC,3
29903,BURTON,SC,3
29904,MARINE CORPS AIR STATION,SC,3
29905,PARRIS ISLAND,SC,3
29906,BURTON,SC,3
29907,BEAUFORT,SC,3
29909,BLUFFTON CARRIER ANNEX,SC,3
29910,BLUFFTON,SC,3
29911,BRUNSON,SC,3
29912,RIDGELAND,SC,3
29915,FAIRFIELD,SC,3
29916,EARLY BRANCH,SC,3
29918,ESTILL,SC,3
29920,SAINT HELENA ISLAND,SC,3
29921,FURMAN,SC,3
29922,ESTILL,SC,3
29923,GIFFORD,SC,3
29924,HAMPTON,SC,3
29925,FAIRFIELD,SC,3
29926,FAIRFIELD,SC,3
29927,HARDEEVILLE,SC,3
29928,HARBOURTOWN,SC,3
29929,ISLANDTON,SC,3
29931,LOBECO,SC,3
29932,ESTILL,SC,3
29933,HAMPTON,SC,3
29934,PINELAND,SC,3
29935,PORT ROYAL,SC,3
29936,RIDGELAND,SC,3
29938,HILTON HEAD ISLAND,SC,3
29940,SEABROOK,SC,3
29941,SHELDON,SC,3
29943,RIDGELAND,SC,3
29944,VARNVILLE,SC,3
29945,YEMASSEE,SC,3
30002,AVONDALE ESTATES,GA,4
30003,ROCKBRIDGE,GA,4
30004,ALPHARETTA CARRIER ANNEX,GA,4
30005,WEBB BRIDGE,GA,4
30006,WINDY HILL,GA,4
30007,EAST COBB,GA,4
30008,WESTSIDE CARRIER ANNEX,GA,4
30009,ALPHARETTA,GA,4
30010,PEACHTREE CORNERS,GA,4
30011,AUBURN,GA,4
30012,OLDE TOWN,GA,4
30013,CONYERS,GA,4
30014,COVINGTON CARRIER ANNEX,GA,4
30015,COVINGTON,GA,4
30016,COVINGTON CARRIER ANNEX,GA,4
30017,GRAYSON,GA,4
30018,JERSEY,GA,4
30019,DACULA,GA,4
30021,CLARKSTON,GA,4
30022,WEBB BRIDGE,GA,4
30023,WEBB BRIDGE,GA,4
30024,SUWANEE,GA,4
30025,COVINGTON CARRIER ANNEX,GA,4
30028,CUMMING,GA,4
30029,NORTH METRO,GA,4
30030,DECATUR,GA,4
30031,DECATUR,GA,4
30032,DECATUR,GA,4
30033,DECATUR,GA,4
30034,WESLEY CHAPEL,GA,4
30035,WESLEY CHAPEL,GA,4
30036,WESLEY CHAPEL,GA,4
30037,SOUTH DEKALB,GA,4
30038,LITHONIA,GA,4
30039,CENTERVILLE BRANCH,GA,4
30040,CUMMING,GA,4
30041,LANIER CARRIER ANNEX,GA,4
30042,LAWRENCEVILLE,GA,4
30043,LAWRENCEVILLE NORTH,GA,4
30044,DULUTH GA SDC,GA,4
30045,LAWRENCEVILLE CARRIER ANNEX,GA,4
30046,CROGAN STREET,GA,4
30047,LILBURN,GA,4
30048,LILBURN,GA,4
30049,LAWRENCEVILLE NORTH,GA,4
30052,LOGANVILLE,GA,4
30054,COVINGTON CARRIER ANNEX,GA,4
30055,COVINGTON CARRIER ANNEX,GA,4
30056,COVINGTON CARRIER ANNEX,GA,4
30058,LITHONIA,GA,4
30060,MARIETTA,GA,4
30061,MARIETTA,GA,4
30062,WEST OAK CARRIER ANNEX,GA,4
30064,WESTSIDE CARRIER ANNEX,GA,4
30065,GRESHAM ROAD,GA,4
30066,SPRAYBERRY,GA,4
30067,MOUNT BETHEL,GA,4
30068,MOUNT BETHEL,GA,4
30070,PORTERDALE,GA,4
30071,NORCROSS,GA,4
30072,PINE LAKE,GA,4
30074,REDAN,GA,4
30075,CROSSTOWN CARRIER ANNEX,GA,4
30076,ROSWELL,GA,4
30077,ROSWELL POSTAL STORE,GA,4
30078,CENTERVILLE BRANCH,GA,4
30079,CLARKSTON,GA,4
30080,SMYRNA,GA,4
30081,CONCORD SQUARE,GA,4
30082,SMYRNA,GA,4
30083,MEMORIAL,GA,4
30084,TUCKER,GA,4
30085,TUCKER,GA,4
30086,STONE MOUNTAIN,GA,4
30087,MOUNTAIN PARK,GA,4
30088,STONE MOUNTAIN,GA,4
30091,NORCROSS,GA,4
30092,PEACHTREE CORNERS,GA,4
30093,NORCROSS,GA,4
30094,CONYERS,GA,4
30095,GWINNETT MALL CORNERS,GA,4
30096,DULUTH,GA,4
30097,DULUTH,GA,4
30101,ACWORTH,GA,4
30102,ACWORTH,GA,4
30103,ADAIRSVILLE,GA,4
30104,ARAGON,GA,4
30105,ARMUCHEE,GA,4
30106,SOUTH ATLANTA GA S&DC,GA,4
30107,BALL GROUND,GA,4
30108,BOWDON,GA,4
30109,BOWDON JUNCTION,GA,4
30110,BREMEN,GA,4
30111,CLARKDALE,GA,4
30112,CARROLLTON,GA,4
30113,BUCHANAN,GA,4
30114,CANTON,GA,4
30115,CANTON,GA,4
30116,CARROLLTON,GA,4
30117,CARROLLTON,GA,4
30120,CARTERSVILLE,GA,4
30121,CARTERSVILLE,GA,4
30122,LITHIA SPRINGS,GA,4
30123,CASSVILLE,GA,4
30124,CAVE SPRING,GA,4
30125,CEDARTOWN,GA,4
30126,MABLETON,GA,4
30127,POWDER SPRINGS,GA,4
30129,COOSA,GA,4
30132,DALLAS,GA,4
30133,CAMPBELLTON STREET,GA,4
30134,DOUGLASVILLE,GA,4
30135,DOUGLASVILLE,GA,4
30137,CARTERSVILLE,GA,4
30139,FAIRMOUNT,GA,4
30140,FELTON,GA,4
30141,DALLAS,GA,4
30142,HOLLY SPRINGS,GA,4
30143,JASPER,GA,4
30144,KENNESAW,GA,4
30145,KINGSTON,GA,4
30146,LEBANON,GA,4
30147,LINDALE,GA,4
30148,JASPER,GA,4
30150,MOUNT ZION,GA,4
30151,NELSON,GA,4
30152,ACWORTH GA S&DC,GA,4
30153,ROCKMART,GA,4
30154,DOUGLASVILLE,GA,4
30156,KENNESAW,GA,4
30157,DALLAS,GA,4
30160,BARRETT PARKWAY,GA,4
30161,ROME,GA,4
30162,ROME,GA,4
30164,WEST ROME,GA,4
30165,ROME,GA,4
30168,AUSTELL,GA,4
30169,CANTON,GA,4
30170,ROOPVILLE,GA,4
30171,RYDAL,GA,4
30172,SHANNON,GA,4
30173,SILVER CREEK,GA,4
30175,JASPER,GA,4
30176,TALLAPOOSA,GA,4
30177,JASPER,GA,4
30178,TAYLORSVILLE,GA,4
30179,TEMPLE,GA,4
30180,VILLA RICA,GA,4
30182,TALLAPOOSA,GA,4
30183,WALESKA,GA,4
30184,WHITE,GA,4
30185,WHITESBURG,GA,4
30187,DOUGLASVILLE,GA,4
30188,WOODSTOCK,GA,4
30189,TOWNE LAKE STATION,GA,4
30204,BARNESVILLE,GA,4
30205,BROOKS,GA,4
30206,CONCORD,GA,4
30212,EXPERIMENT,GA,4
30213,FAIRBURN,GA,4
30214,FAYETTEVILLE,GA,4
30215,FAYETTEVILLE CARRIER ANNEX,GA,4
30216,FLOVILLA,GA,4
30217,FRANKLIN,GA,4
30218,GAY,GA,4
30220,GRANTVILLE,GA,4
30222,GREENVILLE,GA,4
30223,GRIFFIN,GA,4
30224,GRIFFIN,GA,4
30228,HAMPTON,GA,4
30229,HARALSON,GA,4
30230,HOGANSVILLE,GA,4
30233,JACKSON,GA,4
30234,JENKINSBURG,GA,4
30236,JONESBORO,GA,4
30237,JONESBORO,GA,4
30238,JONESBORO,GA,4
30240,CPU COPY CITY,GA,4
30241,LAGRANGE,GA,4
30248,LOCUST GROVE,GA,4
30250,LOVEJOY,GA,4
30251,LUTHERSVILLE,GA,4
30252,MCDONOUGH,GA,4
30253,MCDONOUGH,GA,4
30256,MEANSVILLE,GA,4
30257,MILNER,GA,4
30258,CONCORD,GA,4
30259,MORELAND,GA,4
30260,FOREST PARK,GA,4
30261,LAGRANGE,GA,4
30263,NEWNAN,GA,4
30264,GREENVILLE ST,GA,4
30265,NEWNAN,GA,4
30266,ORCHARD HILL,GA,4
30268,PALMETTO,GA,4
30269,PEACHTREE CITY,GA,4
30271,NEWNAN,GA,4
30272,RED OAK,GA,4
30273,REX,GA,4
30274,CHURCH STREET,GA,4
30275,SARGENT,GA,4
30276,SENOIA,GA,4
30277,SHARPSBURG,GA,4
30281,STOCKBRIDGE,GA,4
30284,SUNNY SIDE,GA,4
30285,THE ROCK,GA,4
30286,THOMASTON,GA,4
30287,PARK PLACE,GA,4
30288,CONLEY,GA,4
30289,TURIN,GA,4
30290,PEACHTREE CITY,GA,4
30291,UNION CITY,GA,4
30292,WILLIAMSON,GA,4
30293,WOODBURY,GA,4
30294,ELLENWOOD,GA,4
30295,ZEBULON,GA,4
30296,CHURCH STREET,GA,4
30297,FOREST PARK,GA,4
30298,FOREST PARK,GA,4
30301,MORRIS BROWN,GA,4
30302,CENTRAL CITY,GA,4
30303,ATLANTA GA SDC,GA,4
30305,SOUTH ATLANTA GA S&DC,GA,4
30306,RALPH MCGILL CARRIER,GA,4
30307,RALPH MCGILL CARRIER,GA,4
30308,CIVIC CENTER,GA,4
30309,MIDTOWN CARRIER ANNEX,GA,4
30310,WEST END,GA,4
30311,CASCADE HEIGHTS,GA,4
30312,ATLANTA GA SDC,GA,4
30313,SOUTH ATLANTA GA S&DC,GA,4
30314,MORRIS BROWN,GA,4
30315,ATLANTA GA SDC,GA,4
30316,ATLANTA GA SDC,GA,4
30317,ATLANTA GA SDC,GA,4
30318,SOUTH ATLANTA GA S&DC,GA,4
30319,NORTH ATLANTA GA S&DC,GA,4
30320,HAPEVILLE,GA,4
30321,ATLANTA GA SDC,GA,4
30324,BROADVIEW,GA,4
30325,HOWELL MILL,GA,4
30326,SOUTH ATLANTA GA S&DC,GA,4
30327,SOUTH ATLANTA GA S&DC,GA,4
30328,NORTHRIDGE,GA,4
30329,NORTH ATLANTA GA S&DC,GA,4
30331,SOUTH ATLANTA GA S&DC,GA,4
30333,DRUID HILLS,GA,4
30336,INDUSTRIAL,GA,4
30337,COLLEGE PARK,GA,4
30338,NORTH ATLANTA GA S&DC,GA,4
30339,CUMBERLAND CARRIER FACILITY,GA,4
30340,DORAVILLE,GA,4
30341,DORAVILLE,GA,4
30342,GLENRIDGE,GA,4
30343,PEACHTREE CENTER,GA,4
30344,ATLANTA GA SDC,GA,4
30345,NORTH ATLANTA GA S&DC,GA,4
30346,DUNWOODY,GA,4
30348,ATLANTA,GA,4
30349,OLD NATIONAL,GA,4
30350,NORTHRIDGE,GA,4
30353,ATLANTA,GA,4
30354,ATLANTA GA SDC,GA,4
30355,PHARR ROAD,GA,4
30356,DUNWOODY,GA,4
30357,MIDTOWN,GA,4
30358,SANDY SPRINGS,GA,4
30359,BRIARCLIFF,GA,4
30360,DORAVILLE,GA,4
30361,MIDTOWN CARRIER ANNEX,GA,4
30362,DORAVILLE,GA,4
30363,MIDTOWN CARRIER ANNEX,GA,4
30364,EAST POINT,GA,4
30366,CHAMBLEE,GA,4
30374,ATLANTA,GA,4
30377,MARTECH,GA,4
30401,SWAINSBORO,GA,4
30410,AILEY,GA,4
30411,ALAMO,GA,4
30412,ALSTON,GA,4
30413,BARTOW,GA,4
30414,BELLVILLE DPOBU,GA,4
30415,BROOKLET,GA,4
30417,CLAXTON,GA,4
30420,COBBTOWN,GA,4
30421,COLLINS,GA,4
30423,DAISY,GA,4
30424,DOVER,GA,4
30425,GARFIELD,GA,4
30426,GIRARD,GA,4
30427,GLENNVILLE,GA,4
30428,GLENWOOD,GA,4
30429,HAGAN,GA,4
30434,LOUISVILLE,GA,4
30436,LYONS,GA,4
30438,CLAXTON,GA,4
30439,METTER,GA,4
30441,MIDVILLE,GA,4
30442,MILLEN,GA,4
30445,MOUNT VERNON,GA,4
30446,NEWINGTON,GA,4
30448,NUNEZ,GA,4
30449,OLIVER,GA,4
30450,PORTAL,GA,4
30451,PULASKI,GA,4
30452,REGISTER,GA,4
30453,REIDSVILLE,GA,4
30454,ROCKLEDGE,GA,4
30455,ROCKY FORD,GA,4
30456,SARDIS,GA,4
30457,SOPERTON,GA,4
30458,STATESBORO,GA,4
30459,STATESBORO,GA,4
30461,STATESBORO,GA,4
30464,STILLMORE,GA,4
30467,SYLVANIA,GA,4
30470,SOPERTON,GA,4
30471,TWIN CITY,GA,4
30473,UVALDA,GA,4
30474,VIDALIA,GA,4
30475,VIDALIA,GA,4
30477,WADLEY,GA,4
30501,GAINESVILLE CARRIER ANNEX,GA,4
30502,CHESTNUT MOUNTAIN,GA,4
30503,GAINESVILLE,GA,4
30504,GAINESVILLE CARRIER ANNEX,GA,4
30506,GAINESVILLE CARRIER ANNEX,GA,4
30507,GAINESVILLE CARRIER ANNEX,GA,4
30510,ALTO,GA,4
30511,BALDWIN,GA,4
30512,BLAIRSVILLE,GA,4
30513,BLUE RIDGE,GA,4
30514,BLAIRSVILLE,GA,4
30515,BUFORD,GA,4
30516,BOWERSVILLE,GA,4
30517,BRASELTON,GA,4
30518,BUFORD CARRIER ANNEX,GA,4
30519,BUFORD CARRIER ANNEX,GA,4
30520,CANON,GA,4
30521,CARNESVILLE,GA,4
30522,BLUE RIDGE,GA,4
30523,CLARKESVILLE,GA,4
30525,CLAYTON,GA,4
30527,CLERMONT,GA,4
30528,CLEVELAND,GA,4
30529,COMMERCE,GA,4
30530,COMMERCE,GA,4
30531,CORNELIA,GA,4
30533,DAHLONEGA,GA,4
30534,DAWSONVILLE,GA,4
30535,CORNELIA,GA,4
30536,ELLIJAY,GA,4
30537,CLAYTON,GA,4
30538,EASTANOLLEE,GA,4
30539,EAST ELLIJAY,GA,4
30540,ELLIJAY,GA,4
30541,BLUE RIDGE,GA,4
30542,FLOWERY BRANCH,GA,4
30543,GILLSVILLE,GA,4
30545,CLEVELAND,GA,4
30546,HIAWASSEE,GA,4
30547,HOMER,GA,4
30548,BRASELTON HOSCHTON CAX,GA,4
30549,JEFFERSON,GA,4
30552,LAKEMONT,GA,4
30553,LAVONIA,GA,4
30554,LULA,GA,4
30555,BLUE RIDGE,GA,4
30557,MARTIN,GA,4
30558,MAYSVILLE,GA,4
30559,BLUE RIDGE,GA,4
30560,BLUE RIDGE,GA,4
30562,RABUN GAP,GA,4
30563,CORNELIA,GA,4
30564,MURRAYVILLE,GA,4
30565,COMMERCE,GA,4
30566,FLOWERY BRANCH,GA,4
30567,PENDERGRASS,GA,4
30568,CLAYTON,GA,4
30571,CLEVELAND,GA,4
30572,DAHLONEGA,GA,4
30573,TALLULAH FALLS,GA,4
30575,PENDERGRASS,GA,4
30576,LAKEMONT,GA,4
30577,TOCCOA,GA,4
30580,TURNERVILLE,GA,4
30581,WILEY,GA,4
30582,YOUNG HARRIS,GA,4
30601,ATHENS GA S&DC,GA,4
30603,DOWNTOWN,GA,4
30604,PROMENADE,GA,4
30605,ATHENS GA S&DC,GA,4
30606,ATHENS GA S&DC,GA,4
30607,ATHENS GA S&DC,GA,4
30608,ATHENS GA S&DC,GA,4
30619,ARNOLDSVILLE,GA,4
30620,BETHLEHEM,GA,4
30621,ATHENS GA S&DC,GA,4
30622,BOGART,GA,4
30623,BOSTWICK,GA,4
30624,BOWMAN,GA,4
30625,BUCKHEAD,GA,4
30627,CARLTON,GA,4
30628,ATHENS GA S&DC,GA,4
30629,ATHENS GA S&DC,GA,4
30630,ATHENS GA S&DC,GA,4
30631,CRAWFORDVILLE,GA,4
30633,DANIELSVILLE,GA,4
30634,BOWMAN,GA,4
30635,ELBERTON,GA,4
30638,FARMINGTON,GA,4
30639,FRANKLIN SPRINGS,GA,4
30641,GOOD HOPE,GA,4
30642,GREENSBORO,GA,4
30643,HARTWELL,GA,4
30645,HIGH SHOALS,GA,4
30646,ATHENS GA S&DC,GA,4
30647,ILA,GA,4
30648,ATHENS GA S&DC,GA,4
30650,MADISON,GA,4
30655,MONROE,GA,4
30656,MONROE CAX,GA,4
30660,RAYLE,GA,4
30662,ROYSTON,GA,4
30663,RUTLEDGE,GA,4
30664,SHARON,GA,4
30665,WHITE PLAINS,GA,4
30666,STATHAM,GA,4
30667,ATHENS GA S&DC,GA,4
30668,TIGNALL,GA,4
30669,UNION POINT,GA,4
30671,STEPHENS,GA,4
30673,WASHINGTON,GA,4
30677,ATHENS GA S&DC,GA,4
30678,UNION POINT,GA,4
30680,WINDER,GA,4
30683,ATHENS GA S&DC,GA,4
30701,CALHOUN,GA,4
30703,CALHOUN,GA,4
30705,CHATSWORTH,GA,4
30707,CHICKAMAUGA,GA,4
30708,CISCO,GA,4
30710,COHUTTA,GA,4
30711,CRANDALL,GA,4
30719,EAST SIDE,GA,4
30720,DALTON,GA,4
30721,DALTON,GA,4
30722,DALTON,GA,4
30724,ETON,GA,4
30725,FLINTSTONE,GA,4
30726,GRAYSVILLE,GA,4
30728,LA FAYETTE,GA,4
30730,LYERLY,GA,4
30731,MENLO,GA,4
30732,OAKMAN,GA,4
30733,PLAINVILLE,GA,4
30734,RANGER,GA,4
30735,RESACA,GA,4
30736,RINGGOLD,GA,4
30738,RISING FAWN,GA,4
30739,ROCK SPRING,GA,4
30740,ROCKY FACE,GA,4
30741,ROSSVILLE,GA,4
30742,FORT OGLETHORPE,GA,4
30746,SUGAR VALLEY,GA,4
30747,SUMMERVILLE,GA,4
30750,LOOKOUT MOUNTAIN,TN,4
30751,TENNGA,GA,4
30752,TRENTON,GA,4
30753,TRION,GA,4
30755,TUNNEL HILL,GA,4
30756,VARNELL,GA,4
30757,WILDWOOD,GA,4
30802,APPLING,GA,4
30803,AVERA,GA,4
30805,BLYTHE,GA,4
30806,DEARING,GA,4
30807,CAMAK,GA,4
30808,DEARING,GA,4
30809,EVANS,GA,4
30810,GIBSON,GA,4
30812,GRACEWOOD,GA,4
30813,GROVETOWN,GA,4
30814,HARLEM,GA,4
30815,HEPHZIBAH,GA,4
30816,KEYSVILLE,GA,4
30817,LINCOLNTON,GA,4
30818,WRENS,GA,4
30819,MESENA,GA,4
30820,MITCHELL,GA,4
30821,NORWOOD,GA,4
30822,PERKINS,GA,4
30823,STAPLETON,GA,4
30824,THOMSON,GA,4
30828,WARRENTON,GA,4
30830,WAYNESBORO,GA,4
30833,WRENS,GA,4
30901,AUGUSTA,GA,4
30903,AUGUSTA,GA,4
30904,AUGUSTA,GA,4
30905,FOREST HILLS,GA,4
30906,PEACH ORCHARD,GA,4
30907,MARTINEZ,GA,4
30909,FOREST HILLS,GA,4
30914,HILL STATION,GA,4
30916,PEACH ORCHARD,GA,4
30917,MARTINEZ,GA,4
30919,FOREST HILLS,GA,4
31001,ABBEVILLE,GA,4
31002,ADRIAN,GA,4
31003,ALLENTOWN,GA,4
31004,BOLINGBROKE,GA,4
31005,BONAIRE,GA,4
31006,BUTLER,GA,4
31007,BYROMVILLE,GA,4
31008,BYRON,GA,4
31009,CADWELL,GA,4
31010,CORDELE,GA,4
31011,CHAUNCEY,GA,4
31012,CHESTER,GA,4
31013,CLINCHFIELD,GA,4
31014,COCHRAN,GA,4
31015,CORDELE CARRIER ANNEX,GA,4
31016,CULLODEN,GA,4
31017,ALLENTOWN,GA,4
31018,DAVISBORO,GA,4
31019,DEXTER,GA,4
31020,DRY BRANCH,GA,4
31021,DUBLIN,GA,4
31022,DUDLEY,GA,4
31023,EASTMAN,GA,4
31024,EATONTON,GA,4
31025,ELKO,GA,4
31027,CPU EAST DUBLIN STATION,GA,4
31028,CENTERVILLE,GA,4
31029,FORSYTH,GA,4
31030,FORT VALLEY,GA,4
31031,GORDON,GA,4
31032,GRAY,GA,4
31033,GRAY,GA,4
31034,HARDWICK,GA,4
31035,WRIGHTSVILLE,GA,4
31036,HAWKINSVILLE,GA,4
31037,HELENA,GA,4
31038,HILLSBORO,GA,4
31039,HOWARD,GA,4
31040,COURT SQUARE,GA,4
31041,IDEAL,GA,4
31042,IRWINTON,GA,4
31044,JEFFERSONVILLE,GA,4
31045,JEWELL,GA,4
31046,JULIETTE,GA,4
31047,KATHLEEN,GA,4
31049,KITE,GA,4
31050,MUSELLA,GA,4
31051,LILLY,GA,4
31052,LIZELLA,GA,4
31054,MC INTYRE,GA,4
31055,MC RAE,GA,4
31057,MARSHALLVILLE,GA,4
31058,MAUK,GA,4
31059,MILLEDGEVILLE,GA,4
31060,MC RAE,GA,4
31061,MILLEDGEVILLE CARRIER ANNEX,GA,4
31063,MONTEZUMA,GA,4
31064,MONTICELLO,GA,4
31065,MONTROSE,GA,4
31066,MUSELLA,GA,4
31067,OCONEE,GA,4
31068,MONTEZUMA,GA,4
31069,PERRY,GA,4
31070,PINEHURST,GA,4
31071,PINEVIEW,GA,4
31072,CORDELE CARRIER ANNEX,GA,4
31075,RENTZ,GA,4
31076,REYNOLDS,GA,4
31077,RHINE,GA,4
31078,ROBERTA,GA,4
31079,ROCHELLE,GA,4
31081,BUTLER,GA,4
31082,SANDERSVILLE,GA,4
31083,SCOTLAND,GA,4
31085,SHADY DALE,GA,4
31086,SMARR,GA,4
31087,SPARTA,GA,4
31088,WARNER ROBINS,GA,4
31089,TENNILLE,GA,4
31090,TOOMSBORO,GA,4
31091,UNADILLA,GA,4
31092,VIENNA,GA,4
31093,WARNER ROBINS,GA,4
31094,SANDERSVILLE,GA,4
31095,WARNER ROBINS,GA,4
31096,WRIGHTSVILLE,GA,4
31097,FORSYTH,GA,4
31098,WARNER ROBINS,GA,4
31099,WARNER ROBINS,GA,4
31106,NORTH HIGHLAND,GA,4
31107,LITTLE FIVE POINTS,GA,4
31119,NORTH ATLANTA GA S&DC,GA,4
31126,BUCKHEAD LOOP,GA,4
31131,BEN HILL,GA,4
31139,AKERS MILL,GA,4
31141,EMBRY HILLS,GA,4
31145,NORTHLAKE,GA,4
31146,PERIMETER CENTER,GA,4
31150,NORTHRIDGE,GA,4
31156,NORTH SPRINGS,GA,4
31201,MACON GA S&DC,GA,4
31202,MULBERRY,GA,4
31203,PIO NONO,GA,4
31204,ZEBULON BRANCH,GA,4
31205,MACON GA S&DC,GA,4
31206,MACON GA S&DC,GA,4
31208,MACON,GA,4
31209,MACON,GA,4
31210,ZEBULON BRANCH,GA,4
31211,MACON GA S&DC,GA,4
31216,MACON GA S&DC,GA,4
31217,MACON GA S&DC,GA,4
31220,ZEBULON BRANCH,GA,4
31221,ZEBULON BRANCH,GA,4
31301,ALLENHURST,GA,4
31302,BLOOMINGDALE,GA,4
31303,CLYO,GA,4
31304,CRESCENT,GA,4
31305,DARIEN,GA,4
31307,EDEN,GA,4
31308,ELLABELL,GA,4
31309,RICHMOND HILL,GA,4
31310,HINESVILLE,GA,4
31312,GUYTON,GA,4
31313,HINESVILLE,GA,4
31315,FORT STEWART,GA,4
31316,HINESVILLE,GA,4
31318,MELDRIM,GA,4
31319,MERIDIAN,GA,4
31320,MIDWAY,GA,4
31321,PEMBROKE,GA,4
31322,POOLER,GA,4
31323,RICEBORO,GA,4
31324,RICHMOND HILL,GA,4
31326,RINCON,GA,4
31327,SAPELO ISLAND,GA,4
31328,TYBEE ISLAND,GA,4
31329,SPRINGFIELD,GA,4
31331,TOWNSEND,GA,4
31333,WALTHOURVILLE,GA,4
31401,SAVANNAH,GA,4
31402,SAVANNAH,GA,4
31403,BINGVILLE,GA,4
31404,EASTSIDE,GA,4
31405,BINGVILLE,GA,4
31406,OGLETHORPE,GA,4
31407,GARDEN CITY,GA,4
31408,SAVANNAH,GA,4
31409,HUNTER AAF,GA,4
31410,EASTSIDE,GA,4
31411,OGLETHORPE,GA,4
31412,TELFAIR SQUARE,GA,4
31414,EASTSIDE,GA,4
31415,SAVANNAH,GA,4
31416,OGLETHORPE,GA,4
31418,GARDEN CITY,GA,4
31419,SOUTHSIDE,GA,4
31420,SOUTHSIDE,GA,4
31501,WAYCROSS,GA,4
31502,WAYCROSS,GA,4
31503,WAYCROSS,GA,4
31510,ALMA,GA,4
31512,AMBROSE,GA,4
31513,BAXLEY,GA,4
31515,BAXLEY,GA,4
31516,BLACKSHEAR,GA,4
31518,BLACKSHEAR CARRIER ANX,GA,4
31519,BROXTON,GA,4
31520,BRUNSWICK,GA,4
31521,BRUNSWICK,GA,4
31522,SAINT SIMONS ISLAND,GA,4
31523,BRUNSWICK,GA,4
31525,BRUNSWICK,GA,4
31527,BRUNSWICK,GA,4
31532,DENTON,GA,4
31533,DOUGLAS,GA,4
31534,DOUGLAS,GA,4
31535,DOUGLAS,GA,4
31537,FOLKSTON,GA,4
31539,HAZLEHURST,GA,4
31542,HOBOKEN,GA,4
31543,HOBOKEN,GA,4
31544,BROXTON,GA,4
31545,JESUP,GA,4
31546,JESUP,GA,4
31547,CPU KINGS BAY,GA,4
31548,KINGSLAND,GA,4
31549,LUMBER CITY,GA,4
31550,VPO MANOR,GA,4
31551,MERSHON,GA,4
31552,NICHOLLS,GA,4
31553,NAHUNTA,GA,4
31554,NICHOLLS,GA,4
31555,ODUM,GA,4
31556,OFFERMAN,GA,4
31557,PATTERSON,GA,4
31558,SAINT MARYS,GA,4
31560,SCREVEN,GA,4
31561,SEA ISLAND,GA,4
31562,SAINT GEORGE,GA,4
31563,SURRENCY,GA,4
31564,WARESBORO,GA,4
31565,WAVERLY,GA,4
31566,WAYNESVILLE,GA,4
31567,WEST GREEN,GA,4
31568,WHITE OAK,GA,4
31569,WOODBINE,GA,4
31598,JESUP,GA,4
31601,NORTHSIDE VALDOSTA,GA,4
31602,NORTHSIDE VALDOSTA,GA,4
31603,VALDOSTA,GA,4
31604,NORTHSIDE VALDOSTA,GA,4
31605,NORTHSIDE VALDOSTA,GA,4
31606,NORTHSIDE VALDOSTA,GA,4
31620,ADEL,GA,4
31622,ALAPAHA,GA,4
31623,ARGYLE,GA,4
31624,AXSON,GA,4
31625,BARNEY,GA,4
31626,BOSTON,GA,4
31627,CECIL,GA,4
31629,DIXIE,GA,4
31630,DU PONT,GA,4
31631,FARGO,GA,4
31632,HAHIRA,GA,4
31634,HOMERVILLE,GA,4
31635,LAKELAND,GA,4
31636,LAKE PARK,GA,4
31637,LENOX,GA,4
31638,MORVEN,GA,4
31639,NASHVILLE,GA,4
31641,LAKELAND,GA,4
31642,PEARSON,GA,4
31643,QUITMAN,GA,4
31645,RAY CITY,GA,4
31647,SPARKS,GA,4
31648,STATENVILLE,GA,4
31649,LAKELAND,GA,4
31650,WILLACOOCHEE,GA,4
31701,ALBANY,GA,4
31702,FEDERAL,GA,4
31703,MOCK ROAD,GA,4
31705,ALBANY,GA,4
31706,ALBANY,GA,4
31707,ALBANY,GA,4
31708,LAFAYETTE PLAZA,GA,4
31709,AMERICUS,GA,4
31711,AMERICUS,GA,4
31712,ARABI,GA,4
31714,ASHBURN,GA,4
31716,BACONTON,GA,4
31719,AMERICUS,GA,4
31720,BARWICK,GA,4
31721,ALBANY,GA,4
31722,BERLIN,GA,4
31727,BROOKFIELD,GA,4
31730,CAMILLA,GA,4
31733,CHULA,GA,4
31735,COBB,GA,4
31738,COOLIDGE,GA,4
31739,PELHAM,GA,4
31743,COBB,GA,4
31744,DOERUN,GA,4
31747,ELLENTON,GA,4
31749,ENIGMA,GA,4
31750,FITZGERALD,GA,4
31753,FUNSTON,GA,4
31756,HARTSFIELD,GA,4
31757,TALL TIMBERS VLG,GA,4
31758,TALL TIMBERS VLG,GA,4
31763,LEESBURG,GA,4
31764,DE SOTO,GA,4
31765,MEIGS,GA,4
31768,MOULTRIE,GA,4
31769,MYSTIC,GA,4
31771,NORMAN PARK,GA,4
31772,OAKFIELD,GA,4
31773,OCHLOCKNEE,GA,4
31774,OCILLA,GA,4
31775,OMEGA,GA,4
31776,MOULTRIE,GA,4
31778,PAVO,GA,4
31779,PELHAM,GA,4
31780,PLAINS,GA,4
31781,POULAN,GA,4
31782,PUTNEY,GA,4
31783,ASHBURN,GA,4
31784,SALE CITY,GA,4
31787,SMITHVILLE,GA,4
31788,MOULTRIE,GA,4
31789,SUMNER,GA,4
31790,SYCAMORE,GA,4
31791,SYLVESTER,GA,4
31792,THOMASVILLE,GA,4
31793,TIFTON,GA,4
31794,TIFTON,GA,4
31795,TY TY,GA,4
31796,WARWICK,GA,4
31798,WRAY,GA,4
31799,THOMASVILLE,GA,4
31801,BOX SPRINGS,GA,4
31803,BUENA VISTA,GA,4
31804,CATAULA,GA,4
31805,CUSSETA,GA,4
31806,ELLAVILLE,GA,4
31807,COLUMBUS GA S&DC,GA,4
31808,COLUMBUS GA S&DC,GA,4
31810,GENEVA,GA,4
31811,HAMILTON,GA,4
31812,JUNCTION CITY,GA,4
31814,CUSSETA,GA,4
31815,LUMPKIN,GA,4
31816,MANCHESTER,GA,4
31820,COLUMBUS GA S&DC,GA,4
31821,OMAHA,GA,4
31822,PINE MOUNTAIN,GA,4
31823,HAMILTON,GA,4
31824,PRESTON,GA,4
31825,RICHLAND,GA,4
31826,MANCHESTER,GA,4
31827,TALBOTTON,GA,4
31829,COLUMBUS GA S&DC,GA,4
31830,MANCHESTER,GA,4
31831,COLUMBUS GA S&DC,GA,4
31832,RICHLAND,GA,4
31833,WEST POINT,GA,4
31836,TALBOTTON,GA,4
31901,COLUMBUS GA S&DC,GA,4
31902,DOWNTOWN COLUMBUS,GA,4
31903,BAKER VILLAGE,GA,4
31904,COLUMBUS GA S&DC,GA,4
31905,FORT BENNING,GA,4
31906,COLUMBUS GA S&DC,GA,4
31907,COLUMBUS GA S&DC,GA,4
31908,COLUMBUS GA S&DC,GA,4
31909,COLUMBUS GA S&DC,GA,4
31914,BEALLWOOD,GA,4
31917,LINDSEY CREEK,GA,4
31995,FORT BENNING,GA,4
32003,RIDGEWOOD,FL,4
32004,PONTE VEDRA BEACH,FL,4
32006,FLEMING ISLAND,FL,4
32007,BOSTWICK,FL,4
32008,BRANFORD,FL,4
32009,BRYCEVILLE,FL,4
32011,CALLAHAN,FL,4
32013,DAY,FL,4
32024,LAKE CITY,FL,4
32025,LAKE CITY,FL,4
32030,RIDGEWOOD,FL,4
32033,ELKTON,FL,4
32034,FERNANDINA BEACH,FL,4
32035,DOWNTOWN FERNANDINA BEACH,FL,4
32038,FORT WHITE,FL,4
32040,GLEN SAINT MARY,FL,4
32041,YULEE,FL,4
32042,GRAHAM,FL,4
32043,GREEN COVE SPRINGS,FL,4
32044,HAMPTON,FL,4
32046,HILLIARD,FL,4
32050,MIDDLEBURG,FL,4
32052,JASPER,FL,4
32053,JENNINGS,FL,4
32054,LAKE BUTLER,FL,4
32055,LAKE CITY,FL,4
32056,LAKE CITY,FL,4
32058,LAWTEY,FL,4
32059,LEE,FL,4
32060,LIVE OAK,FL,4
32061,LAKE BUTLER,FL,4
32062,MC ALPIN,FL,4
32063,MACCLENNY,FL,4
32064,DOWLING PARK,FL,4
32065,RIDGEWOOD,FL,4
32066,MAYO,FL,4
32067,ORANGE PARK,FL,4
32068,MIDDLEBURG,FL,4
32071,O BRIEN,FL,4
32073,ORANGE PARK,FL,4
32079,PENNEY FARMS,FL,4
32080,ANASTASIA ISLAND,FL,4
32081,PONTE VEDRA BEACH,FL,4
32082,PONTE VEDRA BEACH,FL,4
32083,RAIFORD,FL,4
32084,SAINT AUGUSTINE,FL,4
32085,SAINT AUGUSTINE,FL,4
32086,CPU PONCE DE LEON MALL,FL,4
32087,GLEN SAINT MARY,FL,4
32091,STARKE,FL,4
32092,WORLD GOLF VILLAGE ANNEX,FL,4
32094,WELLBORN,FL,4
32095,WORLD GOLF VILLAGE ANNEX,FL,4
32096,WHITE SPRINGS,FL,4
32097,YULEE,FL,4
32102,ASTOR,FL,4
32105,BARBERVILLE,FL,4
32110,BUNNELL,FL,4
32111,CANDLER,FL,4
32112,CRESCENT CITY,FL,4
32113,CITRA,FL,4
32114,DAYTONA BEACH,FL,4
32115,DOWNTOWN DAYTONA BEACH,FL,4
32116,DAYTONA BEACH SHORES,FL,4
32117,DAYTONA BEACH,FL,4
32118,DOWNTOWN DAYTONA BEACH,FL,4
32119,DAYTONA BEACH,FL,4
32120,DAYTONA BEACH,FL,4
32121,SOUTH DAYTONA,FL,4
32122,HOLLY HILL,FL,4
32123,ALLANDALE,FL,4
32124,DAYTONA BEACH,FL,4
32125,HOLLY HILL,FL,4
32126,DOWNTOWN DAYTONA BEACH,FL,4
32127,PORT ORANGE,FL,4
32128,PORT ORANGE,FL,4
32129,PORT ORANGE,FL,4
32130,DE LEON SPRINGS,FL,4
32131,EAST PALATKA,FL,4
32132,EDGEWATER,FL,4
32133,EASTLAKE WEIR,FL,4
32134,FORT MC COY,FL,4
32135,PALM COAST,FL,4
32136,FLAGLER BEACH,FL,4
32137,PALM COAST,FL,4
32138,GRANDIN,FL,4
32139,GEORGETOWN,FL,4
32140,FLORAHOME,FL,4
32141,EDGEWATER,FL,4
32142,PALM COAST,FL,4
32143,PALM COAST,FL,4
32145,HASTINGS,FL,4
32147,HOLLISTER,FL,4
32148,INTERLACHEN,FL,4
32157,LAKE COMO,FL,4
32158,LADY LAKE,FL,4
32159,LADY LAKE,FL,4
32160,LAKE GENEVA,FL,4
32162,LADY LAKE,FL,4
32163,LADY LAKE,FL,4
32164,PALM COAST,FL,4
32168,NEW SMYRNA BEACH,FL,4
32169,NEW SMYRNA BEACH,FL,4
32170,CPU CORONADO,FL,4
32173,ORMOND BEACH,FL,4
32174,ORMOND BEACH,FL,4
32175,ORMOND BEACH BEACHSIDE,FL,4
32176,ORMOND BEACH BEACHSIDE,FL,4
32177,PALATKA,FL,4
32178,PALATKA,FL,4
32179,OCKLAWAHA,FL,4
32180,PIERSON,FL,4
32181,POMONA PARK,FL,4
32182,ORANGE SPRINGS,FL,4
32183,OCKLAWAHA,FL,4
32185,PUTNAM HALL,FL,4
32187,SAN MATEO,FL,4
32189,SATSUMA,FL,4
32190,PIERSON,FL,4
32192,SPARR,FL,4
32193,WELAKA,FL,4
32195,WEIRSDALE,FL,4
32201,JACKSONVILLE FL SDC,FL,4
32202,GATEWAY CARRIER ANNEX,FL,4
32203,JACKSONVILLE FL SDC,FL,4
32204,JACKSONVILLE FL SDC,FL,4
32205,CPU HERSCHEL GATES CONTRACT,FL,4
32206,GATEWAY CARRIER ANNEX,FL,4
32207,SOUTH JACKSONVILLE,FL,4
32208,LAKE FOREST,FL,4
32209,CARVER,FL,4
32210,LAKE SHORE,FL,4
32211,ARLINGTON,FL,4
32212,JACKSONVILLE NAS,FL,4
32216,POTTSBURG,FL,4
32217,MANDARIN,FL,4
32218,NORTH JACKSONVILLE,FL,4
32219,LAKE FOREST,FL,4
32220,MURRAY HILL,FL,4
32221,MURRAY HILL,FL,4
32222,WESTLAND,FL,4
32223,MANDARIN,FL,4
32224,ATLANTIC BEACH,FL,4
32225,MONUMENT,FL,4
32226,NORTH JACKSONVILLE,FL,4
32227,ATLANTIC BEACH,FL,4
32228,MAYPORT NAVAL STATION,FL,4
32231,JACKSONVILLE FL SDC,FL,4
32232,JACKSONVILLE FL SDC,FL,4
32233,ATLANTIC BEACH,FL,4
32234,BALDWIN,FL,4
32235,MONUMENT,FL,4
32236,MURRAY HILL,FL,4
32238,LAKE SHORE,FL,4
32239,ARLINGTON,FL,4
32240,JACKSONVILLE BEACH,FL,4
32241,MANDARIN,FL,4
32244,WESTLAND,FL,4
32245,POTTSBURG,FL,4
32246,POTTSBURG,FL,4
32247,SOUTH JACKSONVILLE,FL,4
32250,JACKSONVILLE BEACH ANNEX,FL,4
32254,MURRAY HILL,FL,4
32255,SOUTHPOINT,FL,4
32256,BAYMEADOWS DDC,FL,4
32257,MANDARIN,FL,4
32258,BAYMEADOWS DDC,FL,4
32259,BAYMEADOWS DDC,FL,4
32260,NW SAINT JOHNS,FL,4
32266,ATLANTIC BEACH,FL,4
32277,ARLINGTON,FL,4
32301,LEON,FL,4
32302,PARK AVENUE,FL,4
32303,LAKE JACKSON,FL,4
32304,WESTSIDE,FL,4
32305,WESTSIDE,FL,4
32308,CENTERVILLE,FL,4
32309,CENTERVILLE,FL,4
32310,WESTSIDE,FL,4
32311,TALLAHASSEE,FL,4
32312,LAKE JACKSON,FL,4
32314,TALLAHASSEE,FL,4
32315,LEON,FL,4
32316,WESTSIDE,FL,4
32317,CENTERVILLE,FL,4
32318,LAKE JACKSON,FL,4
32320,APALACHICOLA,FL,4
32321,BRISTOL,FL,4
32322,CARRABELLE,FL,4
32323,LANARK VILLAGE,FL,4
32324,CHATTAHOOCHEE,FL,4
32326,CRAWFORDVILLE,FL,4
32327,CRAWFORDVILLE,FL,4
32328,EASTPOINT,FL,4
32329,APALACHICOLA,FL,4
32330,GREENSBORO,FL,4
32331,GREENVILLE,FL,4
32332,GRETNA,FL,4
32333,HAVANA,FL,4
32334,HOSFORD,FL,4
32336,LAMONT,FL,4
32337,LLOYD,FL,4
32340,MADISON,FL,4
32341,MADISON,FL,4
32343,MIDWAY,FL,4
32344,MONTICELLO,FL,4
32345,MONTICELLO,FL,4
32346,PANACEA,FL,4
32347,PERRY,FL,4
32348,PERRY,FL,4
32350,MADISON,FL,4
32351,QUINCY,FL,4
32352,QUINCY,FL,4
32353,QUINCY,FL,4
32355,SAINT MARKS,FL,4
32356,SALEM,FL,4
32358,SOPCHOPPY,FL,4
32359,STEINHATCHEE,FL,4
32360,HOSFORD,FL,4
32361,WACISSA,FL,4
32362,WOODVILLE,FL,4
32401,PANAMA CITY FL S&DC,FL,4
32402,DOWNTOWN PANAMA CITY,FL,4
32403,PANAMA CITY FL S&DC,FL,4
32404,PANAMA CITY FL S&DC,FL,4
32405,PANAMA CITY FL S&DC,FL,4
32406,NORTH SIDE,FL,4
32407,CPU NAVAL COASTAL SYS LAB,FL,4
32408,PANAMA CITY FL S&DC,FL,4
32409,PANAMA CITY FL S&DC,FL,4
32411,PANAMA CITY FL S&DC,FL,4
32412,PANAMA CITY FL S&DC,FL,4
32413,PANAMA CITY BEACH,FL,4
32417,PANAMA CITY BEACH,FL,4
32420,ALFORD,FL,4
32421,ALTHA,FL,4
32422,ARGYLE,FL,4
32423,GREENWOOD,FL,4
32424,BLOUNTSTOWN,FL,4
32425,BONIFAY,FL,4
32426,CAMPBELLTON,FL,4
32427,BONIFAY,FL,4
32428,CHIPLEY,FL,4
32430,CLARKSVILLE,FL,4
32431,COTTONDALE,FL,4
32432,CYPRESS,FL,4
32433,DEFUNIAK SPRINGS,FL,4
32435,DEFUNIAK SPRINGS,FL,4
32437,EBRO,FL,4
32438,FOUNTAIN,FL,4
32439,FREEPORT,FL,4
32440,GRACEVILLE,FL,4
32442,GRAND RIDGE,FL,4
32443,GREENWOOD,FL,4
32444,LYNN HAVEN,FL,4
32445,MALONE,FL,4
32446,MARIANNA,FL,4
32447,MARIANNA,FL,4
32448,MARIANNA,FL,4
32449,WEWAHITCHKA,FL,4
32455,PONCE DE LEON,FL,4
32456,PORT SAINT JOE,FL,4
32457,PORT SAINT JOE,FL,4
32459,CPU SEASIDE,FL,4
32460,SNEADS,FL,4
32461,PANAMA CITY BEACH,FL,4
32462,VERNON,FL,4
32463,WAUSAU,FL,4
32464,WESTVILLE,FL,4
32465,WEWAHITCHKA,FL,4
32466,PANAMA CITY FL S&DC,FL,4
32501,EAST HILL,FL,4
32502,EAST HILL,FL,4
32503,EAST HILL,FL,4
32504,NOBLES,FL,4
32505,WARRINGTON,FL,4
32506,MYRTLE GROVE,FL,4
32507,WARRINGTON,FL,4
32508,NAVAL AIR STATION,FL,4
32513,EAST HILL,FL,4
32514,NOBLES,FL,4
32516,MYRTLE GROVE,FL,4
32522,PENSACOLA GMF FOR MY PO,FL,4
32523,PENSACOLA GMF FOR MY PO,FL,4
32524,NOBLES,FL,4
32526,CPU BELLVIEW,FL,4
32530,BAGDAD,FL,4
32531,BAKER,FL,4
32533,CANTONMENT,FL,4
32534,NOBLES,FL,4
32535,CENTURY,FL,4
32536,CRESTVIEW,FL,4
32539,CRESTVIEW,FL,4
32540,DESTIN,FL,4
32541,DESTIN,FL,4
32542,EGLIN AFB,FL,4
32544,MARY ESTHER,FL,4
32547,FORT WALTON BEACH,FL,4
32548,FORT WALTON BEACH,FL,4
32549,FORT WALTON BEACH,FL,4
32550,MIRAMAR BEACH,FL,4
32560,GONZALEZ,FL,4
32561,GULF BREEZE,FL,4
32562,GULF BREEZE,FL,4
32563,GULF BREEZE,FL,4
32564,BAKER,FL,4
32565,JAY,FL,4
32566,NAVARRE,FL,4
32567,LAUREL HILL,FL,4
32568,MC DAVID,FL,4
32569,MARY ESTHER,FL,4
32570,MILTON,FL,4
32571,PACE CARRIER ANNEX,FL,4
32572,MILTON,FL,4
32577,MOLINO,FL,4
32578,NICEVILLE,FL,4
32579,FORT WALTON BEACH,FL,4
32580,NICEVILLE,FL,4
32583,MILTON,FL,4
32588,NICEVILLE,FL,4
32591,EAST HILL,FL,4
32601,GAINESVILLE FL S&DC,FL,4
32603,GAINESVILLE FL S&DC,FL,4
32604,MAIN STREET,FL,4
32605,GAINESVILLE FL S&DC,FL,4
32606,GAINESVILLE FL S&DC,FL,4
32607,GAINESVILLE FL S&DC,FL,4
32608,GAINESVILLE FL S&DC,FL,4
32609,GAINESVILLE FL S&DC,FL,4
32614,GAINESVILLE FL S&DC,FL,4
32615,ALACHUA,FL,4
32616,ALACHUA,FL,4
32617,ANTHONY,FL,4
32618,ARCHER,FL,4
32619,BELL,FL,4
32621,BRONSON,FL,4
32622,BROOKER,FL,4
32625,CEDAR KEY,FL,4
32626,CHIEFLAND,FL,4
32627,MAIN STREET,FL,4
32628,CROSS CITY,FL,4
32631,EARLETON,FL,4
32633,EVINSTON,FL,4
32634,FAIRFIELD,FL,4
32635,NORTHWEST,FL,4
32639,GULF HAMMOCK,FL,4
32640,HAWTHORNE,FL,4
32641,GAINESVILLE FL S&DC,FL,4
32643,HIGH SPRINGS,FL,4
32644,CHIEFLAND,FL,4
32648,HORSESHOE BEACH,FL,4
32653,GAINESVILLE FL S&DC,FL,4
32654,ISLAND GROVE,FL,4
32655,HIGH SPRINGS,FL,4
32656,KEYSTONE HEIGHTS,FL,4
32658,LA CROSSE,FL,4
32662,LOCHLOOSA,FL,4
32663,LOWELL,FL,4
32664,MC INTOSH,FL,4
32666,MELROSE,FL,4
32667,GAINESVILLE FL S&DC,FL,4
32668,MORRISTON,FL,4
32669,GAINESVILLE FL S&DC,FL,4
32680,OLD TOWN,FL,4
32681,ORANGE LAKE,FL,4
32683,OTTER CREEK,FL,4
32686,REDDICK,FL,4
32692,SUWANNEE,FL,4
32693,TRENTON,FL,4
32694,WALDO,FL,4
32696,WILLISTON,FL,4
32697,WORTHINGTON SPRINGS,FL,4
32701,ALTAMONTE SPRINGS,FL,4
32702,ALTOONA,FL,4
32703,APOPKA,FL,4
32704,APOPKA,FL,4
32706,CASSADAGA,FL,4
32707,CASSELBERRY,FL,4
32708,WINTER SPRINGS,FL,4
32709,CHRISTMAS,FL,4
32710,CLARCONA,FL,4
32712,APOPKA,FL,4
32713,ORANGE CITY,FL,4
32714,ALTAMONTE SPRINGS,FL,4
32715,PRAIRIE LAKE,FL,4
32716,ALTAMONTE SPRINGS,FL,4
32718,CASSELBERRY,FL,4
32719,WINTER SPRINGS,FL,4
32720,DELAND CARRIER ANNEX,FL,4
32721,DELAND,FL,4
32724,DELAND CARRIER ANNEX,FL,4
32725,DELTONA,FL,4
32726,EUSTIS,FL,4
32727,EUSTIS,FL,4
32728,DELTONA,FL,4
32730,CASSELBERRY,FL,4
32732,GENEVA,FL,4
32733,GOLDENROD,FL,4
32735,GRAND ISLAND,FL,4
32736,EUSTIS,FL,4
32738,DELTONA PINES,FL,4
32739,DELTONA PINES,FL,4
32744,LAKE HELEN,FL,4
32746,LAKE MARY,FL,4
32747,LAKE MONROE,FL,4
32750,LONGWOOD,FL,4
32751,EATONVILLE,FL,4
32752,LONGWOOD,FL,4
32753,DEBARY,FL,4
32754,MIMS,FL,4
32756,MOUNT DORA,FL,4
32757,MOUNT DORA,FL,4
32759,OAK HILL,FL,4
32762,OVIEDO STATION,FL,4
32763,ORANGE CITY,FL,4
32764,OSTEEN,FL,4
32765,OVIEDO,FL,4
32766,OVIEDO,FL,4
32767,PAISLEY,FL,4
32768,PLYMOUTH,FL,4
32771,SANFORD ANNEX,FL,4
32772,SANFORD,FL,4
32773,SANFORD ANNEX,FL,4
32774,ORANGE CITY,FL,4
32775,SCOTTSMOOR,FL,4
32776,SORRENTO,FL,4
32777,TANGERINE,FL,4
32778,TAVARES,FL,4
32779,WEKIVA SPRINGS,FL,4
32780,TITUSVILLE,FL,4
32781,TITUSVILLE,FL,4
32783,TITUSVILLE,FL,4
32784,UMATILLA,FL,4
32789,WINTER PARK,FL,4
32790,WINTER PARK,FL,4
32791,WEKIVA SPRINGS,FL,4
32792,ALOMA CARRIER ANNEX,FL,4
32793,ALOMA,FL,4
32794,MAITLAND,FL,4
32795,LAKE MARY,FL,4
32796,TITUSVILLE,FL,4
32798,ZELLWOOD,FL,4
32801,GORE STREET CARRIER ANNEX,FL,4
32802,DOWNTOWN ORLANDO,FL,4
32803,MALL CARRIER ANNEX,FL,4
32804,COLLEGE PARK,FL,4
32805,GORE STREET CARRIER ANNEX,FL,4
32806,DIXIE VILLAGE,FL,4
32807,AZALEA PARK,FL,4
32808,HIAWASSEE,FL,4
32809,PINE CASTLE,FL,4
32810,LOCKHART,FL,4
32811,ORLO VISTA,FL,4
32812,LEE VISTA,FL,4
32814,HERNDON,FL,4
32815,ORLANDO MOWU,FL,4
32817,UNION PARK,FL,4
32818,HIAWASSEE,FL,4
32819,SAND LAKE,FL,4
32820,ORLANDO FL ALAFAYA SDC,FL,4
32821,SAND LAKE,FL,4
32822,LEE VISTA,FL,4
32824,SOUTH CREEK,FL,4
32825,ORLANDO FL ALAFAYA SDC,FL,4
32826,ORLANDO FL ALAFAYA SDC,FL,4
32827,LEE VISTA,FL,4
32828,ORLANDO FL ALAFAYA SDC,FL,4
32829,VENTURA,FL,4
32830,SAND LAKE,FL,4
32831,ORLANDO FL ALAFAYA SDC,FL,4
32832,VENTURA,FL,4
32833,ORLANDO FL ALAFAYA SDC,FL,4
32835,ORLO VISTA,FL,4
32836,SAND LAKE,FL,4
32837,SOUTH CREEK,FL,4
32839,PINE CASTLE,FL,4
32853,HERNDON,FL,4
32854,COLLEGE PARK,FL,4
32855,ORANGE BLOSSOM,FL,4
32856,DIXIE VILLAGE,FL,4
32857,AZALEA PARK,FL,4
32858,PINE HILLS,FL,4
32859,PINE CASTLE,FL,4
32860,LOCKHART,FL,4
32861,ORLO VISTA,FL,4
32862,ORLANDO MOWU,FL,4
32867,UNION PARK,FL,4
32868,HIAWASSEE,FL,4
32869,SAND LAKE,FL,4
32872,VENTURA,FL,4
32877,SOUTH CREEK,FL,4
32878,ALAFAYA,FL,4
32901,MELBOURNE,FL,4
32902,MELBOURNE,FL,4
32903,EAU GALLIE,FL,4
32904,WEST MELBOURNE,FL,4
32905,PALM BAY,FL,4
32906,PALM BAY,FL,4
32907,PALM BAY WEST,FL,4
32908,PALM BAY WEST,FL,4
32909,PALM BAY WEST,FL,4
32910,INTERCHANGE SQUARE,FL,4
32911,PALM BAY WEST,FL,4
32912,WEST MELBOURNE,FL,4
32920,CAPE CANAVERAL,FL,4
32922,COCOA,FL,4
32923,COCOA,FL,4
32924,FIVE POINTS,FL,4
32925,PATRICK AFB,FL,4
32926,COCOA,FL,4
32927,COCOA,FL,4
32931,COCOA BEACH,FL,4
32932,COCOA BEACH,FL,4
32934,APOLLO ANNEX,FL,4
32935,APOLLO ANNEX,FL,4
32936,EAU GALLIE,FL,4
32937,SATELLITE BEACH,FL,4
32940,SUNTREE,FL,4
32941,SUNTREE,FL,4
32948,FELLSMERE,FL,4
32949,GRANT,FL,4
32950,MALABAR,FL,4
32951,MELBOURNE BEACH,FL,4
32952,MERRITT ISLAND,FL,4
32953,MERRITT ISLAND,FL,4
32954,MERRITT ISLAND,FL,4
32955,ROCKLEDGE,FL,4
32956,ROCKLEDGE,FL,4
32957,ROSELAND,FL,4
32958,SEBASTIAN,FL,4
32959,SHARPES,FL,4
32960,VERO BEACH,FL,4
32961,VERO BEACH DOWNTOWN,FL,4
32962,VERO BEACH,FL,4
32963,VERO BEACH,FL,4
32964,VERO BEACH FINANCE,FL,4
32965,VERO BEACH,FL,4
32966,CITRUS RIDGE,FL,4
32967,VERO BEACH DOWNTOWN,FL,4
32968,CITRUS RIDGE,FL,4
32969,CITRUS RIDGE,FL,4
32970,WABASSO,FL,4
32971,WABASSO,FL,4
32976,SEBASTIAN,FL,4
32978,SEBASTIAN,FL,4
33001,LONG KEY,FL,4
33002,PALM VILLAGE,FL,4
33004,DANIA,FL,4
33008,GOLDEN ISLES,FL,4
33009,HALLANDALE,FL,4
33010,HIALEAH,FL,4
33011,HIALEAH,FL,4
33012,PROMENADE,FL,4
33013,BRIGHT,FL,4
33014,PALMETTO LAKES,FL,4
33015,MIAMI GARDENS,FL,4
33016,EL MERCADO,FL,4
33017,MIAMI GARDENS,FL,4
33018,MIAMI GARDENS,FL,4
33019,HOLLYWOOD,FL,4
33020,HOLLYWOOD,FL,4
33021,HOLLYWOOD,FL,4
33022,HOLLYWOOD,FL,4
33023,WEST HOLLYWOOD HILLS,FL,4
33024,PEMBROKE PINES,FL,4
33025,MIRAMAR,FL,4
33026,FLAMINGO,FL,4
33027,MIRAMAR,FL,4
33028,FLAMINGO,FL,4
33029,CHAPEL LAKES,FL,4
33030,HOMESTEAD,FL,4
33031,PRINCETON,FL,4
33032,PRINCETON,FL,4
33033,HOMESTEAD,FL,4
33034,FLORIDA CITY,FL,4
33035,FLORIDA CITY,FL,4
33036,ISLAMORADA,FL,4
33037,KEY LARGO,FL,4
33040,KEY WEST,FL,4
33041,KEY WEST,FL,4
33042,SUMMERLAND KEY,FL,4
33043,BIG PINE KEY,FL,4
33045,FLAGLER KEY WEST,FL,4
33050,MARATHON,FL,4
33051,KEY COLONY BEACH,FL,4
33052,MARATHON SHORES,FL,4
33054,OPA LOCKA,FL,4
33055,CAROL CITY,FL,4
33056,CAROL CITY,FL,4
33060,POMPANO BEACH FL S&DC,FL,4
33061,TROPICAL REEF,FL,4
33062,POMPANO BEACH FL S&DC,FL,4
33063,POMPANO BEACH FL S&DC,FL,4
33064,POMPANO BEACH FL S&DC,FL,4
33065,POMPANO BEACH FL S&DC,FL,4
33066,POMPANO BEACH,FL,4
33067,CORAL REEF,FL,4
33068,POMPANO BEACH FL S&DC,FL,4
33069,POMPANO BEACH FL S&DC,FL,4
33070,TAVERNIER,FL,4
33071,POMPANO BEACH FL S&DC,FL,4
33073,POMPANO BEACH FL S&DC,FL,4
33074,LIGHTHOUSE POINT,FL,4
33075,CORAL SPRINGS,FL,4
33076,POMPANO BEACH FL S&DC,FL,4
33077,ATLANTIC,FL,4
33081,HILLCREST,FL,4
33082,WEST PINES,FL,4
33083,WEST HOLLYWOOD HILLS,FL,4
33084,PEMBROKE PINES,FL,4
33090,HOMESTEAD,FL,4
33092,PRINCETON,FL,4
33093,MARGATE,FL,4
33097,COCONUT CREEK,FL,4
33101,FLAGLER MIAMI,FL,4
33102,GENERAL MAIL FACILITY MIAMI,FL,4
33109,MIAMI BEACH,FL,4
33114,CORAL GABLES,FL,4
33116,SNAPPER CREEK,FL,4
33119,MIAMI BEACH,FL,4
33122,WEST CARRIER ANNEX,FL,4
33124,CPU UNIVERSITY OF MIAMI,FL,4
33125,JOSE MARTI,FL,4
33126,BLUE LAGOON,FL,4
33127,BUENA VISTA CARRIER ANNEX,FL,4
33128,FLAGLER MIAMI,FL,4
33129,FLAGLER MIAMI,FL,4
33130,FLAGLER MIAMI,FL,4
33131,FLAGLER MIAMI,FL,4
33132,FLAGLER MIAMI,FL,4
33133,COCONUT GROVE,FL,4
33134,CORAL GABLES,FL,4
33135,JOSE MARTI,FL,4
33136,FLAGLER MIAMI,FL,4
33137,BUENA VISTA,FL,4
33138,LITTLE RIVER,FL,4
33139,MIAMI BEACH,FL,4
33140,OCEAN VIEW,FL,4
33141,NORMANDY,FL,4
33142,ALLAPATTAH,FL,4
33143,SOUTH MIAMI,FL,4
33144,TAMIAMI,FL,4
33145,JOSE MARTI,FL,4
33146,HIBISCUS CARRIER ANNEX,FL,4
33147,DR MARTIN LUTHER KING JR,FL,4
33149,KEY BISCAYNE,FL,4
33150,LITTLE RIVER,FL,4
33152,GENERAL MAIL FACILITY MIAMI,FL,4
33153,MIAMI SHORES,FL,4
33154,NORMANDY,FL,4
33155,LUDLAM,FL,4
33156,KENDALL CARRIER ANNEX,FL,4
33157,QUAIL HEIGHTS,FL,4
33158,QUAIL HEIGHTS,FL,4
33160,NORTH MIAMI BEACH,FL,4
33161,NORTH MIAMI,FL,4
33162,NORTH MIAMI,FL,4
33163,OJUS,FL,4
33164,ULETA,FL,4
33165,OLYMPIA HEIGHTS,FL,4
33166,MILAM ANNEX,FL,4
33167,GRATIGNY,FL,4
33168,GRATIGNY,FL,4
33169,NORLAND,FL,4
33170,GOULDS,FL,4
33172,AVENUE OF THE AMERICAS,FL,4
33173,SUNSET,FL,4
33174,FATHER FELIX VARELA,FL,4
33175,OLYMPIA HEIGHTS,FL,4
33176,SNAPPER CREEK,FL,4
33177,COUNTRY LAKES,FL,4
33178,MILAM DAIRY,FL,4
33179,NORLAND,FL,4
33180,COUNTY LINE ANNEX,FL,4
33181,NORTH MIAMI,FL,4
33182,FATHER FELIX VARELA,FL,4
33183,SUNSET,FL,4
33184,FATHER FELIX VARELA,FL,4
33185,OLYMPIA HEIGHTS,FL,4
33186,SNAPPER CREEK,FL,4
33187,COUNTRY LAKES,FL,4
33189,QUAIL HEIGHTS,FL,4
33190,QUAIL HEIGHTS,FL,4
33193,SUNSET,FL,4
33194,FATHER FELIX VARELA,FL,4
33196,COUNTRY LAKES,FL,4
33197,QUAIL HEIGHTS,FL,4
33222,DORAL,FL,4
33231,BRICKELL,FL,4
33233,COCONUT GROVE,FL,4
33234,MIRACLE MILE POSTAL STORE,FL,4
33238,LITTLE RIVER,FL,4
33239,CARL FISHER,FL,4
33242,ALLAPATTAH,FL,4
33243,SOUTH MIAMI,FL,4
33245,SHENANDOAH,FL,4
33247,DR MARTIN LUTHER KING JR,FL,4
33255,LUDLAM,FL,4
33256,KENDALL,FL,4
33257,PERRINE,FL,4
33261,NORTH MIAMI,FL,4
33265,OLYMPIA HEIGHTS,FL,4
33266,MIAMI SPRINGS,FL,4
33269,NORLAND,FL,4
33280,AVENTURA,FL,4
33283,SUNSET,FL,4
33296,WEST DADE,FL,4
33301,FORT LAUDERDALE FL S&DC,FL,4
33302,ALRIDGE,FL,4
33303,COLEE,FL,4
33304,FORT LAUDERDALE FL S&DC,FL,4
33305,FORT LAUDERDALE FL S&DC,FL,4
33306,FORT LAUDERDALE FL S&DC,FL,4
33307,OAKLAND PARK,FL,4
33308,FORT LAUDERDALE FL S&DC,FL,4
33309,FORT LAUDERDALE FL S&DC,FL,4
33310,FORT LAUDERDALE FL S&DC,FL,4
33311,FORT LAUDERDALE FL S&DC,FL,4
33312,FORT LAUDERDALE FL S&DC,FL,4
33313,FORT LAUDERDALE FL S&DC,FL,4
33314,DAVIE,FL,4
33315,FORT LAUDERDALE FL S&DC,FL,4
33316,CAUSEWAY,FL,4
33317,PLANTATION,FL,4
33318,PLANTATION,FL,4
33319,FORT LAUDERDALE FL S&DC,FL,4
33320,TAMARAC,FL,4
33321,TAMARAC,FL,4
33322,SUNRISE,FL,4
33323,SUNRISE,FL,4
33324,PLANTATION,FL,4
33325,WESTON,FL,4
33326,WESTON,FL,4
33327,WESTON,FL,4
33328,DAVIE,FL,4
33329,DAVIE,FL,4
33330,EVERGLADES BR,FL,4
33331,EVERGLADES BR,FL,4
33332,EVERGLADES BR,FL,4
33334,FORT LAUDERDALE FL S&DC,FL,4
33335,SOUTHSIDE,FL,4
33338,GATEWAY,FL,4
33339,CORAL RIDGE,FL,4
33340,FORT LAUDERDALE FL S&DC,FL,4
33345,SUNRISE,FL,4
33346,CAUSEWAY,FL,4
33348,GALT OCEAN,FL,4
33351,TAMARAC,FL,4
33355,WESTSIDE,FL,4
33359,SABAL PALM,FL,4
33388,PLANTATION,FL,4
33394,FORT LAUDERDALE FL S&DC,FL,4
33401,CITY PLACE,FL,4
33402,DOWNTOWN WEST PALM BEACH,FL,4
33403,LAKE PARK,FL,4
33404,RIVIERA BEACH,FL,4
33405,PALMS CENTRAL,FL,4
33406,PALMS CENTRAL,FL,4
33407,NORTHWOOD,FL,4
33408,NORTH PALM BEACH,FL,4
33409,HAVERHILL BR,FL,4
33410,PALM BEACH GARDENS,FL,4
33411,PALMS WEST,FL,4
33412,RIVIERA BEACH,FL,4
33413,PALMS CENTRAL,FL,4
33414,WELLINGTON CARRIER ANNEX,FL,4
33415,PALMS CENTRAL,FL,4
33416,WEST PALM BCH WINDOW UNIT,FL,4
33417,HAVERHILL BR,FL,4
33418,PALM BEACH GARDENS,FL,4
33419,RIVIERA BEACH,FL,4
33420,PALM BEACH GARDENS,FL,4
33421,PALMS WEST,FL,4
33422,HAVERHILL BR,FL,4
33424,BOYNTON BEACH,FL,4
33425,DOWNTOWN BOYNTON BEACH,FL,4
33426,BOYNTON BEACH,FL,4
33427,PALMETTO PARK,FL,4
33428,WEST BOCA CARRIER ANNEX,FL,4
33429,DOWNTOWN BOCA RATON,FL,4
33430,BELLE GLADE,FL,4
33431,BOCA RATON,FL,4
33432,DOWNTOWN BOCA RATON,FL,4
33433,BOCA RIO BR,FL,4
33434,BOCA RIO BR,FL,4
33435,DOWNTOWN BOYNTON BEACH,FL,4
33436,BOYNTON BEACH,FL,4
33437,JOG ROAD,FL,4
33438,CANAL POINT,FL,4
33440,CLEWISTON,FL,4
33441,DEERFIELD BEACH,FL,4
33442,DEERFIELD BEACH ANNEX,FL,4
33443,DEERFIELD BEACH,FL,4
33444,DELRAY BEACH,FL,4
33445,DELRAY BEACH,FL,4
33446,WEST DELRAY BEACH,FL,4
33448,WEST DELRAY BEACH,FL,4
33449,GREENACRES,FL,4
33454,GREENACRES,FL,4
33455,HOBE SOUND,FL,4
33458,JUPITER,FL,4
33459,SOUTH BAY,FL,4
33460,LUCERNE AVENUE,FL,4
33461,LAKE WORTH,FL,4
33462,LAKE WORTH,FL,4
33463,GREENACRES,FL,4
33465,LANTANA,FL,4
33466,LAKE WORTH,FL,4
33467,GREENACRES,FL,4
33468,JUPITER,FL,4
33469,TEQUESTA,FL,4
33470,LOXAHATCHEE,FL,4
33471,MOORE HAVEN,FL,4
33472,JOG ROAD,FL,4
33473,JOG ROAD,FL,4
33474,JOG ROAD,FL,4
33475,HOBE SOUND,FL,4
33476,PAHOKEE,FL,4
33477,TEQUESTA,FL,4
33478,JUPITER,FL,4
33480,PALM BCH CARRIER ANX,FL,4
33481,WOODLAND,FL,4
33482,DELRAY BEACH,FL,4
33483,CPU PAK IT TIGHT,FL,4
33484,WEST DELRAY BEACH,FL,4
33486,PALMETTO PARK ANNEX,FL,4
33487,BOCA RATON,FL,4
33488,BOCA RIO BR,FL,4
33493,BELLE GLADE,FL,4
33496,BOCA RATON,FL,4
33497,WEST BOCA POSTAL STORE,FL,4
33498,WEST BOCA CARRIER ANNEX,FL,4
33503,BALM,FL,4
33508,BLOOMINGDALE,FL,4
33509,BRANDON,FL,4
33510,BRANDON,FL,4
33511,BRANDON,FL,4
33513,BUSHNELL,FL,4
33514,CENTER HILL,FL,4
33521,COLEMAN,FL,4
33523,DADE CITY,FL,4
33524,CRYSTAL SPRINGS,FL,4
33525,DADE CITY,FL,4
33526,DADE CITY,FL,4
33527,DOVER,FL,4
33530,DURANT,FL,4
33534,GIBSONTON,FL,4
33537,LACOOCHEE,FL,4
33538,LAKE PANASOFFKEE,FL,4
33539,ZEPHYRHILLS,FL,4
33540,ZEPHYRHILLS,FL,4
33541,ZEPHYRHILLS,FL,4
33542,ZEPHYRHILLS,FL,4
33543,ZEPHYRHILLS,FL,4
33544,ZEPHYRHILLS,FL,4
33545,ZEPHYRHILLS,FL,4
33547,LITHIA,FL,4
33548,LUTZ,FL,4
33549,LUTZ,FL,4
33550,MANGO,FL,4
33556,ODESSA,FL,4
33558,LUTZ,FL,4
33559,LUTZ,FL,4
33563,PLANT CITY,FL,4
33564,PLANT CITY,FL,4
33565,PLANT CITY,FL,4
33566,PLANT CITY,FL,4
33567,PLANT CITY,FL,4
33568,RIVERVIEW,FL,4
33569,RIVERVIEW,FL,4
33570,RUSKIN CARRIER ANNEX,FL,4
33571,SUN CITY CENTER,FL,4
33572,RUSKIN CARRIER ANNEX,FL,4
33573,SUN CITY CENTER,FL,4
33574,SAINT LEO,FL,4
33575,SUN CITY,FL,4
33576,SAN ANTONIO,FL,4
33578,RIVERVIEW,FL,4
33579,RIVERVIEW,FL,4
33583,SEFFNER,FL,4
33584,SEFFNER,FL,4
33585,SUMTERVILLE,FL,4
33586,SUN CITY,FL,4
33587,SYDNEY,FL,4
33592,THONOTOSASSA,FL,4
33593,TRILBY,FL,4
33594,VALRICO,FL,4
33595,VALRICO,FL,4
33596,VALRICO,FL,4
33597,WEBSTER,FL,4
33598,WIMAUMA,FL,4
33601,COMMERCE,FL,4
33602,YBOR CITY,FL,4
33603,SULPHUR SPRINGS,FL,4
33604,SULPHUR SPRINGS,FL,4
33605,YBOR CITY,FL,4
33606,TAMPA CARRIER ANNEX,FL,4
33607,TAMPA CARRIER ANNEX,FL,4
33608,MACDILL AFB,FL,4
33609,TAMPA CARRIER ANNEX,FL,4
33610,PRODUCE,FL,4
33611,INTERBAY,FL,4
33612,FOREST HILLS,FL,4
33613,FOREST HILLS,FL,4
33614,HILLDALE,FL,4
33615,TOWN N COUNTRY,FL,4
33616,INTERBAY,FL,4
33617,TEMPLE TERRACE,FL,4
33618,CARROLLWOOD,FL,4
33619,PALM RIVER CARRIER ANNEX,FL,4
33621,MACDILL AFB,FL,4
33622,TAMPA,FL,4
33623,TAMPA,FL,4
33624,NORTHDALE CARRIER ANNEX,FL,4
33625,EHRLICH,FL,4
33626,NORTHDALE CARRIER ANNEX,FL,4
33629,INTERBAY,FL,4
33630,TAMPA,FL,4
33631,TAMPA,FL,4
33634,HILLDALE,FL,4
33635,TOWN N COUNTRY,FL,4
33637,TEMPLE TERRACE,FL,4
33646,NEW TAMPA,FL,4
33647,NEW TAMPA,FL,4
33672,COMMERCE,FL,4
33673,SULPHUR SPRINGS,FL,4
33674,SULPHUR SPRINGS,FL,4
33675,YBOR CITY,FL,4
33677,WEST TAMPA,FL,4
33679,PENINSULA TAMPA,FL,4
33680,PRODUCE,FL,4
33681,INTERBAY,FL,4
33682,FOREST HILLS,FL,4
33684,HILLDALE,FL,4
33685,TOWN N COUNTRY,FL,4
33687,TEMPLE TERRACE,FL,4
33688,CARROLLWOOD,FL,4
33689,FALKENBURG,FL,4
33694,EHRLICH,FL,4
33701,OPEN AIR,FL,4
33702,NORTHSIDE,FL,4
33703,GATEWAY MALL,FL,4
33704,EUCLID,FL,4
33705,MIDTOWN,FL,4
33706,SAINT PETE BEACH,FL,4
33707,GULFWINDS,FL,4
33708,MADEIRA BEACH,FL,4
33709,CROSSROADS,FL,4
33710,CROSSROADS,FL,4
33711,GULFWINDS,FL,4
33712,MIDTOWN,FL,4
33713,SAINT PETERSBURG FL S&DC,FL,4
33714,SAINT PETERSBURG FL S&DC,FL,4
33715,GULFWINDS,FL,4
33716,NORTHSIDE,FL,4
33731,OPEN AIR,FL,4
33732,GATEWAY MALL,FL,4
33733,SAINT PETERSBURG FL S&DC,FL,4
33734,EUCLID,FL,4
33736,SAINT PETE BEACH,FL,4
33738,MADEIRA BEACH,FL,4
33741,SAINT PETE BEACH,FL,4
33742,NORTHSIDE,FL,4
33743,CROSSROADS,FL,4
33744,BAY PINES,FL,4
33747,GULFWINDS,FL,4
33755,CLEVELAND STREET,FL,4
33756,CLEARWATER,FL,4
33757,CLEVELAND STREET,FL,4
33758,CLEARWATER,FL,4
33759,CLEARWATER,FL,4
33760,HIGH POINT,FL,4
33761,SUNSET POINT,FL,4
33762,HIGH POINT,FL,4
33763,SUNSET POINT,FL,4
33764,HIGH POINT,FL,4
33765,SUNSET POINT,FL,4
33766,COUNTRYSIDE,FL,4
33767,CLEVELAND STREET,FL,4
33770,LARGO,FL,4
33771,LARGO,FL,4
33772,SEMINOLE,FL,4
33773,CPU MISSION PLAZA,FL,4
33774,SEMINOLE,FL,4
33775,SEMINOLE,FL,4
33776,SEMINOLE,FL,4
33777,SEMINOLE,FL,4
33778,LARGO,FL,4
33779,LARGO,FL,4
33780,PINELLAS PARK,FL,4
33781,PINELLAS PARK,FL,4
33782,PINELLAS PARK,FL,4
33784,SAINT PETERSBURG FL S&DC,FL,4
33785,INDIAN ROCKS BEACH,FL,4
33786,INDIAN ROCKS BEACH,FL,4
33801,DOWNTOWN LAKELAND,FL,4
33802,DOWNTOWN LAKELAND,FL,4
33803,DOWNTOWN LAKELAND,FL,4
33804,LAKELAND FL S&DC,FL,4
33805,LAKELAND FL S&DC,FL,4
33806,DIXIELAND,FL,4
33807,SOUTHSIDE POSTAL STORE,FL,4
33809,LAKELAND FL S&DC,FL,4
33810,LAKELAND FL S&DC,FL,4
33811,SOUTHSIDE POSTAL STORE,FL,4
33812,SOUTHSIDE POSTAL STORE,FL,4
33813,SOUTHSIDE POSTAL STORE,FL,4
33815,DOWNTOWN LAKELAND,FL,4
33820,ALTURAS,FL,4
33823,AUBURNDALE,FL,4
33825,AVON PARK,FL,4
33826,AVON PARK,FL,4
33827,BABSON PARK,FL,4
33830,BARTOW,FL,4
33831,BARTOW,FL,4
33834,BOWLING GREEN,FL,4
33835,BRADLEY,FL,4
33836,DAVENPORT,FL,4
33837,DAVENPORT,FL,4
33838,DUNDEE,FL,4
33839,EAGLE LAKE,FL,4
33840,EATON PARK,FL,4
33841,FORT MEADE,FL,4
33843,FROSTPROOF,FL,4
33844,HAINES CITY,FL,4
33845,HAINES CITY,FL,4
33846,HIGHLAND CITY,FL,4
33847,HOMELAND,FL,4
33848,INTERCESSION CITY,FL,4
33849,KATHLEEN,FL,4
33850,LAKE ALFRED,FL,4
33851,LAKE HAMILTON,FL,4
33852,LAKE PLACID,FL,4
33853,LAKE WALES,FL,4
33854,LAKESHORE,FL,4
33855,INDIAN LAKE ESTATES,FL,4
33856,NALCREST,FL,4
33857,LORIDA,FL,4
33858,LOUGHMAN,FL,4
33859,1ST STREET CARRIER ANNEX,FL,4
33860,MULBERRY,FL,4
33862,LAKE PLACID,FL,4
33863,NICHOLS,FL,4
33865,ONA,FL,4
33867,1ST STREET CARRIER ANNEX,FL,4
33868,POLK CITY,FL,4
33870,SEBRING,FL,4
33871,SEBRING,FL,4
33872,LAKE JACKSON BRANCH,FL,4
33873,WAUCHULA,FL,4
33875,LAKE JACKSON BRANCH,FL,4
33876,SEBRING,FL,4
33877,WAVERLY,FL,4
33880,WINTER HAVEN,FL,4
33881,FLORENCE VILLA,FL,4
33882,WINTER HAVEN,FL,4
33883,WINTER HAVEN,FL,4
33884,FLORENCE VILLA,FL,4
33885,FLORENCE VILLA,FL,4
33890,ZOLFO SPRINGS,FL,4
33896,DAVENPORT,FL,4
33897,DAVENPORT,FL,4
33898,1ST STREET CARRIER ANNEX,FL,4
33901,FORT MYERS FL PAGE FIELD SDC,FL,4
33902,DOWNTOWN FORT MYERS,FL,4
33903,NORTH FORT MYERS,FL,4
33904,CAPE CORAL CENTRAL,FL,4
33905,TICE,FL,4
33906,FORT MYERS FL PAGE FIELD SDC,FL,4
33907,FORT MYERS FL PAGE FIELD SDC,FL,4
33908,SIX MILE CYPRESS ANNEX,FL,4
33909,CAPE CORAL CENTRAL,FL,4
33910,CAPE CORAL SOUTH,FL,4
33912,SIX MILE CYPRESS ANNEX,FL,4
33913,FORT MYERS FL PAGE FIELD SDC,FL,4
33914,CAPE CORAL CENTRAL,FL,4
33915,CAPE CORAL CENTRAL,FL,4
33916,FORT MYERS FL PAGE FIELD SDC,FL,4
33917,NORTH FORT MYERS,FL,4
33918,NORTH FORT MYERS,FL,4
33919,CPU ATRIUM,FL,4
33920,ALVA,FL,4
33921,BOCA GRANDE,FL,4
33922,BOKEELIA,FL,4
33924,CAPTIVA,FL,4
33927,EL JOBEAN,FL,4
33928,ESTERO,FL,4
33929,ESTERO,FL,4
33930,FELDA,FL,4
33931,FORT MYERS FL PAGE FIELD SDC,FL,4
33932,FORT MYERS BEACH,FL,4
33935,LABELLE,FL,4
33936,LEHIGH ACRES,FL,4
33938,MURDOCK,FL,4
33944,LABELLE,FL,4
33945,BOKEELIA,FL,4
33946,PLACIDA,FL,4
33947,PLACIDA,FL,4
33948,PORT CHARLOTTE ANNEX,FL,4
33949,PORT CHARLOTTE,FL,4
33950,PUNTA GORDA,FL,4
33951,PUNTA GORDA,FL,4
33952,PORT CHARLOTTE ANNEX,FL,4
33953,PORT CHARLOTTE ANNEX,FL,4
33954,PORT CHARLOTTE ANNEX,FL,4
33955,PUNTA GORDA,FL,4
33956,SAINT JAMES CITY,FL,4
33957,SANIBEL,FL,4
33960,VENUS,FL,4
33966,FORT MYERS FL PAGE FIELD SDC,FL,4
33967,SIX MILE CYPRESS ANNEX,FL,4
33970,LEHIGH ACRES,FL,4
33971,LEHIGH ACRES,FL,4
33972,LEHIGH ACRES,FL,4
33973,LEHIGH ACRES,FL,4
33974,LEHIGH ACRES,FL,4
33975,LABELLE,FL,4
33976,LEHIGH ACRES,FL,4
33980,PUNTA GORDA,FL,4
33981,PORT CHARLOTTE ANNEX,FL,4
33982,PUNTA GORDA,FL,4
33983,PUNTA GORDA,FL,4
33990,CAPE CORAL CENTRAL,FL,4
33991,CAPE CORAL NORTH,FL,4
33993,CAPE CORAL NORTH,FL,4
33994,TICE,FL,4
34101,NAPLES,FL,4
34102,NAPLES,FL,4
34103,NAPLES,FL,4
34104,EAST NAPLES CARRIER ANNEX,FL,4
34105,NAPLES,FL,4
34106,DOWNTOWN NAPLES,FL,4
34107,COCO RIVER,FL,4
34108,COCO RIVER,FL,4
34109,COCO RIVER,FL,4
34110,COCO RIVER,FL,4
34112,EAST NAPLES CARRIER ANNEX,FL,4
34113,NAPLES,FL,4
34114,NAPLES,FL,4
34116,EAST NAPLES CARRIER ANNEX,FL,4
34117,GOLDEN GATE CARRIER ANNEX,FL,4
34119,GOLDEN GATE CARRIER ANNEX,FL,4
34120,GOLDEN GATE CARRIER ANNEX,FL,4
34133,BONITA BEACH ROAD,FL,4
34134,BONITA SPRINGS,FL,4
34135,BONITA SPRINGS,FL,4
34136,BONITA SPRINGS,FL,4
34137,EVERGLADES CITY,FL,4
34138,EVERGLADES CITY,FL,4
34139,EVERGLADES CITY,FL,4
34140,GOODLAND,FL,4
34141,OCHOPEE,FL,4
34142,IMMOKALEE,FL,4
34143,IMMOKALEE,FL,4
34145,MARCO ISLAND,FL,4
34146,MARCO ISLAND,FL,4
34201,BRADEN RIVER,FL,4
34202,LAKEWOOD RANCH,FL,4
34203,BRADEN RIVER,FL,4
34204,BRADEN RIVER,FL,4
34205,BRADENTON CARRIER ANNEX,FL,4
34206,BRADENTON,FL,4
34207,FIFTY SEVENTH AVENUE,FL,4
34208,BRADENTON CARRIER ANNEX,FL,4
34209,PALMA SOLA,FL,4
34210,FIFTY SEVENTH AVENUE,FL,4
34211,LAKEWOOD RANCH,FL,4
34212,LAKEWOOD RANCH,FL,4
34215,CORTEZ,FL,4
34216,ANNA MARIA,FL,4
34217,BRADENTON BEACH,FL,4
34218,BRADENTON BEACH,FL,4
34219,PARRISH,FL,4
34220,PALMETTO,FL,4
34221,PALMETTO,FL,4
34222,ELLENTON,FL,4
34223,ENGLEWOOD,FL,4
34224,ENGLEWOOD,FL,4
34228,LONGBOAT KEY,FL,4
34229,OSPREY,FL,4
34230,SARASOTA FL S&DC,FL,4
34231,GULF GATE,FL,4
34232,GLENGARRY,FL,4
34233,GLENGARRY,FL,4
34234,SARASOTA FL S&DC,FL,4
34235,GLENGARRY,FL,4
34236,SARASOTA FL S&DC,FL,4
34237,SARASOTA FL S&DC,FL,4
34238,SARASOTA CARRIER ANNEX,FL,4
34239,SOUTHGATE,FL,4
34240,GLENGARRY,FL,4
34241,SARASOTA CARRIER ANNEX,FL,4
34242,GULF GATE,FL,4
34243,SARASOTA FL S&DC,FL,4
34250,TERRA CEIA,FL,4
34251,MYAKKA CITY,FL,4
34264,ONECO,FL,4
34265,ARCADIA,FL,4
34266,ARCADIA,FL,4
34267,FORT OGDEN,FL,4
34268,NOCATEE,FL,4
34269,ARCADIA,FL,4
34270,TALLEVAST,FL,4
34272,LAUREL,FL,4
34274,NOKOMIS,FL,4
34275,NOKOMIS,FL,4
34276,GULF GATE,FL,4
34277,SOUTHGATE,FL,4
34280,PALMA SOLA,FL,4
34281,CPU COTTAGE TRAILER,FL,4
34282,FIFTY SEVENTH AVENUE,FL,4
34284,VENICE,FL,4
34285,VENICE,FL,4
34286,NORTH PORT,FL,4
34287,NORTH PORT,FL,4
34288,NORTH PORT,FL,4
34289,NORTH PORT,FL,4
34290,CITY CENTER,FL,4
34291,NORTH PORT,FL,4
34292,VENICE,FL,4
34293,VENICE CARRIER ANNEX,FL,4
34295,ENGLEWOOD,FL,4
34420,BELLEVIEW,FL,4
34421,BELLEVIEW,FL,4
34423,CRYSTAL RIVER,FL,4
34428,CRYSTAL RIVER,FL,4
34429,CRYSTAL RIVER,FL,4
34430,DUNNELLON,FL,4
34431,DUNNELLON,FL,4
34432,DUNNELLON,FL,4
34433,DUNNELLON,FL,4
34434,DUNNELLON CARRIERS,FL,4
34436,FLORAL CITY,FL,4
34441,HERNANDO,FL,4
34442,LECANTO,FL,4
34445,HOLDER,FL,4
34446,HOMOSASSA SPRINGS,FL,4
34447,HOMOSASSA SPRINGS,FL,4
34448,HOMOSASSA SPRINGS,FL,4
34449,INGLIS,FL,4
34450,INVERNESS,FL,4
34451,INVERNESS,FL,4
34452,INVERNESS,FL,4
34453,INVERNESS,FL,4
34460,LECANTO,FL,4
34461,LECANTO,FL,4
34464,BEVERLY HILLS,FL,4
34465,LECANTO,FL,4
34470,OCALA,FL,4
34471,OCALA,FL,4
34472,MARICAMP,FL,4
34473,PADDOCK,FL,4
34474,PADDOCK,FL,4
34475,OCALA,FL,4
34476,PADDOCK,FL,4
34477,PADDOCK,FL,4
34478,OCALA,FL,4
34479,OCALA,FL,4
34480,MARICAMP,FL,4
34481,PADDOCK,FL,4
34482,PADDOCK,FL,4
34483,MARICAMP,FL,4
34484,OXFORD,FL,4
34487,HOMOSASSA,FL,4
34488,SILVER SPRINGS,FL,4
34489,SILVER SPRINGS,FL,4
34491,SUMMERFIELD,FL,4
34492,SUMMERFIELD,FL,4
34498,INGLIS,FL,4
34601,DOWNTOWN BROOKSVILLE,FL,4
34602,BROOKSVILLE,FL,4
34603,BROOKSVILLE,FL,4
34604,AVIATION,FL,4
34605,DOWNTOWN BROOKSVILLE,FL,4
34606,SPRING HILL,FL,4
34607,SPRING HILL,FL,4
34608,SPRING HILL,FL,4
34609,AVIATION,FL,4
34610,AVIATION,FL,4
34611,PLAZA,FL,4
34613,BROOKSVILLE,FL,4
34614,BROOKSVILLE,FL,4
34636,ISTACHATTA,FL,4
34637,LAND O LAKES CARRIER ANNEX,FL,4
34638,LAND O LAKES CARRIER ANNEX,FL,4
34639,LAND O LAKES,FL,4
34652,NEW PORT RICHEY,FL,4
34653,NEW PORT RICHEY,FL,4
34654,TRINITY CARRIER ANNEX,FL,4
34655,TRINITY CARRIER ANNEX,FL,4
34656,NEW PORT RICHEY,FL,4
34660,OZONA,FL,4
34661,NOBLETON,FL,4
34667,HUDSON,FL,4
34668,PORT RICHEY,FL,4
34669,HUDSON,FL,4
34673,EMBASSY CROSSING,FL,4
34674,HUDSON,FL,4
34677,OLDSMAR,FL,4
34679,HUDSON,FL,4
34680,ELFERS,FL,4
34681,CRYSTAL BEACH,FL,4
34682,PALM HARBOR,FL,4
34683,PALM HARBOR,FL,4
34684,PALM HARBOR,FL,4
34685,PALM HARBOR,FL,4
34688,TARPON SPRINGS,FL,4
34689,TARPON SPRINGS,FL,4
34690,TARPON SPRINGS,FL,4
34691,TARPON SPRINGS,FL,4
34692,HOLIDAY,FL,4
34695,SAFETY HARBOR,FL,4
34697,DUNEDIN,FL,4
34698,DUNEDIN,FL,4
34705,ASTATULA,FL,4
34711,CLERMONT CARRIER ANNEX,FL,4
34712,CLERMONT,FL,4
34713,SOUTH CLERMONT,FL,4
34714,CLERMONT CARRIER ANNEX,FL,4
34715,CLERMONT CARRIER ANNEX,FL,4
34729,MONTVERDE,FL,4
34731,FRUITLAND PARK,FL,4
34734,GOTHA,FL,4
34736,GROVELAND,FL,4
34737,HOWEY IN THE HILLS,FL,4
34739,KENANSVILLE,FL,4
34740,OAKLAND,FL,4
34741,OAK STREET,FL,4
34742,OAK STREET,FL,4
34743,KISSIMMEE,FL,4
34744,KISSIMMEE,FL,4
34745,KISSIMMEE,FL,4
34746,KISSIMMEE CARRIER ANNEX,FL,4
34747,CELEBRATION,FL,4
34748,LEESBURG,FL,4
34749,LEESBURG,FL,4
34753,MASCOTTE,FL,4
34755,MINNEOLA,FL,4
34756,MONTVERDE,FL,4
34758,KISSIMMEE CARRIER ANNEX,FL,4
34759,POINCIANA,FL,4
34760,OAKLAND,FL,4
34761,OCOEE,FL,4
34762,LEESBURG,FL,4
34769,SAINT CLOUD,FL,4
34770,SAINT CLOUD,FL,4
34771,SAINT CLOUD,FL,4
34772,SAINT CLOUD,FL,4
34773,SAINT CLOUD,FL,4
34777,DOWNTOWN WINTER GARDEN,FL,4
34778,WINTER GARDEN,FL,4
34785,WILDWOOD,FL,4
34786,WINDERMERE,FL,4
34787,WINTER GARDEN,FL,4
34788,LEESBURG,FL,4
34789,HAINES CREEK,FL,4
34797,YALAHA,FL,4
34945,FORT PIERCE,FL,4
34946,ORANGE AVENUE,FL,4
34947,ORANGE AVENUE,FL,4
34948,ORANGE AVENUE,FL,4
34949,ORANGE AVENUE,FL,4
34950,ORANGE AVENUE,FL,4
34951,ORANGE AVENUE,FL,4
34952,PORT SAINT LUCIE MIDPORT,FL,4
34953,PORT SAINT LUCIE,FL,4
34954,ORANGE AVENUE,FL,4
34956,INDIANTOWN,FL,4
34957,HUTCHINSON BEACH,FL,4
34958,JENSEN BEACH,FL,4
34972,OKEECHOBEE,FL,4
34973,OKEECHOBEE,FL,4
34974,OKEECHOBEE,FL,4
34979,FORT PIERCE,FL,4
34981,FORT PIERCE,FL,4
34982,FORT PIERCE,FL,4
34983,FORT PIERCE,FL,4
34984,PORT SAINT LUCIE MIDPORT,FL,4
34985,PORT SAINT LUCIE MIDPORT,FL,4
34986,PORT SAINT LUCIE,FL,4
34987,PORT SAINT LUCIE,FL,4
34988,PORT SAINT LUCIE,FL,4
34990,PALM CITY ANNEX,FL,4
34991,PALM CITY,FL,4
34992,PORT SALERNO,FL,4
34994,STUART,FL,4
34995,STUART,FL,4
34996,STUART,FL,4
34997,STUART ANNEX,FL,4
35004,MOODY,AL,4
35005,ADAMSVILLE,AL,4
35006,ADGER,AL,4
35007,ALABASTER,AL,4
35010,ALEXANDER CITY,AL,4
35011,ALEXANDER CITY,AL,4
35013,ALLGOOD,AL,4
35014,ALPINE,AL,4
35015,ALTON,AL,4
35016,ARAB,AL,4
35019,BAILEYTON,AL,4
35020,BESSEMER,AL,4
35021,BESSEMER,AL,4
35022,BESSEMER,AL,4
35023,HUEYTOWN,AL,4
35031,BLOUNTSVILLE,AL,4
35032,BON AIR,AL,4
35033,BREMEN,AL,4
35034,BRENT,AL,4
35035,BRIERFIELD,AL,4
35036,BROOKSIDE CPO,AL,4
35038,DORA,AL,4
35040,CALERA,AL,4
35042,CENTREVILLE,AL,4
35043,CHELSEA,AL,4
35044,CHILDERSBURG,AL,4
35045,CLANTON,AL,4
35046,CLANTON,AL,4
35048,CLAY,AL,4
35049,CLEVELAND,AL,4
35051,COLUMBIANA,AL,4
35053,CRANE HILL,AL,4
35054,CROPWELL,AL,4
35055,CULLMAN,AL,4
35056,CULLMAN,AL,4
35057,CULLMAN,AL,4
35058,CULLMAN,AL,4
35060,DOCENA,AL,4
35061,DOLOMITE,AL,4
35062,DORA,AL,4
35063,EMPIRE,AL,4
35064,FAIRFIELD,AL,4
35068,FULTONDALE,AL,4
35070,GARDEN CITY,AL,4
35071,GARDENDALE,AL,4
35072,GOODWATER,AL,4
35073,DORA,AL,4
35074,GREEN POND,AL,4
35077,HANCEVILLE,AL,4
35078,HARPERSVILLE,AL,4
35079,HAYDEN,AL,4
35080,HELENA,AL,4
35082,SYLACAUGA,AL,4
35083,HOLLY POND,AL,4
35085,JEMISON,AL,4
35087,JOPPA,AL,4
35089,ALEXANDER CITY,AL,4
35091,KIMBERLY,AL,4
35094,LEEDS,AL,4
35096,LINCOLN,AL,4
35097,LOCUST FORK,AL,4
35098,CRANE HILL,AL,4
35111,MC CALLA,AL,4
35112,MARGARET,AL,4
35114,ALABASTER,AL,4
35115,MONTEVALLO,AL,4
35116,GARDENDALE,AL,4
35117,GARDENDALE,AL,4
35118,MULGA,AL,4
35119,NEW CASTLE,AL,4
35120,ODENVILLE,AL,4
35121,ONEONTA,AL,4
35123,PALMERDALE,AL,4
35124,PELHAM,AL,4
35125,PELL CITY,AL,4
35126,PINSON,AL,4
35127,PLEASANT GROVE,AL,4
35128,PELL CITY,AL,4
35130,QUINTON,AL,4
35131,RAGLAND,AL,4
35133,PINSON,AL,4
35135,PELL CITY,AL,4
35136,ROCKFORD,AL,4
35137,SAGINAW,AL,4
35139,GRAYSVILLE,AL,4
35142,SHANNON,AL,4
35143,SHELBY,AL,4
35146,SPRINGVILLE,AL,4
35147,STERRETT,AL,4
35148,SUMITON,AL,4
35149,SYCAMORE,AL,4
35150,SYLACAUGA,AL,4
35151,SYLACAUGA,AL,4
35160,TALLADEGA,AL,4
35161,TALLADEGA,AL,4
35171,THORSBY,AL,4
35172,WARRIOR,AL,4
35173,TRUSSVILLE,AL,4
35175,UNION GROVE,AL,4
35176,STERRETT,AL,4
35178,VINCENT,AL,4
35179,VINEMONT,AL,4
35180,WARRIOR,AL,4
35181,WATSON,AL,4
35182,WATTSVILLE,AL,4
35183,WEOGUFKA,AL,4
35184,WEST BLOCTON,AL,4
35185,WESTOVER,AL,4
35186,WILSONVILLE,AL,4
35187,WILTON,AL,4
35188,WOODSTOCK,AL,4
35201,BIRMINGHAM,AL,4
35202,BIRMINGHAM,AL,4
35203,DOWNTOWN ANNEX,AL,4
35204,DOWNTOWN ANNEX,AL,4
35205,DOWNTOWN ANNEX,AL,4
35206,WOODLAWN,AL,4
35207,NORTH BIRMINGHAM,AL,4
35208,FAIRVIEW,AL,4
35209,GREEN SPRINGS ANNEX,AL,4
35210,IRONDALE,AL,4
35211,WEST END,AL,4
35212,WOODLAWN,AL,4
35213,CRESTLINE HEIGHTS,AL,4
35214,FORESTDALE,AL,4
35215,CENTER POINT,AL,4
35216,GREEN SPRINGS ANNEX,AL,4
35217,TARRANT,AL,4
35218,ENSLEY,AL,4
35219,GREEN SPRINGS,AL,4
35220,CENTER POINT,AL,4
35221,MIDFIELD,AL,4
35222,WOODLAWN,AL,4
35223,CAHABA HEIGHTS,AL,4
35224,ENSLEY,AL,4
35226,HOOVER,AL,4
35228,MIDFIELD,AL,4
35231,FORESTDALE,AL,4
35232,WOODLAWN,AL,4
35233,DOWNTOWN ANNEX,AL,4
35234,DOWNTOWN ANNEX,AL,4
35235,CENTER POINT,AL,4
35236,HOOVER,AL,4
35238,MEADOWBROOK,AL,4
35242,MEADOWBROOK,AL,4
35243,CAHABA HEIGHTS,AL,4
35244,HOOVER,AL,4
35253,MOUNTAIN BROOK,AL,4
35255,SOUTH HIGHLAND,AL,4
35259,HOMEWOOD,AL,4
35260,HOOVER,AL,4
35261,EAST LAKE ROEBUCK,AL,4
35266,VESTAVIA HILLS,AL,4
35283,BIRMINGHAM,AL,4
35401,TUSCALOOSA,AL,4
35402,TUSCALOOSA,AL,4
35403,TUSCALOOSA,AL,4
35404,SKYLAND,AL,4
35405,SKYLAND,AL,4
35406,TUSCALOOSA,AL,4
35407,SKYLAND,AL,4
35440,ABERNANT,AL,4
35441,AKRON,AL,4
35442,ALICEVILLE,AL,4
35443,BOLIGEE,AL,4
35444,BROOKWOOD,AL,4
35446,BUHL,AL,4
35447,CARROLLTON,AL,4
35448,CLINTON,AL,4
35449,COALING,AL,4
35452,COKER,AL,4
35453,COTTONDALE,AL,4
35456,DUNCANVILLE,AL,4
35458,ELROD,AL,4
35459,EMELLE,AL,4
35460,EPES,AL,4
35461,ETHELSVILLE,AL,4
35462,EUTAW,AL,4
35463,FOSTERS,AL,4
35464,GAINESVILLE,AL,4
35466,GORDO,AL,4
35469,FOSTERS,AL,4
35470,LIVINGSTON,AL,4
35471,ETHELSVILLE,AL,4
35473,NORTHPORT,AL,4
35474,MOUNDVILLE,AL,4
35475,NORTHPORT,AL,4
35476,NORTHPORT,AL,4
35477,PANOLA,AL,4
35478,PETERSON,AL,4
35480,FOSTERS,AL,4
35481,REFORM,AL,4
35482,SAMANTHA,AL,4
35486,TUSCALOOSA,AL,4
35490,VANCE,AL,4
35491,WEST GREENE,AL,4
35501,JASPER,AL,4
35502,JASPER,AL,4
35503,JASPER,AL,4
35504,JASPER,AL,4
35540,ADDISON,AL,4
35541,ARLEY,AL,4
35542,BANKSTON,AL,4
35543,BEAR CREEK,AL,4
35544,BEAVERTON,AL,4
35545,BELK,AL,4
35546,BERRY,AL,4
35548,BRILLIANT,AL,4
35549,CARBON HILL,AL,4
35550,CORDOVA,AL,4
35551,HALEYVILLE,AL,4
35552,DETROIT,AL,4
35553,DOUBLE SPRINGS,AL,4
35554,CARBON HILL,AL,4
35555,FAYETTE,AL,4
35559,GLEN ALLEN,AL,4
35560,GOODSPRINGS,AL,4
35563,GUIN,AL,4
35564,HACKLEBURG,AL,4
35565,HALEYVILLE,AL,4
35570,HAMILTON,AL,4
35571,HACKLEBURG,AL,4
35572,HOUSTON,AL,4
35573,KANSAS,AL,4
35574,KENNEDY,AL,4
35575,LYNN,AL,4
35576,MILLPORT,AL,4
35577,NATURAL BRIDGE,AL,4
35578,NAUVOO,AL,4
35579,OAKMAN,AL,4
35580,PARRISH,AL,4
35581,PHIL CAMPBELL,AL,4
35582,RED BAY,AL,4
35584,SIPSEY,AL,4
35585,SPRUCE PINE,AL,4
35586,SULLIGENT,AL,4
35587,TOWNLEY,AL,4
35592,VERNON,AL,4
35593,RED BAY,AL,4
35594,WINFIELD,AL,4
35601,DECATUR,AL,4
35602,DECATUR,AL,4
35603,DECATUR,AL,4
35609,DECATUR,AL,4
35610,ANDERSON,AL,4
35611,ATHENS,AL,4
35612,ATHENS,AL,4
35613,ATHENS,AL,4
35614,ATHENS,AL,4
35615,BELLE MINA,AL,4
35616,CHEROKEE,AL,4
35617,CLOVERDALE,AL,4
35618,COURTLAND,AL,4
35619,DANVILLE,AL,4
35620,ELKMONT,AL,4
35621,EVA,AL,4
35622,FALKVILLE,AL,4
35630,FLORENCE,AL,4
35631,FLORENCE,AL,4
35633,FLORENCE,AL,4
35634,FLORENCE,AL,4
35640,HARTSELLE,AL,4
35643,HILLSBORO,AL,4
35645,KILLEN,AL,4
35646,LEIGHTON,AL,4
35647,ELKMONT,AL,4
35648,LEXINGTON,AL,4
35649,MOORESVILLE,AL,4
35650,MOULTON,AL,4
35651,MOUNT HOPE,AL,4
35652,ROGERSVILLE,AL,4
35653,RUSSELLVILLE,AL,4
35654,RUSSELLVILLE,AL,4
35660,SHEFFIELD,AL,4
35661,MUSCLE SHOALS,AL,4
35662,MUSCLE SHOALS,AL,4
35670,SOMERVILLE,AL,4
35671,TANNER,AL,4
35672,TOWN CREEK,AL,4
35673,TRINITY,AL,4
35674,TUSCUMBIA,AL,4
35677,WATERLOO,AL,4
35739,ARDMORE,TN,4
35740,BRIDGEPORT,AL,4
35741,BROWNSBORO,AL,4
35742,CAPSHAW,AL,4
35744,DUTTON,AL,4
35745,PRINCETON,AL,4
35746,STEVENSON,AL,4
35747,GRANT,AL,4
35748,GURLEY,AL,4
35749,HARVEST,AL,4
35750,HAZEL GREEN,AL,4
35752,HOLLYWOOD,AL,4
35754,LACEYS SPRING,AL,4
35755,LANGSTON,AL,4
35756,MADISON,AL,4
35757,MADISON,AL,4
35758,MADISON,AL,4
35759,MERIDIANVILLE,AL,4
35760,NEW HOPE,AL,4
35761,NEW MARKET,AL,4
35762,NORMAL,AL,4
35763,OWENS CROSS ROADS,AL,4
35764,PAINT ROCK,AL,4
35765,PISGAH,AL,4
35766,PRINCETON,AL,4
35767,RYLAND,AL,4
35768,SCOTTSBORO,AL,4
35769,SCOTTSBORO,AL,4
35771,SECTION,AL,4
35772,STEVENSON,AL,4
35773,TONEY,AL,4
35774,GURLEY,AL,4
35775,VALHERMOSO SPRINGS,AL,4
35776,WOODVILLE,AL,4
35801,CPU PROPST DRUGS 3,AL,4
35802,HAYSLAND,AL,4
35803,HAYSLAND,AL,4
35804,DOWNTOWN HUNTSVILLE,AL,4
35805,WEST,AL,4
35806,WYNN DRIVE,AL,4
35807,WEST,AL,4
35808,REDSTONE ARSENAL,AL,4
35810,MASTIN LAKE,AL,4
35811,MASTIN LAKE,AL,4
35812,REDSTONE ARSENAL,AL,4
35813,HUNTSVILLE,AL,4
35814,WYNN DRIVE,AL,4
35815,HAYSLAND,AL,4
35816,WYNN DRIVE,AL,4
35824,WEST,AL,4
35901,GADSDEN,AL,4
35902,GADSDEN,AL,4
35903,EAST GADSDEN,AL,4
35904,ALABAMA CITY,AL,4
35905,EAST GADSDEN,AL,4
35906,GADSDEN,AL,4
35907,GADSDEN,AL,4
35950,ALBERTVILLE,AL,4
35951,ALBERTVILLE,AL,4
35952,ALTOONA,AL,4
35953,ASHVILLE,AL,4
35954,ATTALLA,AL,4
35956,BOAZ,AL,4
35957,BOAZ,AL,4
35958,BRYANT,AL,4
35959,CEDAR BLUFF,AL,4
35960,CENTRE,AL,4
35961,COLLINSVILLE,AL,4
35962,CROSSVILLE,AL,4
35963,DAWSON,AL,4
35964,DOUGLAS,AL,4
35966,FLAT ROCK,AL,4
35967,FORT PAYNE,AL,4
35968,FORT PAYNE,AL,4
35971,FYFFE,AL,4
35972,GALLANT,AL,4
35973,CEDAR BLUFF,AL,4
35974,GERALDINE,AL,4
35975,GERALDINE,AL,4
35976,GUNTERSVILLE,AL,4
35978,HENAGAR,AL,4
35979,HIGDON,AL,4
35980,HORTON,AL,4
35981,IDER,AL,4
35983,LEESBURG,AL,4
35984,MENTONE,AL,4
35986,RAINSVILLE,AL,4
35987,STEELE,AL,4
35988,SYLVANIA,AL,4
35989,VALLEY HEAD,AL,4
35990,WALNUT GROVE,AL,4
36003,AUTAUGAVILLE,AL,4
36005,BANKS,AL,4
36006,BILLINGSLEY,AL,4
36008,PRATTVILLE,AL,4
36009,BRANTLEY,AL,4
36010,BRUNDIDGE,AL,4
36013,PIKE ROAD,AL,4
36015,CHAPMAN,AL,4
36016,CLAYTON,AL,4
36017,CLIO,AL,4
36020,COOSADA,AL,4
36022,DEATSVILLE,AL,4
36024,ECLECTIC,AL,4
36025,ELMORE,AL,4
36026,EQUALITY,AL,4
36027,EUFAULA,AL,4
36028,DOZIER,AL,4
36029,FITZPATRICK,AL,4
36030,FOREST HOME,AL,4
36031,FORT DAVIS,AL,4
36032,FORT DEPOSIT,AL,4
36033,GEORGIANA,AL,4
36034,GLENWOOD,AL,4
36035,GOSHEN,AL,4
36036,GRADY,AL,4
36037,GREENVILLE,AL,4
36038,GANTT,AL,4
36040,HAYNEVILLE,AL,4
36041,HIGHLAND HOME,AL,4
36042,GREENVILLE,AL,4
36043,HOPE HULL,AL,4
36046,LAPINE,AL,4
36047,LETOHATCHEE,AL,4
36048,LOUISVILLE,AL,4
36049,LUVERNE,AL,4
36051,DEATSVILLE,AL,4
36052,PIKE ROAD,AL,4
36053,MIDWAY,AL,4
36054,MILLBROOK,AL,4
36057,PIKE ROAD,AL,4
36064,PIKE ROAD,AL,4
36065,PINE LEVEL,AL,4
36066,PRATTVILLE,AL,4
36067,PRATTVILLE,AL,4
36068,PRATTVILLE,AL,4
36069,RAMER,AL,4
36071,LUVERNE,AL,4
36072,EUFAULA,AL,4
36075,SHORTER,AL,4
36078,TALLASSEE,AL,4
36079,TROY,AL,4
36080,TITUS,AL,4
36081,TROY,AL,4
36083,TUSKEGEE,AL,4
36087,TUSKEGEE INSTITUTE,AL,4
36088,TUSKEGEE,AL,4
36089,UNION SPRINGS,AL,4
36091,DEATSVILLE,AL,4
36092,WETUMPKA,AL,4
36093,WETUMPKA,AL,4
36101,DOWNTOWN MONTGOMERY,AL,4
36102,DOWNTOWN MONTGOMERY,AL,4
36103,DOWNTOWN MONTGOMERY,AL,4
36104,DOWNTOWN MONTGOMERY,AL,4
36105,CLOVERLAND,AL,4
36106,CAROLYN,AL,4
36107,DOWNTOWN MONTGOMERY,AL,4
36108,WESTSIDE,AL,4
36109,EASTBROOK,AL,4
36110,DOWNTOWN MONTGOMERY,AL,4
36111,CLOVERLAND,AL,4
36113,WESTSIDE,AL,4
36115,LAGOON PARK,AL,4
36116,SOUTH,AL,4
36117,LAGOON PARK,AL,4
36120,SOUTH,AL,4
36121,LAGOON PARK,AL,4
36123,SHAKESPEARE,AL,4
36124,MONTGOMERY,AL,4
36125,CLOVERLAND,AL,4
36201,ANNISTON,AL,4
36202,ANNISTON,AL,4
36203,ANNISTON,AL,4
36204,BLUE MOUNTAIN,AL,4
36205,ANNISTON,AL,4
36206,ANNISTON,AL,4
36207,ANNISTON,AL,4
36250,ALEXANDRIA,AL,4
36251,ASHLAND,AL,4
36253,BYNUM,AL,4
36254,CHOCCOLOCCO,AL,4
36255,CRAGFORD,AL,4
36256,DAVISTON,AL,4
36257,DE ARMANVILLE,AL,4
36258,DELTA,AL,4
36260,EASTABOGA,AL,4
36261,HEFLIN,AL,4
36262,FRUITHURST,AL,4
36263,GRAHAM,AL,4
36264,HEFLIN,AL,4
36265,JACKSONVILLE,AL,4
36266,LINEVILLE,AL,4
36267,ASHLAND,AL,4
36268,MUNFORD CARRIERS,AL,4
36269,MUSCADINE,AL,4
36271,OHATCHEE,AL,4
36272,PIEDMONT,AL,4
36273,RANBURNE,AL,4
36274,ROANOKE,AL,4
36275,SPRING GARDEN,AL,4
36276,WADLEY,AL,4
36277,WEAVER,AL,4
36278,WEDOWEE,AL,4
36279,OHATCHEE,AL,4
36280,WOODLAND,AL,4
36301,DOTHAN,AL,4
36302,DOTHAN,AL,4
36303,NORTHSIDE,AL,4
36304,NORTHSIDE,AL,4
36305,DOTHAN,AL,4
36310,ABBEVILLE,AL,4
36311,ARITON,AL,4
36312,ASHFORD,AL,4
36313,BELLWOOD,AL,4
36314,BLACK,AL,4
36316,CHANCELLOR,AL,4
36317,ABBEVILLE,AL,4
36318,COFFEE SPRINGS,AL,4
36319,COLUMBIA,AL,4
36320,COTTONWOOD,AL,4
36321,COWARTS,AL,4
36322,DALEVILLE,AL,4
36323,ELBA,AL,4
36330,ENTERPRISE,AL,4
36331,ENTERPRISE,AL,4
36340,GENEVA,AL,4
36343,GORDON,AL,4
36344,HARTFORD,AL,4
36345,HEADLAND,AL,4
36346,JACK,AL,4
36349,SLOCOMB,AL,4
36350,MIDLAND CITY,AL,4
36351,NEW BROCKTON,AL,4
36352,NEWTON,AL,4
36353,HEADLAND,AL,4
36360,OZARK,AL,4
36361,OZARK,AL,4
36362,DALEVILLE,AL,4
36370,ASHFORD,AL,4
36371,PINCKARD,AL,4
36373,ABBEVILLE,AL,4
36374,OZARK,AL,4
36375,SLOCOMB,AL,4
36376,WEBB,AL,4
36401,EVERGREEN,AL,4
36420,ANDALUSIA,AL,4
36421,ANDALUSIA,AL,4
36425,BEATRICE,AL,4
36426,BREWTON,AL,4
36427,BREWTON,AL,4
36432,CASTLEBERRY,AL,4
36435,CAMDEN,AL,4
36436,FULTON,AL,4
36439,EXCEL,AL,4
36441,FLOMATON,AL,4
36442,FLORALA,AL,4
36444,FRANKLIN,AL,4
36445,FRISCO CITY,AL,4
36446,FULTON,AL,4
36451,GROVE HILL,AL,4
36453,KINSTON,AL,4
36454,REPTON,AL,4
36455,LOCKHART,AL,4
36456,MC KENZIE,AL,4
36458,MEXIA,AL,4
36460,MONROEVILLE,AL,4
36461,MONROEVILLE,AL,4
36467,OPP,AL,4
36470,PERDUE HILL,AL,4
36471,PETERMAN,AL,4
36473,REPTON,AL,4
36474,RED LEVEL,AL,4
36475,REPTON,AL,4
36476,RIVER FALLS,AL,4
36477,SAMSON,AL,4
36480,URIAH,AL,4
36481,VREDENBURGH,AL,4
36482,GROVE HILL,AL,4
36483,WING,AL,4
36502,ATMORE,AL,4
36504,ATMORE,AL,4
36505,AXIS,AL,4
36507,BAY MINETTE,AL,4
36509,BAYOU LA BATRE,AL,4
36511,BON SECOUR,AL,4
36512,BUCKS,AL,4
36513,CALVERT,AL,4
36518,CHATOM,AL,4
36521,CHUNCHULA,AL,4
36522,CITRONELLE,AL,4
36523,CODEN,AL,4
36524,COFFEEVILLE,AL,4
36525,CREOLA,AL,4
36526,DAPHNE,AL,4
36527,DAPHNE,AL,4
36528,DAUPHIN ISLAND,AL,4
36529,DEER PARK,AL,4
36530,ELBERTA,AL,4
36532,FAIRHOPE,AL,4
36533,FAIRHOPE,AL,4
36535,FOLEY,AL,4
36536,FOLEY,AL,4
36538,FRANKVILLE,AL,4
36539,FRUITDALE,AL,4
36540,GAINESTOWN,AL,4
36541,GRAND BAY,AL,4
36542,GULF SHORES,AL,4
36543,ATMORE,AL,4
36544,IRVINGTON,AL,4
36545,JACKSON,AL,4
36547,GULF SHORES,AL,4
36548,LEROY,AL,4
36549,LILLIAN,AL,4
36550,LITTLE RIVER,AL,4
36551,LOXLEY,AL,4
36553,MC INTOSH,AL,4
36555,MAGNOLIA SPRINGS,AL,4
36556,MALCOLM,AL,4
36558,MILLRY,AL,4
36559,MONTROSE,AL,4
36560,MOUNT VERNON,AL,4
36561,ORANGE BEACH,AL,4
36562,PERDIDO,AL,4
36564,POINT CLEAR,AL,4
36567,ROBERTSDALE,AL,4
36568,SAINT ELMO,AL,4
36569,SAINT STEPHENS,AL,4
36571,SARALAND,AL,4
36572,SATSUMA,AL,4
36574,ROBERTSDALE,AL,4
36575,SEMMES,AL,4
36576,SILVERHILL,AL,4
36577,DAPHNE,AL,4
36578,BAY MINETTE,AL,4
36579,BAY MINETTE,AL,4
36580,SUMMERDALE,AL,4
36581,MC INTOSH,AL,4
36582,THEODORE,AL,4
36583,TIBBIE,AL,4
36584,FRUITDALE,AL,4
36585,MC INTOSH,AL,4
36587,WILMER,AL,4
36590,THEODORE,AL,4
36601,MOBILE,AL,4
36602,MIDTOWN,AL,4
36603,MIDTOWN,AL,4
36604,MIDTOWN,AL,4
36605,BAYSIDE,AL,4
36606,LOOP,AL,4
36607,MIDTOWN,AL,4
36608,SPRING HILL,AL,4
36609,COTTAGE HILL,AL,4
36610,PRICHARD,AL,4
36611,PRICHARD,AL,4
36612,PRICHARD,AL,4
36613,PRICHARD,AL,4
36615,BAYSIDE,AL,4
36616,BEL AIR,AL,4
36617,PRICHARD,AL,4
36618,TOWNE WEST,AL,4
36619,TILLMANS CORNER,AL,4
36633,MOBILE,AL,4
36640,MIDTOWN,AL,4
36652,MOBILE,AL,4
36660,LOOP,AL,4
36663,PRICHARD,AL,4
36670,CRICHTON,AL,4
36671,CHICKASAW,AL,4
36685,PLAZA DE MALAGA,AL,4
36689,SPRING HILL,AL,4
36691,COTTAGE HILL,AL,4
36693,COTTAGE HILL,AL,4
36695,AIRPORT,AL,4
36701,SELMA,AL,4
36702,SELMA,AL,4
36703,SELMA,AL,4
36720,CATHERINE,AL,4
36722,ARLINGTON,AL,4
36723,BOYKIN,AL,4
36726,CAMDEN,AL,4
36727,THOMASVILLE,AL,4
36728,CATHERINE,AL,4
36732,DEMOPOLIS,AL,4
36736,DIXONS MILLS,AL,4
36738,FAUNSDALE,AL,4
36740,FORKLAND,AL,4
36741,FURMAN,AL,4
36742,GALLION,AL,4
36744,GREENSBORO,AL,4
36748,LINDEN,AL,4
36749,JONES,AL,4
36750,MAPLESVILLE,AL,4
36751,LOWER PEACH TREE,AL,4
36752,LOWNDESBORO,AL,4
36753,PINE APPLE,AL,4
36754,ARLINGTON,AL,4
36756,MARION,AL,4
36758,PLANTERSVILLE,AL,4
36759,MARION JUNCTION,AL,4
36761,MINTER,AL,4
36763,MYRTLEWOOD,AL,4
36764,NANAFALIA,AL,4
36765,NEWBERN,AL,4
36766,OAK HILL,AL,4
36767,ORRVILLE,AL,4
36768,PINE APPLE,AL,4
36769,PINE HILL,AL,4
36775,SARDIS,AL,4
36776,SAWYERVILLE,AL,4
36782,SWEET WATER,AL,4
36783,LINDEN,AL,4
36784,THOMASVILLE,AL,4
36785,TYLER,AL,4
36786,UNIONTOWN,AL,4
36790,STANTON,AL,4
36792,RANDOLPH,AL,4
36793,MAPLESVILLE,AL,4
36801,OPELIKA,AL,4
36803,OPELIKA,AL,4
36804,OPELIKA,AL,4
36830,AUBURN,AL,4
36831,AUBURN,AL,4
36832,AUBURN,AL,4
36850,CAMP HILL,AL,4
36851,COTTONTON,AL,4
36852,CUSSETA,AL,4
36853,DADEVILLE,AL,4
36854,VALLEY,AL,4
36855,FIVE POINTS,AL,4
36856,FORT MITCHELL,AL,4
36858,HATCHECHUBBEE,AL,4
36860,HURTSBORO,AL,4
36861,JACKSONS GAP,AL,4
36862,LAFAYETTE,AL,4
36863,LANETT,AL,4
36865,NOTASULGA,AL,4
36866,NOTASULGA,AL,4
36867,PHENIX CITY,AL,4
36868,PHENIX CITY,AL,4
36869,PHENIX CITY,AL,4
36870,PHENIX CITY ANNEX,AL,4
36871,PITTSVIEW,AL,4
36874,SALEM,AL,4
36875,SEALE,AL,4
36877,SMITHS STATION,AL,4
36879,AUBURN,AL,4
36901,BELLAMY,AL,4
36904,BUTLER,AL,4
36907,CUBA,AL,4
36908,GILBERTOWN,AL,4
36910,LISMAN,AL,4
36912,LISMAN,AL,4
36913,GILBERTOWN,AL,4
36915,BUTLER,AL,4
36916,PENNINGTON,AL,4
36919,SILAS,AL,4
36921,TOXEY,AL,4
36922,WARD,AL,4
36925,YORK,AL,4
37010,ADAMS,TN,4
37011,ANTIOCH,TN,4
37012,ALEXANDRIA,TN,4
37013,ANTIOCH,TN,4
37014,ARRINGTON,TN,4
37015,ASHLAND CITY,TN,4
37016,AUBURNTOWN,TN,4
37018,BEECHGROVE,TN,4
37019,BELFAST,TN,4
37020,BELL BUCKLE,TN,4
37022,BETHPAGE,TN,4
37023,BIG ROCK,TN,4
37024,BRENTWOOD,TN,4
37025,BON AQUA,TN,4
37026,BRADYVILLE,TN,4
37027,BRENTWOOD,TN,4
37028,BUMPUS MILLS,TN,4
37029,BURNS,TN,4
37030,CARTHAGE,TN,4
37031,CASTALIAN SPRINGS,TN,4
37032,CEDAR HILL,TN,4
37033,CENTERVILLE,TN,4
37034,CHAPEL HILL,TN,4
37035,ASHLAND CITY,TN,4
37036,CHARLOTTE,TN,4
37037,CHRISTIANA,TN,4
37040,CLARKSVILLE,TN,4
37041,DOWNTOWN CLARKSVILLE,TN,4
37042,RINGGOLD MILL,TN,4
37043,CLARKSVILLE,TN,4
37046,ARRINGTON,TN,4
37047,CORNERSVILLE,TN,4
37048,COTTONTOWN,TN,4
37049,CROSS PLAINS,TN,4
37050,CUMBERLAND CITY,TN,4
37051,CUMBERLAND FURNACE,TN,4
37052,CUNNINGHAM,TN,4
37055,DICKSON,TN,4
37056,DICKSON,TN,4
37057,DIXON SPRINGS,TN,4
37058,DOVER,TN,4
37059,DOWELLTOWN,TN,4
37060,EAGLEVILLE,TN,4
37061,ERIN,TN,4
37062,FAIRVIEW,TN,4
37064,FRANKLIN,TN,4
37065,FRANKLIN,TN,4
37066,GALLATIN,TN,4
37067,FRANKLIN,TN,4
37068,FRANKLIN,TN,4
37069,FRANKLIN,TN,4
37070,GOODLETTSVILLE,TN,4
37071,GLADEVILLE,TN,4
37072,GOODLETTSVILLE,TN,4
37073,GOODLETTSVILLE,TN,4
37074,HARTSVILLE,TN,4
37075,HENDERSONVILLE,TN,4
37076,HERMITAGE,TN,4
37077,HENDERSONVILLE,TN,4
37078,HURRICANE MILLS,TN,4
37079,INDIAN MOUND,TN,4
37080,JOELTON,TN,4
37082,KINGSTON SPRINGS,TN,4
37083,LAFAYETTE,TN,4
37085,LASCASSAS,TN,4
37086,LA VERGNE,TN,4
37087,SOUTHSIDE ANNEX,TN,4
37088,LEBANON,TN,4
37090,LEBANON,TN,4
37091,LEWISBURG,TN,4
37095,LIBERTY,TN,4
37096,LINDEN,TN,4
37097,LOBELVILLE,TN,4
37098,LYLES,TN,4
37101,MC EWEN,TN,4
37110,MCMINNVILLE,TN,4
37111,MCMINNVILLE,TN,4
37115,MADISON,TN,4
37116,MADISON,TN,4
37118,LASCASSAS,TN,4
37121,MOUNT JULIET,TN,4
37122,MOUNT JULIET,TN,4
37127,CHURCH STREET STATION,TN,4
37128,MURFREESBORO,TN,4
37129,MURFREESBORO,TN,4
37130,CHURCH STREET STATION,TN,4
37133,CHURCH STREET STATION,TN,4
37134,NEW JOHNSONVILLE,TN,4
37135,NOLENSVILLE,TN,4
37137,NUNNELLY,TN,4
37138,OLD HICKORY,TN,4
37140,NUNNELLY,TN,4
37141,CROSS PLAINS,TN,4
37142,CUNNINGHAM,TN,4
37143,PEGRAM,TN,4
37144,PETERSBURG,TN,4
37145,PLEASANT SHADE,TN,4
37146,PLEASANT VIEW,TN,4
37148,PORTLAND,TN,4
37149,READYVILLE,TN,4
37150,RED BOILING SPRINGS,TN,4
37151,RIDDLETON,TN,4
37152,GREENBRIER,TN,4
37153,ROCKVALE,TN,4
37160,SHELBYVILLE,TN,4
37162,SHELBYVILLE,TN,4
37165,SLAYDEN,TN,4
37166,SMITHVILLE,TN,4
37167,SMYRNA,TN,4
37171,CUNNINGHAM,TN,4
37172,SPRINGFIELD,TN,4
37174,SPRING HILL,TN,4
37175,STEWART,TN,4
37178,ERIN,TN,4
37179,THOMPSONS STATION,TN,4
37180,UNIONVILLE,TN,4
37181,VANLEER,TN,4
37183,WARTRACE,TN,4
37184,WATERTOWN,TN,4
37185,WAVERLY,TN,4
37186,WESTMORELAND,TN,4
37187,WHITE BLUFF,TN,4
37188,WHITE HOUSE,TN,4
37189,MADISON,TN,4
37190,WOODBURY,TN,4
37191,RINGGOLD MILL,TN,4
37201,BROADWAY RETAIL,TN,4
37202,BROADWAY RETAIL,TN,4
37203,CHURCH STREET,TN,4
37204,MELROSE,TN,4
37205,BELLE MEADE,TN,4
37206,EAST NASHVILLE,TN,4
37207,NORTHEAST,TN,4
37208,METRO,TN,4
37209,WEST,TN,4
37210,SOUTH NASHVILLE,TN,4
37211,WOODBINE,TN,4
37212,ACKLEN,TN,4
37213,EAST NASHVILLE,TN,4
37214,DONELSON,TN,4
37215,GREEN HILLS,TN,4
37216,JERE BAXTER,TN,4
37217,GLENVIEW,TN,4
37218,METRO,TN,4
37219,BROADWAY RETAIL,TN,4
37220,MELROSE,TN,4
37221,BELLEVUE,TN,4
37222,WOODBINE,TN,4
37224,SOUTH NASHVILLE,TN,4
37228,METRO,TN,4
37229,NASHVILLE MAIN OFFICE WINDOW,TN,4
37230,NASHVILLE MAIN OFFICE WINDOW,TN,4
37238,BROADWAY RETAIL,TN,4
37301,ALTAMONT,TN,4
37302,APISON,TN,4
37303,ATHENS,TN,4
37305,BEERSHEBA SPRINGS,TN,4
37306,BELVIDERE,TN,4
37307,BENTON,TN,4
37308,BIRCHWOOD,TN,4
37309,CALHOUN,TN,4
37310,CHARLESTON,TN,4
37311,CLEVELAND,TN,4
37312,CLEVELAND,TN,4
37313,COALMONT,TN,4
37314,COKER CREEK,TN,4
37315,COLLEGEDALE,TN,4
37316,TENNGA,GA,4
37317,COPPERHILL,TN,4
37318,COWAN,TN,4
37320,CLEVELAND,TN,4
37321,DAYTON,TN,4
37322,DECATUR,TN,4
37323,CLEVELAND,TN,4
37324,DECHERD,TN,4
37325,DELANO,TN,4
37326,DUCKTOWN,TN,4
37327,DUNLAP,TN,4
37328,ELORA,TN,4
37329,ATHENS,TN,4
37330,ESTILL SPRINGS,TN,4
37331,ETOWAH,TN,4
37332,EVENSVILLE,TN,4
37333,FARNER,TN,4
37334,FAYETTEVILLE,TN,4
37335,FLINTVILLE,TN,4
37336,GEORGETOWN,TN,4
37337,SPRING CITY,TN,4
37338,GRAYSVILLE,TN,4
37339,GRUETLI LAAGER,TN,4
37340,GUILD,TN,4
37341,HARRISON,TN,4
37342,HILLSBORO,TN,4
37343,HIXSON,TN,4
37345,HUNTLAND,TN,4
37347,JASPER,TN,4
37348,KELSO,TN,4
37349,MANCHESTER,TN,4
37350,LOOKOUT MOUNTAIN,TN,4
37351,HIXSON,TN,4
37352,LYNCHBURG,TN,4
37353,MC DONALD,TN,4
37354,MADISONVILLE,TN,4
37355,MANCHESTER,TN,4
37356,MONTEAGLE,TN,4
37357,MANCHESTER,TN,4
37359,MULBERRY,TN,4
37360,NORMANDY,TN,4
37361,BENTON,TN,4
37362,OLD FORT,TN,4
37363,OOLTEWAH,TN,4
37364,DOWNTOWN CLEVELAND,TN,4
37365,PALMER,TN,4
37366,PELHAM,TN,4
37367,PIKEVILLE,TN,4
37369,DELANO,TN,4
37370,RICEVILLE,TN,4
37371,ATHENS,TN,4
37373,SALE CREEK,TN,4
37374,SEQUATCHIE,TN,4
37375,SEWANEE,TN,4
37376,SEWANEE,TN,4
37377,SIGNAL MOUNTAIN,TN,4
37378,SMARTT,TN,4
37379,SODDY DAISY,TN,4
37380,SOUTH PITTSBURG,TN,4
37381,SPRING CITY,TN,4
37382,SUMMITVILLE,TN,4
37384,SODDY DAISY,TN,4
37385,TELLICO PLAINS,TN,4
37387,MONTEAGLE,TN,4
37388,TULLAHOMA,TN,4
37391,TURTLETOWN,TN,4
37394,VIOLA,TN,4
37396,WHITESIDE,TN,4
37397,WHITWELL,TN,4
37398,WINCHESTER,TN,4
37401,DOWNTOWN CHATTANOOGA,TN,4
37402,DOWNTOWN CHATTANOOGA,TN,4
37403,DOWNTOWN CHATTANOOGA,TN,4
37404,HIGHLAND PARK,TN,4
37405,NORTH CHATTANOOGA,TN,4
37406,EAST CHATTANOOGA,TN,4
37407,SOUTH CHATTANOOGA,TN,4
37408,DOWNTOWN CHATTANOOGA,TN,4
37409,SOUTH CHATTANOOGA,TN,4
37410,SOUTH CHATTANOOGA,TN,4
37411,EASTGATE,TN,4
37412,EAST RIDGE,TN,4
37414,EASTGATE,TN,4
37415,RED BANK,TN,4
37416,MURRAY LAKE HILLS,TN,4
37419,SOUTH CHATTANOOGA,TN,4
37421,EASTGATE,TN,4
37422,CHATT MAIN OFFICE WINDOW,TN,4
37424,CHICKAMAUGA,TN,4
37450,DOWNTOWN CHATTANOOGA,TN,4
37601,JOHNSON CITY TN SDC,TN,4
37602,CARROLL REECE,TN,4
37604,JOHNSON CITY TN SDC,TN,4
37605,JOHNSON CITY,TN,4
37615,GRAY,TN,4
37616,AFTON,TN,4
37617,BLOUNTVILLE,TN,4
37618,BLUFF CITY,TN,4
37620,BRISTOL,VA,4
37621,BRISTOL,VA,4
37625,VOLUNTEER,TN,4
37640,BUTLER,TN,4
37641,CHUCKEY,TN,4
37642,CHURCH HILL,TN,4
37643,ELIZABETHTON,TN,4
37644,ELIZABETHTON,TN,4
37645,CHURCH HILL,TN,4
37650,ERWIN,TN,4
37656,FALL BRANCH,TN,4
37657,FLAG POND,TN,4
37658,HAMPTON,TN,4
37659,JONESBOROUGH,TN,4
37660,KINGSPORT,TN,4
37662,DOWNTOWN KINGSPORT,TN,4
37663,COLONIAL HEIGHTS,TN,4
37664,KINGSPORT,TN,4
37665,DOWNTOWN KINGSPORT,TN,4
37680,MOUNTAIN CITY,TN,4
37681,LIMESTONE,TN,4
37682,MILLIGAN,TN,4
37683,MOUNTAIN CITY,TN,4
37684,MOUNTAIN HOME,TN,4
37686,PINEY FLATS,TN,4
37687,ROAN MOUNTAIN,TN,4
37688,SHADY VALLEY,TN,4
37690,TELFORD,TN,4
37691,TRADE,TN,4
37692,ERWIN,TN,4
37694,ELIZABETHTON,TN,4
37701,ALCOA,TN,4
37705,ANDERSONVILLE,TN,4
37707,HARROGATE,TN,4
37708,BEAN STATION,TN,4
37709,BLAINE,TN,4
37710,BRICEVILLE,TN,4
37711,BULLS GAP,TN,4
37713,BYBEE,TN,4
37714,CARYVILLE,TN,4
37715,CLAIRFIELD,TN,4
37716,CLINTON,TN,4
37717,CLINTON,TN,4
37719,COALFIELD,TN,4
37721,CORRYTON,TN,4
37722,COSBY,TN,4
37723,CRAB ORCHARD,TN,4
37724,CUMBERLAND GAP,TN,4
37725,DANDRIDGE,TN,4
37726,DEER LODGE,TN,4
37727,DEL RIO,TN,4
37729,LA FOLLETTE,TN,4
37730,EAGAN,TN,4
37731,EIDSON,TN,4
37732,ELGIN,TN,4
37737,FRIENDSVILLE,TN,4
37738,GATLINBURG,TN,4
37742,GREENBACK,TN,4
37743,GREENEVILLE,TN,4
37744,GREENEVILLE,TN,4
37745,GREENEVILLE,TN,4
37748,HARRIMAN,TN,4
37752,HARROGATE,TN,4
37753,COSBY,TN,4
37754,HEISKELL,TN,4
37755,HELENWOOD,TN,4
37756,HUNTSVILLE,TN,4
37757,JACKSBORO,TN,4
37760,JEFFERSON CITY,TN,4
37762,JELLICO,TN,4
37763,KINGSTON,TN,4
37764,KODAK,TN,4
37765,SNEEDVILLE,TN,4
37766,LA FOLLETTE,TN,4
37769,ROCKY TOP,TN,4
37770,LANCING,TN,4
37771,LENOIR CITY,TN,4
37772,LENOIR CITY CARRIER ANNEX,TN,4
37773,NEW TAZEWELL,TN,4
37774,LOUDON,TN,4
37777,LOUISVILLE,TN,4
37779,LUTTRELL,TN,4
37801,MARYVILLE,TN,4
37802,MARYVILLE,TN,4
37803,MARYVILLE,TN,4
37804,MARYVILLE,TN,4
37806,MASCOT,TN,4
37807,MAYNARDVILLE,TN,4
37809,MOSHEIM,TN,4
37810,MOHAWK,TN,4
37811,BEAN STATION,TN,4
37813,MORRISTOWN,TN,4
37814,MORRISTOWN,TN,4
37815,MORRISTOWN,TN,4
37816,HENRY STREET,TN,4
37818,MOSHEIM,TN,4
37819,JELLICO,TN,4
37820,NEW MARKET,TN,4
37821,NEWPORT,TN,4
37822,NEWPORT,TN,4
37824,NEW TAZEWELL,TN,4
37825,NEW TAZEWELL,TN,4
37826,NIOTA,TN,4
37828,NORRIS,TN,4
37829,OAKDALE,TN,4
37830,OAK RIDGE,TN,4
37831,JACKSON SQUARE,TN,4
37840,OLIVER SPRINGS,TN,4
37841,ONEIDA,TN,4
37843,PARROTTSVILLE,TN,4
37845,PETROS,TN,4
37846,PHILADELPHIA,TN,4
37847,HUNTSVILLE,TN,4
37848,WASHBURN,TN,4
37849,POWELL,TN,4
37852,ROBBINS,TN,4
37853,ROCKFORD,TN,4
37854,ROCKWOOD,TN,4
37857,ROGERSVILLE,TN,4
37860,RUSSELLVILLE,TN,4
37861,RUTLEDGE,TN,4
37862,SEVIERVILLE,TN,4
37863,PIGEON FORGE,TN,4
37864,SEVIERVILLE,TN,4
37865,SEYMOUR,TN,4
37866,SHARPS CHAPEL,TN,4
37867,HARROGATE,TN,4
37868,PIGEON FORGE,TN,4
37869,SNEEDVILLE,TN,4
37870,SPEEDWELL,TN,4
37871,STRAWBERRY PLAINS,TN,4
37872,SUNBRIGHT,TN,4
37873,SURGOINSVILLE,TN,4
37874,SWEETWATER,TN,4
37876,SEVIERVILLE,TN,4
37877,TALBOTT,TN,4
37878,MARYVILLE,TN,4
37879,NEW TAZEWELL,TN,4
37880,TEN MILE,TN,4
37881,THORN HILL,TN,4
37882,TOWNSEND,TN,4
37885,VONORE,TN,4
37886,WALLAND,TN,4
37887,WARTBURG,TN,4
37888,WASHBURN,TN,4
37890,WHITE PINE,TN,4
37891,WHITESBURG,TN,4
37892,WINFIELD,TN,4
37901,DOWNTOWN KNOXVILLE,TN,4
37902,DOWNTOWN KNOXVILLE,TN,4
37909,NORTHWEST ANNEX,TN,4
37912,NORTHWEST ANNEX,TN,4
37914,BURLINGTON,TN,4
37915,DOWNTOWN KNOXVILLE,TN,4
37916,DOWNTOWN KNOXVILLE,TN,4
37917,NORTH KNOXVILLE,TN,4
37918,FOUNTAIN CITY,TN,4
37919,WEST KNOXVILLE,TN,4
37920,SOUTH KNOXVILLE,TN,4
37921,CPU KARNS,TN,4
37922,CONCORD,TN,4
37923,CEDAR BLUFF,TN,4
37924,BURLINGTON,TN,4
37927,NORTH KNOXVILLE,TN,4
37928,FOUNTAIN CITY,TN,4
37929,DOWNTOWN KNOXVILLE,TN,4
37930,CEDAR BLUFF,TN,4
37931,CEDAR BLUFF,TN,4
37932,CEDAR BLUFF,TN,4
37933,FARRAGUT,TN,4
37934,CONCORD,TN,4
37938,HALLS STATION,TN,4
37939,WEST KNOXVILLE,TN,4
37940,SOUTH KNOXVILLE,TN,4
37950,KNOXVILLE MAIN OFFICE WINDOW,TN,4
38001,ALAMO,TN,4
38002,ARLINGTON,TN,4
38004,ATOKA,TN,4
38006,BELLS,TN,4
38007,DYERSBURG,TN,4
38008,BOLIVAR,TN,4
38010,MASON,TN,4
38011,BRIGHTON,TN,4
38012,BROWNSVILLE,TN,4
38014,BRUNSWICK,TN,4
38015,BURLISON,TN,4
38016,CORDOVA,TN,4
38017,COLLIERVILLE,TN,4
38018,CORDOVA,TN,4
38019,COVINGTON,TN,4
38021,CROCKETT MILLS,TN,4
38023,DRUMMONDS,TN,4
38024,DYERSBURG,TN,4
38025,DYERSBURG,TN,4
38027,COLLIERVILLE,TN,4
38028,EADS,TN,4
38029,ELLENDALE,TN,4
38030,FINLEY,TN,4
38034,FRIENDSHIP,TN,4
38036,GALLAWAY,TN,4
38037,GATES,TN,4
38039,GRAND JUNCTION,TN,4
38040,HALLS,TN,4
38041,HENNING,TN,4
38042,GRAND JUNCTION,TN,4
38044,BOLIVAR,TN,4
38046,LA GRANGE,TN,4
38047,DYERSBURG,TN,4
38048,OAKLAND,TN,4
38049,MASON,TN,4
38050,MAURY CITY,TN,4
38052,MIDDLETON,TN,4
38053,MILLINGTON,TN,4
38054,NAVAL AIR STATION MEMPHIS,TN,4
38057,MOSCOW,TN,4
38058,MUNFORD,TN,4
38059,NEWBERN,TN,4
38060,OAKLAND,TN,4
38061,POCAHONTAS,TN,4
38063,RIPLEY,TN,4
38066,ROSSVILLE,TN,4
38067,SAULSBURY,TN,4
38068,SOMERVILLE,TN,4
38069,STANTON,TN,4
38070,TIGRETT,TN,4
38071,TIPTON,TN,4
38075,WHITEVILLE,TN,4
38076,SOMERVILLE,TN,4
38077,WYNNBURG,TN,4
38079,TIPTONVILLE,TN,4
38080,RIDGELY,TN,4
38083,MILLINGTON,TN,4
38088,CORDOVA,TN,4
38101,MEMPHIS,TN,4
38103,DESOTO,TN,4
38104,CROSSTOWN,TN,4
38105,CROSSTOWN,TN,4
38106,DESOTO,TN,4
38107,NORTH MEMPHIS,TN,4
38108,HOLLYWOOD,TN,4
38109,MALLORY,TN,4
38111,EAST MEMPHIS,TN,4
38112,HOLLYWOOD,TN,4
38113,RIVERSIDE,TN,4
38114,EAST/LAMAR CARRIER ANNEX,TN,4
38115,HICKORY HILL,TN,4
38116,WHITEHAVEN,TN,4
38117,MENDENHALL,TN,4
38118,HOLIDAY CITY,TN,4
38119,WHITE,TN,4
38120,WHITE,TN,4
38122,HIGHLAND HEIGHTS,TN,4
38124,COLONIAL,TN,4
38125,HACKS CROSS,TN,4
38126,DESOTO,TN,4
38127,FRAYSER,TN,4
38128,RALEIGH,TN,4
38130,HOLIDAY CITY,TN,4
38131,WHITEHAVEN,TN,4
38132,WHITEHAVEN,TN,4
38133,BARTLETT,TN,4
38134,BARTLETT,TN,4
38135,BARTLETT,TN,4
38137,MENDENHALL,TN,4
38138,GERMANTOWN,TN,4
38139,GERMANTOWN,TN,4
38141,HICKORY HILL,TN,4
38157,MENDENHALL,TN,4
38167,FRAYSER,TN,4
38168,RALEIGH,TN,4
38173,PEABODY PLACE,TN,4
38174,CROSSTOWN,TN,4
38175,HICKORY HILL,TN,4
38177,MENDENHALL,TN,4
38181,HOLIDAY CITY,TN,4
38182,HOLLYWOOD,TN,4
38183,GERMANTOWN,TN,4
38184,BARTLETT,TN,4
38186,WHITEHAVEN,TN,4
38187,WHITE,TN,4
38190,MALLORY,TN,4
38201,MC KENZIE,TN,4
38220,ATWOOD,TN,4
38221,BIG SANDY,TN,4
38222,BUCHANAN,TN,4
38223,COMO,TN,4
38224,COTTAGE GROVE,TN,4
38225,DRESDEN,TN,4
38226,DUKEDOM,TN,4
38229,DRESDEN,TN,4
38230,GREENFIELD,TN,4
38231,HENRY,TN,4
38232,HORNBEAK,TN,4
38233,KENTON,TN,4
38235,MC LEMORESVILLE,TN,4
38236,MANSFIELD,TN,4
38237,MARTIN,TN,4
38240,OBION,TN,4
38241,PALMERSVILLE,TN,4
38242,PARIS,TN,4
38251,PURYEAR,TN,4
38253,RIVES,TN,4
38255,GREENFIELD,TN,4
38256,SPRINGVILLE,TN,4
38257,FULTON,KY,4
38258,ATWOOD,TN,4
38259,OBION,TN,4
38260,TROY,TN,4
38261,UNION CITY,TN,4
38271,WOODLAND MILLS,TN,4
38281,UNION CITY,TN,4
38301,JACKSON,TN,4
38302,JACKSON,TN,4
38303,TOM MURRAY,TN,4
38305,NORTH JACKSON,TN,4
38308,NORTH JACKSON,TN,4
38310,ADAMSVILLE,TN,4
38311,BATH SPRINGS,TN,4
38313,BEECH BLUFF,TN,4
38314,BEMIS,TN,4
38315,BETHEL SPRINGS,TN,4
38316,BRADFORD,TN,4
38317,BRUCETON,TN,4
38318,BRUCETON,TN,4
38320,CAMDEN,TN,4
38321,CEDAR GROVE,TN,4
38324,CLARKSBURG,TN,4
38326,COUNCE,TN,4
38327,ADAMSVILLE,TN,4
38328,PARSONS,TN,4
38329,DECATURVILLE,TN,4
38330,DYER,TN,4
38332,ENVILLE,TN,4
38333,EVA,TN,4
38334,FINGER,TN,4
38337,GADSDEN,TN,4
38338,GIBSON,TN,4
38339,GUYS,TN,4
38340,HENDERSON,TN,4
38341,HOLLADAY,TN,4
38342,BRUCETON,TN,4
38343,HUMBOLDT,TN,4
38344,HUNTINGDON,TN,4
38345,LURAY,TN,4
38346,IDLEWILD,TN,4
38347,JACKS CREEK,TN,4
38348,LAVINIA,TN,4
38351,LEXINGTON,TN,4
38352,BEECH BLUFF,TN,4
38355,MEDINA,TN,4
38356,MEDON,TN,4
38357,MICHIE,TN,4
38358,MILAN,TN,4
38359,MILLEDGEVILLE,TN,4
38361,MORRIS CHAPEL,TN,4
38362,OAKFIELD,TN,4
38363,PARSONS,TN,4
38365,PICKWICK DAM,TN,4
38366,PINSON,TN,4
38367,RAMER,TN,4
38368,REAGAN,TN,4
38369,DYER,TN,4
38370,SALTILLO,TN,4
38371,SARDIS,TN,4
38372,SAVANNAH,TN,4
38374,SCOTTS HILL,TN,4
38375,SELMER,TN,4
38376,SHILOH,TN,4
38378,SPRING CREEK,TN,4
38379,SELMER,TN,4
38380,SUGAR TREE,TN,4
38381,TOONE,TN,4
38382,TRENTON,TN,4
38387,WESTPORT,TN,4
38388,WILDERSVILLE,TN,4
38389,YORKVILLE,TN,4
38390,WESTPORT,TN,4
38391,DENMARK,TN,4
38392,MEDON,TN,4
38393,CHEWALLA,TN,4
38401,COLUMBIA,TN,4
38402,COLUMBIA,TN,4
38425,CLIFTON,TN,4
38449,ARDMORE,TN,4
38450,COLLINWOOD,TN,4
38451,CULLEOKA,TN,4
38452,CYPRESS INN,TN,4
38453,ARDMORE,TN,4
38454,DUCK RIVER,TN,4
38455,ELKTON,TN,4
38456,ETHRIDGE,TN,4
38457,LEOMA,TN,4
38459,FRANKEWING,TN,4
38460,GOODSPRING,TN,4
38461,HAMPSHIRE,TN,4
38462,HOHENWALD,TN,4
38463,IRON CITY,TN,4
38464,LAWRENCEBURG,TN,4
38468,LEOMA,TN,4
38469,LORETTO,TN,4
38471,COLLINWOOD,TN,4
38472,LYNNVILLE,TN,4
38473,MINOR HILL,TN,4
38474,MOUNT PLEASANT,TN,4
38475,CLIFTON,TN,4
38476,WILLIAMSPORT,TN,4
38477,PROSPECT,TN,4
38478,PULASKI,TN,4
38481,SAINT JOSEPH,TN,4
38482,SANTA FE,TN,4
38483,SUMMERTOWN,TN,4
38485,WAYNESBORO,TN,4
38486,WESTPOINT,TN,4
38487,WILLIAMSPORT,TN,4
38488,TAFT,TN,4
38501,COOKEVILLE,TN,4
38502,COOKEVILLE,TN,4
38503,BROAD ST STA,TN,4
38504,ALLARDT,TN,4
38506,ALGOOD,TN,4
38541,ALLONS,TN,4
38542,ALPINE,TN,4
38543,ALPINE,TN,4
38544,BAXTER,TN,4
38545,BLOOMINGTON SPRINGS,TN,4
38547,BRUSH CREEK,TN,4
38548,BUFFALO VALLEY,TN,4
38549,BYRDSTOWN,TN,4
38550,CAMPAIGN,TN,4
38551,CELINA,TN,4
38552,BUFFALO VALLEY,TN,4
38553,CLARKRANGE,TN,4
38554,CRAWFORD,TN,4
38555,CROSSVILLE,TN,4
38556,JAMESTOWN,TN,4
38557,CROSSVILLE,TN,4
38558,CPU FAIRFIELD GLADE,TN,4
38559,DOYLE,TN,4
38560,CHESTNUT MOUND,TN,4
38562,GAINESBORO,TN,4
38563,GORDONSVILLE,TN,4
38564,CHESTNUT MOUND,TN,4
38565,CLARKRANGE,TN,4
38567,HICKMAN,TN,4
38568,HILHAM,TN,4
38569,HICKMAN,TN,4
38570,LIVINGSTON,TN,4
38571,CROSSVILLE,TN,4
38572,CROSSVILLE,TN,4
38573,MONROE,TN,4
38574,MONTEREY,TN,4
38575,MOSS,TN,4
38577,PALL MALL,TN,4
38578,PLEASANT HILL,TN,4
38579,WALLING,TN,4
38580,RICKMAN,TN,4
38581,ROCK ISLAND,TN,4
38582,SILVER POINT,TN,4
38583,SPARTA,TN,4
38585,SPENCER,TN,4
38587,WALLING,TN,4
38588,GAINESBORO,TN,4
38589,LIVINGSTON,TN,4
38601,ABBEVILLE,MS,4
38602,ARKABUTLA,MS,4
38603,ASHLAND,MS,4
38606,BATESVILLE,MS,4
38610,BLUE MOUNTAIN,MS,4
38611,BYHALIA,MS,4
38614,CLARKSDALE,MS,4
38617,COAHOMA,MS,4
38618,COLDWATER,MS,4
38619,COMO,MS,4
38620,COURTLAND,MS,4
38621,CRENSHAW,MS,4
38622,CROWDER,MS,4
38623,DARLING,MS,4
38625,DUMAS,MS,4
38626,DUNDEE,MS,4
38627,ETTA,MS,4
38629,FALKNER,MS,4
38631,FRIARS POINT,MS,4
38632,HERNANDO,MS,4
38633,HICKORY FLAT,MS,4
38634,IDA B WELLS,MS,4
38635,HOLLY SPRINGS,MS,4
38637,HORN LAKE,MS,4
38638,INDEPENDENCE,MS,4
38639,JONESTOWN,MS,4
38641,LAKE CORMORANT,MS,4
38642,LAMAR,MS,4
38643,LAMBERT,MS,4
38644,DUNDEE,MS,4
38645,CLARKSDALE,MS,4
38646,MARKS,MS,4
38647,ASHLAND,MS,4
38649,MOUNT PLEASANT,MS,4
38650,MYRTLE,MS,4
38651,NESBIT,MS,4
38652,NEW ALBANY,MS,4
38654,OLIVE BRANCH,MS,4
38655,OXFORD,MS,4
38658,POPE,MS,4
38659,POTTS CAMP,MS,4
38661,IDA B WELLS,MS,4
38663,RIPLEY,MS,4
38664,ROBINSONVILLE,MS,4
38665,SARAH,MS,4
38666,SARDIS,MS,4
38668,SENATOBIA,MS,4
38670,SLEDGE,MS,4
38671,SOUTHAVEN,MS,4
38672,SOUTHAVEN,MS,4
38673,OXFORD,MS,4
38674,FALKNER,MS,4
38676,TUNICA,MS,4
38679,VICTORIA,MS,4
38680,WALLS,MS,4
38683,WALNUT,MS,4
38685,WATERFORD,MS,4
38701,CROSSROADS,MS,4
38702,GREENVILLE,MS,4
38703,CROSSROADS,MS,4
38704,CROSSROADS,MS,4
38720,ALLIGATOR,MS,4
38721,ANGUILLA,MS,4
38722,ARCOLA,MS,4
38723,AVON,MS,4
38725,BENOIT,MS,4
38726,BEULAH,MS,4
38730,BOYLE,MS,4
38731,CHATHAM DPOBU,MS,4
38732,CLEVELAND,MS,4
38736,DODDSVILLE,MS,4
38737,DREW,MS,4
38738,DREW,MS,4
38739,DUBLIN,MS,4
38740,DUNCAN,MS,4
38744,GLEN ALLAN,MS,4
38745,GRACE,MS,4
38746,GUNNISON,MS,4
38748,HOLLANDALE,MS,4
38751,INDIANOLA,MS,4
38753,INVERNESS,MS,4
38754,ISOLA,MS,4
38756,LELAND,MS,4
38759,MERIGOLD,MS,4
38760,METCALFE,MS,4
38761,MOORHEAD,MS,4
38762,MOUND BAYOU,MS,4
38764,PACE,MS,4
38765,PANTHER BURN DPOBU,MS,4
38767,RENA LARA,MS,4
38768,ROME,MS,4
38769,ROSEDALE,MS,4
38771,RULEVILLE,MS,4
38772,SHAW,MS,4
38773,SHAW,MS,4
38774,SHELBY,MS,4
38776,STONEVILLE,MS,4
38778,SUNFLOWER,MS,4
38780,WAYSIDE,MS,4
38781,WINSTONVILLE,MS,4
38782,WINTERVILLE DPOBU,MS,4
38801,TUPELO,MS,4
38802,DOWNTOWN TUPELO,MS,4
38803,TUPELO,MS,4
38804,TUPELO,MS,4
38820,ALGOMA,MS,4
38821,AMORY,MS,4
38824,BALDWYN,MS,4
38825,BECKER,MS,4
38826,BELDEN,MS,4
38827,BELMONT,MS,4
38828,BLUE SPRINGS,MS,4
38829,BOONEVILLE,MS,4
38833,BURNSVILLE,MS,4
38834,CORINTH,MS,4
38835,CORINTH,MS,4
38838,DENNIS,MS,4
38839,DERMA,MS,4
38841,ECRU,MS,4
38843,FULTON,MS,4
38844,GATTMAN,MS,4
38846,GLEN,MS,4
38847,BELMONT,MS,4
38848,GATTMAN,MS,4
38849,GUNTOWN,MS,4
38850,HOULKA,MS,4
38851,HOUSTON,MS,4
38852,IUKA,MS,4
38855,MANTACHIE,MS,4
38856,MARIETTA,MS,4
38857,MOOREVILLE,MS,4
38858,NETTLETON,MS,4
38859,BOONEVILLE,MS,4
38860,OKOLONA,MS,4
38862,PLANTERSVILLE,MS,4
38863,PONTOTOC,MS,4
38864,PONTOTOC,MS,4
38865,RIENZI,MS,4
38866,SALTILLO,MS,4
38868,SHANNON,MS,4
38869,SHERMAN,MS,4
38870,AMORY,MS,4
38871,PONTOTOC,MS,4
38873,TISHOMINGO,MS,4
38874,TOCCOPOLA,MS,4
38876,TREMONT,MS,4
38877,VAN VLEET,MS,4
38878,VARDAMAN,MS,4
38879,VERONA,MS,4
38880,WHEELER,MS,4
38901,GRENADA,MS,4
38902,GRENADA,MS,4
38914,BIG CREEK DPOBU,MS,4
38915,BRUCE,MS,4
38916,CALHOUN CITY,MS,4
38917,CARROLLTON,MS,4
38920,CASCILLA,MS,4
38921,CHARLESTON,MS,4
38922,COFFEEVILLE,MS,4
38923,COILA,MS,4
38924,CRUGER,MS,4
38925,DUCK HILL,MS,4
38927,ENID,MS,4
38928,GLENDORA,MS,4
38929,GORE SPRINGS,MS,4
38930,LEFLORE,MS,4
38935,GREENWOOD,MS,4
38940,HOLCOMB,MS,4
38941,ITTA BENA,MS,4
38943,MC CARLEY,MS,4
38944,MINTER CITY,MS,4
38946,MORGAN CITY,MS,4
38947,NORTH CARROLLTON,MS,4
38948,OAKLAND,MS,4
38950,HOLCOMB,MS,4
38951,PITTSBORO,MS,4
38952,SCHLATER,MS,4
38953,GRENADA,MS,4
38954,SIDON,MS,4
38957,SUMNER,MS,4
38961,TILLATOBA,MS,4
38962,TIPPO,MS,4
38963,TUTWILER,MS,4
38964,TUTWILER,MS,4
38965,WATER VALLEY,MS,4
38966,WEBB,MS,4
38967,WINONA,MS,4
39038,BELZONI,MS,4
39039,BENTON,MS,4
39040,BENTONIA,MS,4
39041,BOLTON,MS,4
39042,BRANDON,MS,4
39043,BRANDON,MS,4
39044,BRAXTON,MS,4
39045,CAMDEN,MS,4
39046,CANTON,MS,4
39047,RESERVOIR,MS,4
39051,CARTHAGE,MS,4
39054,CARY,MS,4
39056,CLINTON,MS,4
39057,CONEHATTA,MS,4
39059,CRYSTAL SPRINGS,MS,4
39060,CLINTON,MS,4
39061,DELTA CITY DPOBU,MS,4
39062,D LO,MS,4
39063,DURANT,MS,4
39066,EDWARDS,MS,4
39067,ETHEL,MS,4
39069,FAYETTE,MS,4
39071,FLORA,MS,4
39073,FLORENCE,MS,4
39074,FOREST,MS,4
39077,GALLMAN,MS,4
39078,GEORGETOWN,MS,4
39079,GOODMAN,MS,4
39080,HARPERVILLE,MS,4
39082,HARRISVILLE,MS,4
39083,HAZLEHURST,MS,4
39086,HERMANVILLE,MS,4
39087,HILLSBORO,MS,4
39088,HOLLY BLUFF,MS,4
39090,KOSCIUSKO,MS,4
39092,LAKE,MS,4
39094,LENA,MS,4
39095,LEXINGTON,MS,4
39096,LORMAN,MS,4
39097,LOUISE,MS,4
39098,LUDLOW,MS,4
39108,MC COOL,MS,4
39109,MADDEN,MS,4
39110,MADISON,MS,4
39111,MAGEE,MS,4
39113,MAYERSVILLE,MS,4
39114,MENDENHALL,MS,4
39115,MIDNIGHT DPOBU,MS,4
39116,MIZE,MS,4
39117,MORTON,MS,4
39119,MOUNT OLIVE,MS,4
39120,NATCHEZ,MS,4
39121,NATCHEZ,MS,4
39122,TRACETOWN,MS,4
39130,MADISON,MS,4
39140,NEWHEBRON,MS,4
39144,PATTISON,MS,4
39145,PELAHATCHIE,MS,4
39146,PICKENS,MS,4
39148,PINEY WOODS,MS,4
39149,PINOLA,MS,4
39150,PORT GIBSON,MS,4
39151,PUCKETT,MS,4
39152,PULASKI,MS,4
39153,RALEIGH,MS,4
39154,RAYMOND,MS,4
39156,REDWOOD,MS,4
39157,RIDGELAND,MS,4
39158,RIDGELAND,MS,4
39159,ROLLING FORK,MS,4
39160,SALLIS,MS,4
39161,SANDHILL,MS,4
39162,SATARTIA,MS,4
39163,CPU SHARON,MS,4
39165,SIBLEY,MS,4
39166,SILVER CITY,MS,4
39167,STAR,MS,4
39168,TAYLORSVILLE,MS,4
39169,TCHULA,MS,4
39170,TERRY,MS,4
39171,THOMASTOWN DPOBU,MS,4
39173,TINSLEY DPOBU,MS,4
39174,TOUGALOO,MS,4
39175,UTICA,MS,4
39176,VAIDEN,MS,4
39177,VALLEY PARK,MS,4
39179,PICKENS,MS,4
39180,VICKSBURG,MS,4
39181,VICKSBURG,MS,4
39182,VICKSBURG,MS,4
39183,VICKSBURG,MS,4
39189,WALNUT GROVE,MS,4
39190,WASHINGTON,MS,4
39191,WESSON,MS,4
39192,WEST,MS,4
39193,WHITFIELD,MS,4
39194,YAZOO CITY,MS,4
39201,NORTH JACKSON,MS,4
39202,LEFLEUR,MS,4
39203,WESTLAND,MS,4
39204,SOUTHWEST,MS,4
39205,JACKSON,MS,4
39206,NORTH JACKSON,MS,4
39207,JACKSON,MS,4
39208,PEARL,MS,4
39209,WESTLAND,MS,4
39211,LEFLEUR,MS,4
39212,CANDLESTICK PARK,MS,4
39213,DELTA STATION,MS,4
39215,JACKSON,MS,4
39216,NORTH JACKSON,MS,4
39218,RICHLAND,MS,4
39225,JACKSON,MS,4
39232,FLOWOOD,MS,4
39236,LEFLEUR,MS,4
39269,CPU A H MCCOY FEDERAL BLDG,MS,4
39272,BYRAM,MS,4
39282,CANDLESTICK PARK,MS,4
39283,DELTA STATION,MS,4
39284,SOUTHWEST,MS,4
39286,NORTH JACKSON,MS,4
39288,PEARL,MS,4
39289,WESTLAND,MS,4
39296,FONDREN,MS,4
39298,FLOWOOD,MS,4
39301,MERIDIAN,MS,4
39302,MERIDIAN,MS,4
39303,NORTH MERIDIAN,MS,4
39304,WEST MERIDIAN,MS,4
39305,NORTH MERIDIAN,MS,4
39307,NORTH MERIDIAN,MS,4
39320,BAILEY,MS,4
39322,BUCKATUNNA,MS,4
39323,CHUNKY,MS,4
39324,CLARA,MS,4
39325,COLLINSVILLE,MS,4
39326,DALEVILLE,MS,4
39327,DECATUR,MS,4
39328,DE KALB,MS,4
39330,ENTERPRISE,MS,4
39332,HICKORY,MS,4
39335,LAUDERDALE,MS,4
39336,LAWRENCE,MS,4
39337,LITTLE ROCK,MS,4
39338,LOUIN,MS,4
39339,LOUISVILLE,MS,4
39341,MACON,MS,4
39342,MARION,MS,4
39345,NEWTON,MS,4
39346,NOXAPATER,MS,4
39347,PACHUTA,MS,4
39348,PAULDING,MS,4
39350,CPU CHOCTAW,MS,4
39352,PORTERVILLE,MS,4
39354,PRESTON,MS,4
39355,QUITMAN,MS,4
39356,ROSE HILL,MS,4
39358,SCOOBA,MS,4
39359,SEBASTOPOL,MS,4
39360,SHUBUTA,MS,4
39361,SHUQUALAK,MS,4
39362,STATE LINE,MS,4
39363,STONEWALL,MS,4
39364,TOOMSUBA,MS,4
39365,UNION,MS,4
39366,VOSSBURG,MS,4
39367,WAYNESBORO,MS,4
39401,HATTIESBURG MS S&DC,MS,4
39402,HATTIESBURG MS S&DC,MS,4
39403,DOWNTOWN HATTIESBURG,MS,4
39404,HATTIESBURG MS S&DC,MS,4
39421,BASSFIELD,MS,4
39422,BAY SPRINGS,MS,4
39423,BEAUMONT,MS,4
39425,BROOKLYN,MS,4
39426,CARRIERE,MS,4
39427,BASSFIELD,MS,4
39428,COLLINS,MS,4
39429,COLUMBIA,MS,4
39436,EASTABUCHIE,MS,4
39437,ELLISVILLE,MS,4
39439,HEIDELBERG,MS,4
39440,LAUREL,MS,4
39441,LAUREL,MS,4
39442,CHOCTAW,MS,4
39443,LAUREL,MS,4
39451,LEAKESVILLE,MS,4
39452,LUCEDALE,MS,4
39455,LUMBERTON,MS,4
39456,BEAUMONT,MS,4
39457,MC NEILL,MS,4
39459,MOSELLE,MS,4
39460,MOSS DPOBU,MS,4
39461,BEAUMONT,MS,4
39462,NEW AUGUSTA,MS,4
39463,NICHOLSON,MS,4
39464,OVETT,MS,4
39465,PETAL,MS,4
39466,PICAYUNE,MS,4
39470,POPLARVILLE,MS,4
39474,PRENTISS,MS,4
39475,PURVIS,MS,4
39476,RICHTON,MS,4
39477,SANDERSVILLE,MS,4
39478,SANDY HOOK,MS,4
39479,SEMINARY,MS,4
39480,SOSO,MS,4
39481,STRINGER,MS,4
39482,SUMRALL,MS,4
39483,FOXWORTH,MS,4
39501,EAST STATION,MS,4
39502,DOWNTOWN GULFPORT,MS,4
39503,GULFPORT,MS,4
39505,GULFPORT,MS,4
39506,EAST STATION,MS,4
39507,EAST STATION,MS,4
39520,BAY SAINT LOUIS,MS,4
39521,BAY SAINT LOUIS,MS,4
39525,BAY SAINT LOUIS,MS,4
39530,BILOXI,MS,4
39531,WEST BILOXI,MS,4
39532,NORTH BAY DIBERVILLE,MS,4
39533,BILOXI,MS,4
39534,KEESLER A F B,MS,4
39535,WEST BILOXI,MS,4
39540,NORTH BAY DIBERVILLE,MS,4
39552,ESCATAWPA,MS,4
39553,GAUTIER,MS,4
39555,HURLEY,MS,4
39556,KILN,MS,4
39558,BAY SAINT LOUIS,MS,4
39560,LONG BEACH,MS,4
39561,MC HENRY,MS,4
39562,MOSS POINT,MS,4
39563,MOSS POINT,MS,4
39564,OCEAN SPRINGS,MS,4
39565,VANCLEAVE,MS,4
39566,OCEAN SPRINGS,MS,4
39567,PASCAGOULA,MS,4
39568,PASCAGOULA,MS,4
39569,PASCAGOULA,MS,4
39571,PASS CHRISTIAN,MS,4
39572,BAY SAINT LOUIS,MS,4
39573,PERKINSTON,MS,4
39574,SAUCIER,MS,4
39576,BAY SAINT LOUIS,MS,4
39577,WIGGINS,MS,4
39581,PASCAGOULA,MS,4
39601,WEST BROOKHAVEN,MS,4
39602,BROOKHAVEN,MS,4
39603,WEST BROOKHAVEN,MS,4
39629,BOGUE CHITTO,MS,4
39630,BUDE,MS,4
39631,CENTREVILLE,MS,4
39633,CROSBY,MS,4
39635,FERNWOOD,MS,4
39638,GLOSTER,MS,4
39641,JAYESS,MS,4
39643,KOKOMO,MS,4
39645,LIBERTY,MS,4
39647,MC CALL CREEK,MS,4
39648,MCCOMB,MS,4
39649,MCCOMB,MS,4
39652,MAGNOLIA,MS,4
39653,MEADVILLE,MS,4
39654,MONTICELLO,MS,4
39656,OAK VALE,MS,4
39657,OSYKA,MS,4
39661,ROXIE,MS,4
39662,BOGUE CHITTO,MS,4
39663,SILVER CREEK,MS,4
39664,SMITHDALE,MS,4
39665,SONTAG,MS,4
39666,SUMMIT,MS,4
39667,TYLERTOWN,MS,4
39668,UNION CHURCH,MS,4
39669,WOODVILLE,MS,4
39701,COLUMBUS,MS,4
39702,COLUMBUS,MS,4
39703,DOWNTOWN COLUMBUS,MS,4
39704,FAIRLANE,MS,4
39705,COLUMBUS,MS,4
39730,ABERDEEN,MS,4
39735,ACKERMAN,MS,4
39736,ARTESIA,MS,4
39737,BELLEFONTAINE,MS,4
39739,BROOKSVILLE,MS,4
39740,CALEDONIA,MS,4
39741,CEDARBLUFF,MS,4
39743,CRAWFORD,MS,4
39744,EUPORA,MS,4
39745,FRENCH CAMP,MS,4
39746,HAMILTON,MS,4
39747,KILMICHAEL,MS,4
39750,MABEN,MS,4
39751,MANTEE,MS,4
39752,MATHISTON,MS,4
39753,MAYHEW DPOBU,MS,4
39755,PHEBA,MS,4
39756,PRAIRIE,MS,4
39759,STARKVILLE,MS,4
39760,STARKVILLE,MS,4
39762,MISSISSIPPI STATE,MS,4
39766,STEENS,MS,4
39767,STEWART,MS,4
39769,STURGIS,MS,4
39771,EUPORA,MS,4
39772,WEIR,MS,4
39773,WEST POINT,MS,4
39776,WOODLAND,MS,4
39813,ARLINGTON,GA,4
39815,ATTAPULGUS,GA,4
39817,BAINBRIDGE,GA,4
39818,BAINBRIDGE,GA,4
39819,BAINBRIDGE,GA,4
39823,BLAKELY,GA,4
39824,BLUFFTON,GA,4
39825,BRINSON,GA,4
39826,BRONWOOD,GA,4
39827,CAIRO,GA,4
39828,CAIRO,GA,4
39829,CALVARY,GA,4
39832,CEDAR SPRINGS,GA,4
39834,CLIMAX,GA,4
39836,BLUFFTON,GA,4
39837,COLQUITT,GA,4
39840,CUTHBERT,GA,4
39841,DAMASCUS,GA,4
39842,DAWSON,GA,4
39845,DONALSONVILLE,GA,4
39846,EDISON,GA,4
39851,FORT GAINES,GA,4
39852,FOWLSTOWN,GA,4
39854,GEORGETOWN,GA,4
39859,IRON CITY,GA,4
39861,JAKIN,GA,4
39862,LEARY,GA,4
39866,MORGAN,GA,4
39867,GEORGETOWN,GA,4
39870,NEWTON,GA,4
39877,PARROTT,GA,4
39885,SASSER,GA,4
39886,SHELLMAN,GA,4
39897,WHIGHAM,GA,4